# Blender 4.3.2
# www.blender.org
mtllib Bench.mtl
o RetopoFlow
v -5.824356 13.370144 10.999953
v -6.251841 13.042030 10.999954
v -6.271248 11.392097 10.999954
v -6.545879 12.577756 11.001360
v -5.777142 12.573457 10.999952
v -6.540561 11.862127 10.999953
v -5.774330 11.024057 10.999954
v -5.020532 13.567535 10.999953
v -5.003218 12.542658 10.999953
v -4.176107 13.359751 10.999953
v -4.201128 12.410100 10.999953
v -4.992550 11.688464 10.999953
v -4.189796 11.597308 10.999953
v -4.957568 10.765711 10.999953
v -4.207290 10.699016 10.999953
v -3.376399 12.892124 11.004637
v -3.425972 12.184074 10.999954
v -3.373789 11.521235 10.999953
v -3.267796 10.823920 10.999954
v -2.837022 12.383551 10.999953
v -2.771084 11.989181 10.999953
v -2.728325 12.259609 10.999954
v -2.614822 12.115406 10.999954
v -2.607187 11.465916 10.999953
v -2.112892 11.191258 10.999954
v -2.428959 10.833676 10.999954
v -3.823309 10.072970 10.999954
v -1.815231 9.849228 10.999953
v -3.628813 9.462334 10.999954
v -3.006423 9.418550 10.999954
v -2.231459 9.385566 10.999954
v -1.791087 8.905647 10.999954
v -2.953814 8.570333 10.999954
v -3.003790 7.675792 10.999955
v -2.240668 8.489744 10.999955
v -2.288275 7.592278 10.999955
v -1.847500 8.000160 10.999954
v -3.101856 6.755031 10.999955
v -2.331032 6.707211 10.999955
v -1.912752 7.107784 10.999955
v -3.264775 5.804975 10.999956
v -2.302469 5.822651 10.999956
v -3.936701 5.846018 10.999955
v -4.350992 4.923043 10.999956
v -3.463468 4.822008 10.999956
v -2.194371 4.817230 10.999956
v -1.677084 4.307572 10.999955
v -3.495620 8.618271 10.999954
v -3.511171 7.756637 10.999954
v -3.642313 6.834353 10.999955
v -1.922742 6.284381 10.999955
v -1.317168 4.972591 10.999956
v -1.590251 5.352646 10.999956
v -4.955964 3.886726 10.999956
v -3.707077 3.778027 10.999956
v -2.396007 3.766332 10.999956
v -1.085282 4.756687 10.999956
v -0.783077 4.584276 10.999956
v -0.244973 4.456063 10.999956
v 0.589373 4.530095 10.999956
v 1.567634 4.813196 10.999956
v 2.262360 4.998260 10.999956
v 3.323080 5.166437 10.999955
v 4.137869 5.213535 10.999955
v 5.266185 5.111694 10.999955
v 5.966359 4.817781 10.999956
v -0.829512 3.782946 10.999956
v -0.167402 3.797255 10.999956
v 0.722659 3.913766 10.999956
v 1.616448 4.084288 10.999956
v 2.331837 4.217755 10.999955
v 3.548743 4.295219 10.999955
v 4.337620 4.277350 10.999955
v 5.333054 4.270678 10.999955
v 6.415337 4.345334 10.999956
v -5.379715 2.673331 10.999956
v -3.887764 2.769855 10.999956
v -2.545559 2.841526 10.999956
v -0.831019 2.997228 10.999956
v -5.107452 1.268111 10.999956
v -3.885455 2.004729 10.999957
v -4.831584 0.788755 10.999957
v -3.649589 1.020556 10.999956
v -2.616533 2.131265 10.999956
v -2.545907 1.175898 10.999957
v -1.131742 1.340370 10.999956
v -0.695555 0.805841 10.999957
v -0.200072 0.092882 10.999956
v -1.172673 0.085689 10.999956
v -2.420301 0.753605 10.999957
v -2.209710 0.072579 10.999956
v -2.304109 0.388763 10.999957
v -3.483952 0.604464 10.999956
v -3.337611 0.044975 10.999956
v -3.364590 0.287243 10.999957
v -4.504759 0.343658 10.999957
v -4.243621 0.012940 11.000137
v -4.330233 0.099859 10.999956
v -0.773670 2.061910 10.999957
v -5.278391 1.717495 10.999956
v -0.059553 3.145250 10.999956
v 0.037019 2.521487 10.999956
v 0.827719 3.336338 10.999956
v 0.915291 2.846757 10.999956
v 1.723932 3.500652 10.999956
v 1.928995 3.061080 10.999956
v 2.434129 3.578294 10.999956
v 2.580862 3.094420 10.999956
v 4.404540 3.450541 10.999956
v 4.396936 2.771416 10.999956
v 5.389979 3.423059 10.999956
v 5.331979 2.686598 10.999956
v 6.604100 3.368118 10.999956
v 6.370352 2.477520 10.999956
v -3.795574 1.486513 10.999956
v -2.618071 1.633724 10.999957
v -1.124442 1.693977 10.999956
v 2.807517 5.092300 10.999955
v 2.929893 4.281576 10.999955
v 3.637921 3.507322 10.999956
v -5.824344 13.370234 8.999928
v 3.650129 2.820683 10.999956
v 3.270910 2.780272 10.999956
v 3.021871 3.563417 10.999956
v 3.032466 2.972860 10.999956
v 4.223641 1.801149 10.999956
v 5.047419 1.627406 10.999957
v 4.349768 2.242949 10.999956
v 5.205825 2.102044 10.999956
v 3.393975 2.519510 10.999956
v 3.342158 2.121902 10.999956
v 3.660007 2.311335 10.999956
v 3.192623 1.835581 10.999956
v 3.546559 1.925703 10.999956
v 6.106220 1.868425 10.999956
v 5.873635 1.420247 10.999956
v 3.362234 1.607353 10.999957
v 2.960562 1.567312 10.999956
v 4.037407 1.418358 10.999956
v 4.842941 1.214764 10.999957
v 5.652022 0.993890 10.999956
v 3.074250 1.288617 10.999956
v 2.588509 1.286195 10.999956
v 3.804376 1.060489 10.999957
v 4.630112 0.843805 10.999957
v 5.185748 0.130008 10.999956
v 5.224905 0.189994 10.999957
v 2.678058 0.942905 10.999956
v 3.548855 0.716521 10.999957
v 4.444767 0.540865 10.999956
v 5.295344 0.320604 10.999957
v 5.433666 0.585787 10.999956
v 2.001429 0.899534 10.999956
v 1.892449 0.074359 10.999956
v 1.001083 0.073344 10.999956
v 3.334645 0.388574 10.999957
v 3.281022 0.098546 10.999956
v 4.318715 0.306003 10.999957
v 4.267174 0.116880 10.999956
v -5.776687 11.803160 10.999954
v -2.364308 11.723139 10.999954
v -3.116209 10.134613 10.999954
v -2.300936 10.174253 10.999954
v -1.913152 10.534996 10.999954
v 1.369327 0.432559 10.999957
v 2.230955 0.551975 10.999956
v -0.348420 0.469234 10.999956
v -1.303929 0.444180 10.999957
v -1.448800 3.793806 10.999956
v -1.580442 2.924455 10.999956
v -1.665393 2.198162 10.999956
v -1.743913 1.694890 10.999956
v -1.697494 1.258572 10.999957
v -1.497072 0.836517 10.999957
v 3.026879 3.284291 10.999956
v -2.582631 2.470534 10.999956
v -0.807820 2.618870 10.999956
v 2.518334 3.300616 10.999956
v 0.882968 3.027462 10.999956
v -0.005740 2.797668 10.999956
v -5.328916 2.194126 10.999956
v 4.400786 3.115313 10.999956
v 3.644262 3.150649 10.999956
v -1.627004 2.526369 10.999956
v -3.886537 2.363222 10.999956
v 1.828200 3.277144 10.999956
v 5.362716 3.076887 10.999956
v 6.500452 2.973211 10.999956
v -6.251828 13.042120 8.999929
v -6.271235 11.392186 8.999929
v -6.545867 12.577845 9.001335
v -5.777130 12.573545 8.999928
v -6.540549 11.862215 8.999929
v -5.774318 11.024146 8.999929
v -5.020519 13.567623 8.999928
v -5.003206 12.542746 8.999928
v -4.176095 13.359840 8.999928
v -4.201115 12.410189 8.999928
v -4.992538 11.688553 8.999928
v -4.189784 11.597397 8.999928
v -4.957556 10.765799 8.999928
v -4.207277 10.699104 8.999928
v -3.376387 12.892213 9.004612
v -3.425960 12.184164 8.999929
v -3.373777 11.521324 8.999928
v -3.267784 10.824009 8.999929
v -2.837010 12.383639 8.999928
v -2.771071 11.989269 8.999928
v -2.728313 12.259699 8.999929
v -2.614810 12.115494 8.999929
v -2.607175 11.466003 8.999929
v -2.112880 11.191347 8.999929
v -2.428947 10.833765 8.999929
v -3.823297 10.073059 8.999929
v -1.815219 9.849317 8.999929
v -3.628801 9.462423 8.999929
v -3.006410 9.418640 8.999930
v -2.231447 9.385654 8.999930
v -1.791075 8.905736 8.999929
v -2.953802 8.570421 8.999930
v -3.003778 7.675880 8.999930
v -2.240655 8.489834 8.999930
v -2.288263 7.592367 8.999930
v -1.847487 8.000248 8.999929
v -3.101844 6.755120 8.999930
v -2.331020 6.707300 8.999930
v -1.912740 7.107873 8.999930
v -3.264763 5.805063 8.999931
v -2.302456 5.822740 8.999931
v -3.936689 5.846107 8.999930
v -4.350980 4.923131 8.999931
v -3.463455 4.822096 8.999931
v -2.194359 4.817318 8.999931
v -1.677072 4.307661 8.999930
v -3.495608 8.618360 8.999930
v -3.511159 7.756725 8.999930
v -3.642301 6.834442 8.999930
v -1.922729 6.284470 8.999930
v -1.317155 4.972680 8.999931
v -1.590239 5.352734 8.999931
v -4.955952 3.886815 8.999931
v -3.707065 3.778115 8.999931
v -2.395994 3.766420 8.999931
v -1.085270 4.756775 8.999931
v -0.783065 4.584364 8.999931
v -0.244961 4.456152 8.999931
v 0.589385 4.530183 8.999931
v 1.567647 4.813284 8.999931
v 2.262372 4.998348 8.999931
v 3.323092 5.166526 8.999930
v 4.137882 5.213624 8.999930
v 5.266198 5.111783 8.999930
v 5.966372 4.817870 8.999931
v -0.829499 3.783035 8.999931
v -0.167390 3.797343 8.999931
v 0.722671 3.913854 8.999931
v 1.616460 4.084376 8.999931
v 2.331849 4.217844 8.999931
v 3.548755 4.295308 8.999930
v 4.337633 4.277439 8.999930
v 5.333066 4.270766 8.999930
v 6.415349 4.345422 8.999931
v -5.379703 2.673420 8.999931
v -3.887751 2.769944 8.999931
v -2.545547 2.841614 8.999931
v -0.831007 2.997317 8.999931
v -5.107440 1.268199 8.999932
v -3.885442 2.004818 8.999932
v -4.831572 0.788844 8.999932
v -3.649577 1.020645 8.999931
v -2.616520 2.131354 8.999932
v -2.545894 1.175987 8.999932
v -1.131730 1.340458 8.999932
v -0.695543 0.805930 8.999932
v -0.200060 0.092971 8.999932
v -1.172661 0.085778 8.999932
v -2.420289 0.753694 8.999932
v -2.209698 0.072668 8.999932
v -2.304097 0.388851 8.999932
v -3.483939 0.604552 8.999931
v -3.337599 0.045063 8.999932
v -3.364577 0.287331 8.999932
v -4.504747 0.343746 8.999932
v -4.243608 0.013029 9.000113
v -4.330221 0.099947 8.999932
v -0.773657 2.061999 8.999932
v -5.278378 1.717584 8.999932
v -0.059541 3.145339 8.999931
v 0.037031 2.521575 8.999932
v 0.827731 3.336426 8.999931
v 0.915303 2.846846 8.999931
v 1.723944 3.500741 8.999931
v 1.929007 3.061168 8.999931
v 2.434142 3.578383 8.999931
v 2.580874 3.094508 8.999931
v 4.404552 3.450629 8.999931
v 4.396948 2.771505 8.999931
v 5.389991 3.423148 8.999931
v 5.331991 2.686687 8.999931
v 6.604112 3.368207 8.999931
v 6.370364 2.477609 8.999931
v -3.795562 1.486601 8.999931
v -2.618059 1.633813 8.999932
v -1.124430 1.694066 8.999932
v 2.807529 5.092389 8.999930
v 2.929906 4.281664 8.999930
v 3.637933 3.507411 8.999931
v 3.650141 2.820772 8.999931
v 3.270922 2.780361 8.999931
v 3.021883 3.563505 8.999931
v 3.032478 2.972948 8.999932
v 4.223653 1.801237 8.999931
v 5.047431 1.627495 8.999932
v 4.349781 2.243038 8.999931
v 5.205837 2.102133 8.999932
v 3.393987 2.519598 8.999932
v 3.342171 2.121991 8.999932
v 3.660019 2.311424 8.999931
v 3.192636 1.835669 8.999931
v 3.546571 1.925792 8.999931
v 6.106232 1.868514 8.999931
v 5.873647 1.420336 8.999931
v 3.362246 1.607442 8.999932
v 2.960575 1.567401 8.999931
v 4.037419 1.418447 8.999931
v 4.842954 1.214852 8.999932
v 5.652034 0.993979 8.999931
v 3.074262 1.288706 8.999932
v 2.588521 1.286284 8.999932
v 3.804388 1.060578 8.999932
v 4.630125 0.843894 8.999932
v 5.185760 0.130097 8.999932
v 5.224916 0.190083 8.999932
v 2.678071 0.942994 8.999932
v 3.548867 0.716610 8.999932
v 4.444779 0.540954 8.999932
v 5.295357 0.320693 8.999932
v 5.433678 0.585876 8.999931
v 2.001441 0.899623 8.999932
v 1.892462 0.074448 8.999932
v 1.001095 0.073432 8.999932
v 3.334658 0.388663 8.999932
v 3.281034 0.098634 8.999932
v 4.318727 0.306091 8.999932
v 4.267186 0.116969 8.999932
v -5.776675 11.803249 8.999929
v -2.364295 11.723227 8.999929
v -3.116197 10.134701 8.999929
v -2.300924 10.174342 8.999929
v -1.913140 10.535084 8.999929
v 1.369339 0.432648 8.999932
v 2.230967 0.552063 8.999932
v -0.348408 0.469323 8.999932
v -1.303917 0.444268 8.999932
v -1.448787 3.793895 8.999931
v -1.580429 2.924544 8.999932
v -1.665381 2.198250 8.999931
v -1.743900 1.694979 8.999932
v -1.697482 1.258661 8.999932
v -1.497060 0.836606 8.999932
v 3.026891 3.284379 8.999931
v -2.582619 2.470622 8.999931
v -0.807808 2.618958 8.999932
v 2.518346 3.300705 8.999931
v 0.882980 3.027551 8.999931
v -0.005728 2.797757 8.999931
v -5.328904 2.194215 8.999931
v 4.400799 3.115401 8.999931
v 3.644275 3.150737 8.999931
v -1.626992 2.526457 8.999931
v -3.886524 2.363311 8.999932
v 1.828212 3.277232 8.999931
v 5.362728 3.076975 8.999931
v 6.500464 2.973299 8.999931
v -5.824356 13.370144 -10.999954
v -6.251840 13.042030 -10.999954
v -6.271247 11.392097 -10.999954
v -6.545879 12.577756 -11.001358
v -5.777141 12.573456 -10.999952
v -6.540561 11.862127 -10.999954
v -5.774330 11.024057 -10.999952
v -5.020531 13.567535 -10.999956
v -5.003217 12.542658 -10.999952
v -4.176107 13.359751 -10.999954
v -4.201127 12.410100 -10.999952
v -4.992550 11.688463 -10.999954
v -4.189796 11.597307 -10.999954
v -4.957568 10.765711 -10.999952
v -4.207289 10.699016 -10.999952
v -3.376399 12.892124 -11.004637
v -3.425972 12.184074 -10.999956
v -3.373789 11.521235 -10.999954
v -3.267796 10.823920 -10.999952
v -2.837022 12.383551 -10.999952
v -2.771083 11.989181 -10.999956
v -2.728325 12.259609 -10.999952
v -2.614822 12.115406 -10.999956
v -2.607187 11.465916 -10.999954
v -2.112892 11.191257 -10.999954
v -2.428959 10.833676 -10.999952
v -3.823309 10.072970 -10.999954
v -1.815231 9.849228 -10.999954
v -3.628813 9.462334 -10.999954
v -3.006423 9.418550 -10.999952
v -2.231459 9.385565 -10.999956
v -1.791087 8.905647 -10.999956
v -2.953814 8.570333 -10.999954
v -3.003790 7.675792 -10.999956
v -2.240668 8.489744 -10.999954
v -2.288275 7.592278 -10.999956
v -1.847499 8.000159 -10.999954
v -3.101856 6.755032 -10.999954
v -2.331032 6.707211 -10.999954
v -1.912752 7.107784 -10.999956
v -3.264775 5.804975 -10.999956
v -2.302469 5.822651 -10.999956
v -3.936701 5.846018 -10.999956
v -4.350992 4.923043 -10.999958
v -3.463468 4.822008 -10.999958
v -2.194371 4.817230 -10.999958
v -1.677084 4.307573 -10.999956
v -3.495620 8.618271 -10.999954
v -3.511171 7.756637 -10.999956
v -3.642313 6.834353 -10.999954
v -1.922741 6.284381 -10.999958
v -1.317167 4.972591 -10.999954
v -1.590251 5.352646 -10.999954
v -4.955963 3.886726 -10.999956
v -3.707077 3.778027 -10.999956
v -2.396006 3.766332 -10.999956
v -1.085282 4.756687 -10.999958
v -0.783077 4.584276 -10.999958
v -0.244973 4.456063 -10.999956
v 0.589373 4.530095 -10.999956
v 1.567634 4.813196 -10.999958
v 2.262360 4.998260 -10.999954
v 3.323080 5.166438 -10.999954
v 4.137869 5.213536 -10.999954
v 5.266185 5.111694 -10.999954
v 5.966359 4.817781 -10.999958
v -0.829512 3.782946 -10.999956
v -0.167402 3.797255 -10.999956
v 0.722659 3.913766 -10.999956
v 1.616447 4.084288 -10.999956
v 2.331836 4.217755 -10.999956
v 3.548742 4.295219 -10.999956
v 4.337620 4.277350 -10.999956
v 5.333053 4.270678 -10.999956
v 6.415337 4.345334 -10.999956
v -5.379714 2.673331 -10.999956
v -3.887763 2.769855 -10.999956
v -2.545559 2.841526 -10.999956
v -0.831019 2.997229 -10.999958
v -5.107452 1.268111 -10.999956
v -3.885454 2.004730 -10.999958
v -4.831583 0.788756 -10.999956
v -3.649589 1.020557 -10.999956
v -2.616533 2.131266 -10.999960
v -2.545907 1.175899 -10.999956
v -1.131742 1.340370 -10.999958
v -0.695555 0.805842 -10.999956
v -0.200072 0.092883 -10.999958
v -1.172673 0.085690 -10.999958
v -2.420301 0.753606 -10.999956
v -2.209710 0.072580 -10.999958
v -2.304109 0.388763 -10.999958
v -3.483952 0.604464 -10.999956
v -3.337611 0.044976 -10.999958
v -3.364589 0.287243 -10.999958
v -4.504759 0.343658 -10.999958
v -4.243620 0.012941 -11.000139
v -4.330233 0.099860 -10.999958
v -0.773670 2.061910 -10.999958
v -5.278390 1.717496 -10.999958
v -0.059553 3.145251 -10.999958
v 0.037019 2.521487 -10.999956
v 0.827719 3.336338 -10.999958
v 0.915291 2.846758 -10.999956
v 1.723932 3.500653 -10.999958
v 1.928995 3.061080 -10.999958
v 2.434129 3.578295 -10.999954
v 2.580862 3.094420 -10.999958
v 4.404539 3.450541 -10.999958
v 4.396935 2.771416 -10.999956
v 5.389978 3.423060 -10.999958
v 5.331978 2.686599 -10.999956
v 6.604100 3.368119 -10.999954
v 6.370352 2.477521 -10.999956
v -3.795574 1.486513 -10.999958
v -2.618071 1.633724 -10.999958
v -1.124442 1.693978 -10.999958
v 2.807516 5.092301 -10.999954
v 2.929893 4.281576 -10.999956
v 3.637920 3.507323 -10.999958
v -5.824344 13.370232 -8.999928
v 3.650129 2.820684 -10.999956
v 3.270909 2.780272 -10.999956
v 3.021871 3.563417 -10.999954
v 3.032466 2.972860 -10.999958
v 4.223640 1.801149 -10.999958
v 5.047418 1.627406 -10.999958
v 4.349768 2.242950 -10.999956
v 5.205824 2.102044 -10.999958
v 3.393974 2.519510 -10.999956
v 3.342158 2.121902 -10.999958
v 3.660007 2.311335 -10.999956
v 3.192623 1.835581 -10.999958
v 3.546558 1.925703 -10.999958
v 6.106219 1.868426 -10.999958
v 5.873634 1.420248 -10.999958
v 3.362233 1.607354 -10.999958
v 2.960562 1.567313 -10.999958
v 4.037407 1.418358 -10.999958
v 4.842941 1.214764 -10.999956
v 5.652021 0.993891 -10.999956
v 3.074249 1.288617 -10.999956
v 2.588508 1.286195 -10.999956
v 3.804376 1.060489 -10.999956
v 4.630112 0.843806 -10.999956
v 5.185748 0.130009 -10.999958
v 5.224904 0.189995 -10.999958
v 2.678058 0.942906 -10.999956
v 3.548854 0.716522 -10.999960
v 4.444767 0.540866 -10.999956
v 5.295344 0.320605 -10.999958
v 5.433665 0.585788 -10.999956
v 2.001428 0.899535 -10.999956
v 1.892449 0.074360 -10.999958
v 1.001083 0.073345 -10.999958
v 3.334645 0.388575 -10.999958
v 3.281022 0.098547 -10.999958
v 4.318714 0.306004 -10.999958
v 4.267173 0.116881 -10.999958
v -5.776687 11.803160 -10.999954
v -2.364308 11.723139 -10.999954
v -3.116209 10.134613 -10.999954
v -2.300936 10.174253 -10.999954
v -1.913152 10.534996 -10.999956
v 1.369326 0.432560 -10.999958
v 2.230955 0.551975 -10.999956
v -0.348420 0.469235 -10.999958
v -1.303929 0.444180 -10.999958
v -1.448800 3.793807 -10.999956
v -1.580442 2.924456 -10.999956
v -1.665393 2.198162 -10.999956
v -1.743912 1.694890 -10.999958
v -1.697494 1.258572 -10.999956
v -1.497072 0.836518 -10.999956
v 3.026879 3.284291 -10.999958
v -2.582631 2.470534 -10.999956
v -0.807820 2.618870 -10.999956
v 2.518334 3.300617 -10.999958
v 0.882968 3.027462 -10.999958
v -0.005740 2.797668 -10.999956
v -5.328916 2.194127 -10.999956
v 4.400786 3.115313 -10.999958
v 3.644262 3.150649 -10.999958
v -1.627004 2.526369 -10.999956
v -3.886536 2.363223 -10.999956
v 1.828200 3.277144 -10.999958
v 5.362716 3.076887 -10.999958
v 6.500452 2.973211 -10.999958
v -6.251828 13.042118 -8.999929
v -6.271235 11.392186 -8.999929
v -6.545866 12.577845 -9.001335
v -5.777129 12.573545 -8.999928
v -6.540548 11.862215 -8.999928
v -5.774317 11.024146 -8.999929
v -5.020519 13.567623 -8.999929
v -5.003205 12.542746 -8.999928
v -4.176095 13.359838 -8.999928
v -4.201115 12.410189 -8.999929
v -4.992537 11.688553 -8.999928
v -4.189784 11.597397 -8.999928
v -4.957555 10.765799 -8.999929
v -4.207277 10.699104 -8.999929
v -3.376386 12.892212 -9.004614
v -3.425960 12.184164 -8.999929
v -3.373777 11.521324 -8.999928
v -3.267783 10.824009 -8.999929
v -2.837010 12.383638 -8.999929
v -2.771071 11.989269 -8.999929
v -2.728313 12.259699 -8.999929
v -2.614810 12.115494 -8.999929
v -2.607175 11.466003 -8.999929
v -2.112880 11.191347 -8.999931
v -2.428947 10.833765 -8.999929
v -3.823297 10.073059 -8.999929
v -1.815219 9.849316 -8.999929
v -3.628801 9.462423 -8.999931
v -3.006410 9.418640 -8.999929
v -2.231447 9.385654 -8.999929
v -1.791075 8.905736 -8.999929
v -2.953802 8.570421 -8.999929
v -3.003778 7.675880 -8.999929
v -2.240655 8.489834 -8.999931
v -2.288263 7.592367 -8.999929
v -1.847487 8.000248 -8.999931
v -3.101843 6.755120 -8.999931
v -2.331020 6.707300 -8.999931
v -1.912740 7.107872 -8.999931
v -3.264763 5.805063 -8.999931
v -2.302456 5.822740 -8.999931
v -3.936689 5.846107 -8.999931
v -4.350979 4.923131 -8.999931
v -3.463455 4.822096 -8.999931
v -2.194359 4.817318 -8.999931
v -1.677072 4.307661 -8.999929
v -3.495608 8.618360 -8.999929
v -3.511159 7.756725 -8.999929
v -3.642301 6.834442 -8.999931
v -1.922729 6.284470 -8.999931
v -1.317155 4.972680 -8.999931
v -1.590239 5.352735 -8.999931
v -4.955951 3.886815 -8.999933
v -3.707065 3.778116 -8.999933
v -2.395994 3.766420 -8.999933
v -1.085270 4.756775 -8.999931
v -0.783065 4.584364 -8.999931
v -0.244961 4.456152 -8.999929
v 0.589385 4.530183 -8.999929
v 1.567646 4.813285 -8.999931
v 2.262372 4.998348 -8.999931
v 3.323092 5.166526 -8.999931
v 4.137881 5.213624 -8.999931
v 5.266197 5.111783 -8.999931
v 5.966371 4.817870 -8.999931
v -0.829499 3.783035 -8.999933
v -0.167390 3.797343 -8.999933
v 0.722671 3.913855 -8.999933
v 1.616460 4.084376 -8.999931
v 2.331849 4.217844 -8.999931
v 3.548754 4.295308 -8.999929
v 4.337632 4.277439 -8.999929
v 5.333066 4.270766 -8.999929
v 6.415349 4.345423 -8.999931
v -5.379702 2.673420 -8.999931
v -3.887751 2.769944 -8.999931
v -2.545547 2.841614 -8.999929
v -0.831007 2.997317 -8.999933
v -5.107440 1.268200 -8.999931
v -3.885442 2.004818 -8.999931
v -4.831571 0.788844 -8.999933
v -3.649577 1.020646 -8.999933
v -2.616520 2.131354 -8.999933
v -2.545894 1.175987 -8.999933
v -1.131729 1.340459 -8.999933
v -0.695543 0.805931 -8.999933
v -0.200060 0.092972 -8.999931
v -1.172661 0.085779 -8.999931
v -2.420289 0.753695 -8.999933
v -2.209698 0.072669 -8.999931
v -2.304096 0.388852 -8.999931
v -3.483939 0.604553 -8.999933
v -3.337599 0.045064 -8.999931
v -3.364577 0.287332 -8.999931
v -4.504747 0.343747 -8.999931
v -4.243608 0.013030 -9.000113
v -4.330220 0.099948 -8.999931
v -0.773657 2.061999 -8.999931
v -5.278378 1.717585 -8.999931
v -0.059541 3.145339 -8.999931
v 0.037031 2.521575 -8.999933
v 0.827731 3.336426 -8.999931
v 0.915303 2.846846 -8.999929
v 1.723944 3.500741 -8.999931
v 1.929007 3.061168 -8.999931
v 2.434141 3.578383 -8.999931
v 2.580874 3.094509 -8.999931
v 4.404552 3.450629 -8.999931
v 4.396948 2.771505 -8.999931
v 5.389991 3.423148 -8.999931
v 5.331990 2.686687 -8.999931
v 6.604112 3.368207 -8.999931
v 6.370364 2.477609 -8.999931
v -3.795561 1.486602 -8.999931
v -2.618058 1.633813 -8.999931
v -1.124430 1.694066 -8.999931
v 2.807528 5.092389 -8.999931
v 2.929905 4.281664 -8.999929
v 3.637932 3.507411 -8.999931
v 3.650141 2.820772 -8.999931
v 3.270922 2.780361 -8.999931
v 3.021883 3.563506 -8.999931
v 3.032478 2.972949 -8.999933
v 4.223653 1.801238 -8.999931
v 5.047430 1.627495 -8.999931
v 4.349780 2.243038 -8.999933
v 5.205836 2.102133 -8.999931
v 3.393986 2.519599 -8.999933
v 3.342170 2.121991 -8.999931
v 3.660019 2.311424 -8.999933
v 3.192635 1.835670 -8.999931
v 3.546571 1.925792 -8.999931
v 6.106232 1.868514 -8.999931
v 5.873646 1.420336 -8.999931
v 3.362245 1.607442 -8.999933
v 2.960574 1.567401 -8.999931
v 4.037419 1.418447 -8.999933
v 4.842953 1.214853 -8.999933
v 5.652034 0.993979 -8.999933
v 3.074262 1.288706 -8.999931
v 2.588521 1.286284 -8.999931
v 3.804388 1.060578 -8.999933
v 4.630124 0.843894 -8.999933
v 5.185760 0.130098 -8.999931
v 5.224916 0.190084 -8.999933
v 2.678071 0.942995 -8.999933
v 3.548866 0.716611 -8.999933
v 4.444779 0.540955 -8.999933
v 5.295356 0.320693 -8.999931
v 5.433678 0.585876 -8.999933
v 2.001441 0.899624 -8.999933
v 1.892462 0.074449 -8.999931
v 1.001095 0.073433 -8.999931
v 3.334657 0.388664 -8.999931
v 3.281034 0.098635 -8.999931
v 4.318727 0.306092 -8.999931
v 4.267186 0.116970 -8.999931
v -5.776674 11.803249 -8.999928
v -2.364295 11.723227 -8.999928
v -3.116197 10.134701 -8.999928
v -2.300924 10.174342 -8.999928
v -1.913140 10.535084 -8.999929
v 1.369339 0.432649 -8.999931
v 2.230967 0.552064 -8.999933
v -0.348408 0.469324 -8.999931
v -1.303917 0.444269 -8.999931
v -1.448787 3.793895 -8.999933
v -1.580429 2.924544 -8.999931
v -1.665381 2.198251 -8.999933
v -1.743900 1.694979 -8.999931
v -1.697482 1.258661 -8.999931
v -1.497060 0.836607 -8.999933
v 3.026891 3.284379 -8.999931
v -2.582618 2.470623 -8.999933
v -0.807808 2.618958 -8.999933
v 2.518346 3.300705 -8.999931
v 0.882980 3.027551 -8.999931
v -0.005728 2.797757 -8.999931
v -5.328904 2.194215 -8.999933
v 4.400798 3.115401 -8.999931
v 3.644274 3.150737 -8.999931
v -1.626992 2.526458 -8.999933
v -3.886524 2.363311 -8.999933
v 1.828212 3.277233 -8.999931
v 5.362728 3.076975 -8.999931
v 6.500464 2.973300 -8.999931
vn -0.0000 -0.0000 -1.0000
vn 0.0041 0.0026 -1.0000
vn -0.0014 0.0042 -1.0000
vn -0.0041 -0.0026 1.0000
vn -0.0009 0.0009 -1.0000
vn -0.0000 -0.0000 1.0000
vn -0.0000 -0.0006 -1.0000
vn -0.0009 -0.0009 -1.0000
vn 0.0014 -0.0042 1.0000
vn 0.0009 -0.0009 1.0000
vn -0.0000 0.0006 1.0000
vn 0.0009 0.0009 1.0000
vn 0.9944 0.1054 -0.0000
vn 0.6283 0.7779 -0.0000
vn -0.0174 0.9998 -0.0000
vn -0.9819 -0.1897 -0.0000
vn -0.9041 -0.4274 -0.0000
vn 0.9441 -0.3297 -0.0000
vn -0.2318 -0.9728 -0.0000
vn -0.7249 -0.6889 -0.0000
vn -0.9418 -0.3361 -0.0000
vn -0.7238 0.6900 -0.0000
vn 0.8636 -0.5042 -0.0000
vn -0.9981 0.0622 -0.0000
vn -0.9672 0.2539 -0.0000
vn -0.9900 -0.1414 -0.0000
vn -0.4932 0.8699 -0.0000
vn -0.8873 0.4612 -0.0000
vn -0.8428 -0.5382 -0.0000
vn -0.9998 0.0206 -0.0000
vn -0.0353 0.9994 -0.0000
vn 0.9123 -0.4095 -0.0000
vn 0.8667 0.4988 -0.0000
vn -0.7858 -0.6185 -0.0000
vn 0.8448 -0.5350 -0.0000
vn -0.8121 -0.5835 -0.0000
vn 0.6028 -0.7979 -0.0000
vn 0.5952 0.8036 -0.0000
vn -0.6814 -0.7319 -0.0000
vn -0.9973 0.0729 -0.0000
vn 0.2385 -0.9711 -0.0000
vn 1.0000 0.0074 -0.0000
vn -0.6860 -0.7276 -0.0000
vn 0.2574 -0.9663 -0.0000
vn 0.1423 -0.9898 -0.0000
vn -0.3473 0.9378 -0.0000
vn -0.6961 -0.7179 -0.0000
vn -0.7518 -0.6594 -0.0000
vn -0.9303 -0.3667 -0.0000
vn 0.3016 0.9534 -0.0000
vn 0.0884 -0.9961 -0.0000
vn -0.0511 0.9987 -0.0000
vn -0.2389 -0.9710 -0.0000
vn -0.8817 0.4718 -0.0000
vn 0.7084 0.7059 -0.0000
vn -0.2069 0.9784 -0.0000
vn 0.2780 -0.9606 -0.0000
vn 0.9043 0.4268 -0.0000
vn -0.8374 0.5466 -0.0000
vn 0.5500 -0.8351 -0.0000
vn 0.9916 -0.1292 -0.0000
vn 0.0885 0.9961 -0.0000
vn 0.8864 -0.4629 -0.0000
vn 0.8524 0.5228 -0.0000
vn 0.0577 -0.9983 -0.0000
vn 0.9878 0.1559 -0.0000
vn 0.9528 0.3035 -0.0000
vn -0.0011 1.0000 -0.0000
vn 0.9998 -0.0180 -0.0000
vn -0.9175 0.3978 -0.0000
vn 0.2599 0.9656 -0.0000
vn -0.0126 0.9999 -0.0000
vn -0.0186 0.9998 -0.0000
vn -0.4955 -0.8686 -0.0000
vn 0.1700 -0.9854 -0.0000
vn -0.0143 0.9999 -0.0000
vn -0.0899 -0.9960 -0.0000
vn 0.9900 -0.1408 -0.0000
vn -0.8876 0.4606 -0.0000
vn -0.0245 0.9997 -0.0000
vn -0.8802 0.4747 -0.0000
vn -0.9999 0.0121 -0.0000
vn -0.0074 1.0000 -0.0000
vn -0.9567 -0.2912 -0.0000
vn 0.6089 -0.7933 -0.0000
vn 0.8060 0.5919 -0.0000
vn -0.8866 0.4625 -0.0000
vn -0.9997 -0.0256 -0.0000
vn -0.5048 -0.8632 -0.0000
vn 0.8131 0.5821 -0.0000
vn -0.3871 -0.9221 -0.0000
vn 0.7563 -0.6542 -0.0000
vn 0.9584 -0.2855 -0.0000
vn 0.9347 0.3555 -0.0000
vn 0.5942 -0.8043 -0.0000
vn 0.8677 0.4971 -0.0000
vn -0.7748 -0.6322 -0.0000
vn 0.6983 -0.7158 -0.0000
vn 0.0041 0.0026 1.0000
vn -0.0014 0.0042 1.0000
vn -0.0041 -0.0026 -1.0000
vn -0.0009 0.0009 1.0000
vn -0.0000 -0.0006 1.0000
vn -0.0009 -0.0009 1.0000
vn 0.0014 -0.0042 -1.0000
vn 0.0009 -0.0009 -1.0000
vn -0.0000 0.0006 -1.0000
vn 0.0009 0.0009 -1.0000
vt 0.696090 0.456152
vt 0.670702 0.446449
vt 0.675143 0.417092
vt 0.699508 0.424299
vt 0.647703 0.428860
vt 0.651973 0.407091
vt 0.624836 0.340414
vt 0.650274 0.342331
vt 0.652316 0.364295
vt 0.626262 0.361361
vt 0.486629 0.060590
vt 0.482249 0.052857
vt 0.492411 0.044082
vt 0.494862 0.053165
vt 0.632937 0.411005
vt 0.632414 0.398519
vt 0.667893 0.296765
vt 0.668767 0.323458
vt 0.649633 0.319699
vt 0.651274 0.293188
vt 0.621399 0.188129
vt 0.642202 0.173854
vt 0.641675 0.205454
vt 0.628116 0.218310
vt 0.634406 0.260285
vt 0.639148 0.233000
vt 0.662871 0.237457
vt 0.656276 0.265636
vt 0.629467 0.287937
vt 0.613918 0.299101
vt 0.619162 0.271235
vt 0.723393 0.428240
vt 0.721783 0.453132
vt 0.681545 0.178899
vt 0.671590 0.208620
vt 0.624629 0.243809
vt 0.652511 0.142038
vt 0.660718 0.113932
vt 0.702624 0.116889
vt 0.693129 0.147460
vt 0.583271 0.134397
vt 0.603862 0.136509
vt 0.599330 0.161183
vt 0.583135 0.155130
vt 0.623028 0.139235
vt 0.628125 0.156051
vt 0.480556 0.089588
vt 0.468638 0.089378
vt 0.470297 0.073542
vt 0.477745 0.081025
vt 0.611416 0.350107
vt 0.611026 0.328459
vt 0.625724 0.315685
vt 0.692271 0.212485
vt 0.679327 0.242003
vt 0.708682 0.185458
vt 0.630465 0.112780
vt 0.527186 0.036155
vt 0.507486 0.045882
vt 0.506033 0.034889
vt 0.521409 0.024489
vt 0.606941 0.112145
vt 0.640280 0.075276
vt 0.667628 0.076752
vt 0.665661 0.092177
vt 0.635903 0.090582
vt 0.555216 0.134576
vt 0.554186 0.116262
vt 0.582442 0.113759
vt 0.749269 0.119652
vt 0.731444 0.155651
vt 0.671700 0.270102
vt 0.608037 0.167696
vt 0.548593 0.024111
vt 0.533751 0.010982
vt 0.561400 0.014391
vt 0.526837 0.136416
vt 0.525756 0.117900
vt 0.704717 0.076730
vt 0.667157 0.062274
vt 0.701987 0.061715
vt 0.705505 0.093149
vt 0.704155 0.104272
vt 0.663300 0.102569
vt 0.525538 0.159212
vt 0.503277 0.162271
vt 0.504134 0.137795
vt 0.503429 0.117567
vt 0.079113 0.446449
vt 0.074673 0.417092
vt 0.097842 0.407091
vt 0.102112 0.428860
vt 0.410847 0.127855
vt 0.412352 0.101347
vt 0.442809 0.106002
vt 0.441694 0.131904
vt 0.449168 0.068759
vt 0.423161 0.061086
vt 0.429906 0.046976
vt 0.454785 0.055543
vt 0.376991 0.125995
vt 0.409675 0.154198
vt 0.389093 0.142380
vt 0.633445 0.100613
vt 0.664890 0.048692
vt 0.698455 0.048170
vt 0.553359 0.100740
vt 0.581854 0.094040
vt 0.582115 0.102771
vt 0.553664 0.106469
vt 0.731122 0.044021
vt 0.739541 0.059086
vt 0.695977 0.037871
vt 0.726650 0.035786
vt 0.696076 0.030253
vt 0.662695 0.036927
vt 0.660987 0.026757
vt 0.601728 0.031877
vt 0.631460 0.034787
vt 0.635936 0.047700
vt 0.611196 0.043656
vt 0.628772 0.023162
vt 0.621070 0.072857
vt 0.622661 0.061918
vt 0.640524 0.061564
vt 0.746248 0.075018
vt 0.749815 0.089616
vt 0.607681 0.100321
vt 0.445666 0.084968
vt 0.416993 0.078729
vt 0.749543 0.104594
vt 0.485258 0.114838
vt 0.485339 0.137467
vt 0.480886 0.068893
vt 0.475304 0.062019
vt 0.444219 0.095619
vt 0.414533 0.090715
vt 0.615079 0.371231
vt 0.385594 0.068237
vt 0.379646 0.083109
vt 0.629350 0.381657
vt 0.620824 0.388698
vt 0.614396 0.175288
vt 0.466093 0.135502
vt 0.466367 0.110721
vt 0.630044 0.406741
vt 0.627080 0.401831
vt 0.396137 0.050365
vt 0.521092 0.103475
vt 0.523384 0.110565
vt 0.444277 0.161710
vt 0.405080 0.037363
vt 0.467547 0.099634
vt 0.487208 0.096481
vt 0.500745 0.101994
vt 0.501889 0.108630
vt 0.486179 0.106162
vt 0.469730 0.163394
vt 0.470646 0.034190
vt 0.479899 0.024507
vt 0.413598 0.024994
vt 0.437840 0.034967
vt 0.462038 0.044390
vt 0.452790 0.015602
vt 0.445872 0.024283
vt 0.487808 0.015163
vt 0.457606 0.008804
vt 0.421945 0.013179
vt 0.427259 0.005488
vt 0.459934 0.003137
vt 0.490590 0.006374
vt 0.429948 0.001709
vt 0.431393 0.000000
vt 0.598579 0.019632
vt 0.486006 0.163084
vt 0.556972 0.154206
vt 0.652913 0.386331
vt 0.702474 0.397765
vt 0.726351 0.404348
vt 0.749815 0.409124
vt 0.747219 0.431340
vt 0.124980 0.340414
vt 0.123554 0.361361
vt 0.097499 0.364295
vt 0.099541 0.342331
vt 0.672443 0.343148
vt 0.681937 0.364046
vt 0.677928 0.391840
vt 0.724299 0.032756
vt 0.608771 0.082915
vt 0.374908 0.094958
vt 0.704949 0.369010
vt 0.729284 0.380175
vt 0.736308 0.444605
vt 0.743276 0.393507
vt 0.263186 0.060590
vt 0.254954 0.053165
vt 0.257404 0.044082
vt 0.267566 0.052857
vt 0.053725 0.456152
vt 0.050307 0.424299
vt 0.116878 0.411005
vt 0.117401 0.398519
vt 0.081922 0.296765
vt 0.098541 0.293188
vt 0.100183 0.319699
vt 0.081048 0.323458
vt 0.128416 0.188129
vt 0.121699 0.218310
vt 0.108140 0.205454
vt 0.107613 0.173854
vt 0.115409 0.260285
vt 0.093539 0.265636
vt 0.086945 0.237457
vt 0.110668 0.232999
vt 0.120349 0.287936
vt 0.130654 0.271235
vt 0.135897 0.299101
vt 0.028032 0.453132
vt 0.026423 0.428240
vt 0.078226 0.208620
vt 0.068270 0.178899
vt 0.125186 0.243809
vt 0.097304 0.142038
vt 0.056686 0.147460
vt 0.047192 0.116889
vt 0.089097 0.113932
vt 0.166544 0.134397
vt 0.166680 0.155130
vt 0.150486 0.161183
vt 0.145953 0.136509
vt 0.126788 0.139235
vt 0.121690 0.156051
vt 0.269260 0.089588
vt 0.272070 0.081025
vt 0.279518 0.073542
vt 0.281177 0.089378
vt 0.124091 0.315685
vt 0.138790 0.328459
vt 0.138399 0.350107
vt 0.057544 0.212485
vt 0.070488 0.242003
vt 0.041133 0.185458
vt 0.119350 0.112780
vt 0.222629 0.036155
vt 0.228407 0.024489
vt 0.243782 0.034889
vt 0.242329 0.045882
vt 0.142875 0.112145
vt 0.109535 0.075276
vt 0.113913 0.090582
vt 0.084155 0.092177
vt 0.082187 0.076752
vt 0.194599 0.134576
vt 0.167373 0.113759
vt 0.195629 0.116262
vt 0.000546 0.119652
vt 0.018371 0.155651
vt 0.078115 0.270102
vt 0.141778 0.167696
vt 0.201222 0.024111
vt 0.188415 0.014390
vt 0.216065 0.010982
vt 0.222978 0.136416
vt 0.224060 0.117900
vt 0.045099 0.076730
vt 0.047828 0.061715
vt 0.082659 0.062274
vt 0.086515 0.102569
vt 0.045660 0.104272
vt 0.044311 0.093149
vt 0.224277 0.159212
vt 0.245681 0.137795
vt 0.246538 0.162271
vt 0.246386 0.117567
vt 0.338969 0.127855
vt 0.308121 0.131904
vt 0.307006 0.106002
vt 0.337463 0.101347
vt 0.300647 0.068759
vt 0.295031 0.055543
vt 0.319910 0.046976
vt 0.326654 0.061086
vt 0.372824 0.125995
vt 0.360722 0.142380
vt 0.340140 0.154198
vt 0.116370 0.100613
vt 0.084925 0.048692
vt 0.051360 0.048170
vt 0.196456 0.100740
vt 0.196151 0.106469
vt 0.167701 0.102771
vt 0.167961 0.094040
vt 0.010274 0.059086
vt 0.018693 0.044020
vt 0.053838 0.037871
vt 0.023165 0.035786
vt 0.053740 0.030253
vt 0.088828 0.026757
vt 0.087121 0.036927
vt 0.148087 0.031877
vt 0.138620 0.043656
vt 0.113879 0.047700
vt 0.118355 0.034787
vt 0.121043 0.023162
vt 0.109291 0.061564
vt 0.127154 0.061918
vt 0.128745 0.072857
vt 0.003568 0.075018
vt 0.000000 0.089616
vt 0.142134 0.100321
vt 0.332823 0.078729
vt 0.304149 0.084968
vt 0.000272 0.104593
vt 0.264558 0.114838
vt 0.264476 0.137467
vt 0.268929 0.068893
vt 0.274511 0.062019
vt 0.335282 0.090715
vt 0.305596 0.095619
vt 0.134736 0.371231
vt 0.364221 0.068237
vt 0.370169 0.083109
vt 0.128991 0.388698
vt 0.120466 0.381657
vt 0.135419 0.175288
vt 0.283723 0.135502
vt 0.283448 0.110721
vt 0.119771 0.406741
vt 0.122735 0.401831
vt 0.353679 0.050365
vt 0.228723 0.103475
vt 0.226431 0.110565
vt 0.305538 0.161710
vt 0.344736 0.037363
vt 0.282268 0.099634
vt 0.262607 0.096481
vt 0.263636 0.106162
vt 0.247926 0.108630
vt 0.249070 0.101994
vt 0.280086 0.163394
vt 0.279169 0.034190
vt 0.269916 0.024507
vt 0.336217 0.024994
vt 0.311976 0.034967
vt 0.287777 0.044390
vt 0.297026 0.015602
vt 0.303943 0.024283
vt 0.262007 0.015163
vt 0.292210 0.008804
vt 0.327870 0.013179
vt 0.322556 0.005488
vt 0.259225 0.006374
vt 0.289881 0.003137
vt 0.318422 0.000000
vt 0.319868 0.001709
vt 0.151236 0.019632
vt 0.263809 0.163084
vt 0.192843 0.154206
vt 0.096903 0.386331
vt 0.047342 0.397765
vt 0.023464 0.404348
vt 0.002597 0.431340
vt -0.000000 0.409124
vt 0.077372 0.343148
vt 0.071888 0.391840
vt 0.067879 0.364046
vt 0.025516 0.032756
vt 0.141044 0.082915
vt 0.374908 0.094958
vt 0.020531 0.380175
vt 0.044866 0.369010
vt 0.013508 0.444605
vt 0.006539 0.393507
vt 0.812325 0.598354
vt 0.812325 0.613123
vt 0.749815 0.613120
vt 0.749815 0.598352
vt 0.937344 0.896841
vt 0.937344 0.904526
vt 0.874835 0.904526
vt 0.874835 0.896842
vt 0.937344 0.292908
vt 0.937344 0.336243
vt 0.874835 0.336243
vt 0.874835 0.292908
vt 0.874835 0.029959
vt 0.874835 0.000003
vt 0.937344 -0.000000
vt 0.937344 0.029957
vt 0.749815 0.689229
vt 0.749815 0.673304
vt 0.812325 0.673301
vt 0.812325 0.689226
vt 0.812325 0.544827
vt 0.812325 0.583506
vt 0.749815 0.583503
vt 0.749815 0.544824
vt 0.812325 0.277128
vt 0.812325 0.259864
vt 0.874834 0.259864
vt 0.874834 0.277128
vt 0.812325 0.482522
vt 0.812325 0.466063
vt 0.874834 0.466063
vt 0.874834 0.482522
vt 0.749815 0.869760
vt 0.749815 0.841588
vt 0.812325 0.841585
vt 0.812325 0.869757
vt 0.948378 0.304558
vt 0.960736 0.304558
vt 0.960736 0.367068
vt 0.948378 0.367067
vt 0.812325 0.511315
vt 0.749815 0.511313
vt 0.749815 0.787950
vt 0.749815 0.759600
vt 0.812325 0.759598
vt 0.812325 0.787947
vt 0.874835 0.058299
vt 0.874835 0.042526
vt 0.937344 0.042523
vt 0.937344 0.058296
vt 0.749815 0.730270
vt 0.749815 0.709159
vt 0.812325 0.709157
vt 0.812325 0.730267
vt 0.937344 0.779101
vt 0.937344 0.803851
vt 0.874835 0.803851
vt 0.874835 0.779101
vt 0.874835 0.106352
vt 0.874835 0.092504
vt 0.937344 0.092501
vt 0.937344 0.106349
vt 0.749815 0.661727
vt 0.812325 0.661724
vt 0.937344 0.304557
vt 0.937344 0.367067
vt 0.937350 0.527495
vt 0.937344 0.555750
vt 0.874835 0.555750
vt 0.874840 0.527495
vt 0.812325 0.481713
vt 0.749815 0.481711
vt 0.812325 0.626806
vt 0.812325 0.641217
vt 0.749815 0.641215
vt 0.749815 0.626803
vt 0.749962 0.997927
vt 0.749962 0.993627
vt 0.812471 0.993627
vt 0.812471 0.997927
vt 0.823330 0.836197
vt 0.838388 0.836153
vt 0.838388 0.898662
vt 0.823330 0.898707
vt 0.749815 0.880900
vt 0.812325 0.880897
vt 0.105055 0.912305
vt 0.114915 0.912305
vt 0.114915 0.974814
vt 0.105055 0.974814
vt 0.874835 0.969840
vt 0.874835 0.953866
vt 0.937344 0.953866
vt 0.937344 0.969839
vt 0.812325 0.249604
vt 0.812325 0.241261
vt 0.874834 0.241261
vt 0.874834 0.249604
vt 0.749815 0.815914
vt 0.812325 0.815911
vt 0.749962 0.915803
vt 0.749962 0.892199
vt 0.812471 0.892199
vt 0.812471 0.915803
vt 0.860701 0.836196
vt 0.860701 0.898705
vt 0.749962 0.989589
vt 0.749815 0.970148
vt 0.812325 0.970148
vt 0.812471 0.989589
vt 0.812325 0.351170
vt 0.812325 0.330850
vt 0.874834 0.330850
vt 0.874834 0.351170
vt 0.812325 0.382836
vt 0.812325 0.367402
vt 0.874834 0.367402
vt 0.874834 0.382836
vt 0.937344 0.830878
vt 0.874835 0.830878
vt 0.937344 0.179537
vt 0.949908 0.179537
vt 0.949908 0.242047
vt 0.937344 0.242047
vt 0.937344 0.841206
vt 0.948688 0.841207
vt 0.948688 0.903716
vt 0.937344 0.903716
vt 0.874835 0.928040
vt 0.937344 0.928040
vt 0.812325 0.302364
vt 0.874834 0.302364
vt 0.937344 0.862271
vt 0.937344 0.882587
vt 0.874835 0.882588
vt 0.874835 0.862271
vt 0.749962 0.942933
vt 0.812471 0.942933
vt 0.874835 0.119623
vt 0.937344 0.119620
vt 0.937344 0.524682
vt 0.874835 0.524683
vt 0.147601 0.912306
vt 0.155494 0.912306
vt 0.155494 0.974815
vt 0.147601 0.974816
vt 0.874835 0.134455
vt 0.874835 0.132486
vt 0.937344 0.132483
vt 0.937344 0.134452
vt 0.130792 0.912305
vt 0.130792 0.974814
vt 0.167998 0.912305
vt 0.167998 0.974815
vt 0.874835 0.904526
vt 0.937344 0.904526
vt 0.177222 0.912305
vt 0.177222 0.974815
vt 0.812325 0.330865
vt 0.812325 0.349640
vt 0.749815 0.349638
vt 0.749815 0.330862
vt 0.812325 0.407623
vt 0.874834 0.407622
vt 0.812325 0.368307
vt 0.812325 0.394375
vt 0.749815 0.394372
vt 0.749815 0.368304
vt 0.937344 0.265072
vt 0.874835 0.265072
vt 0.812325 0.421282
vt 0.749815 0.421279
vt 0.874835 0.077948
vt 0.937344 0.077945
vt 0.937344 0.590940
vt 0.937344 0.623310
vt 0.874835 0.623311
vt 0.874835 0.590940
vt 0.937344 0.367018
vt 0.874835 0.367018
vt 0.937344 0.395689
vt 0.874835 0.395689
vt 0.812325 0.442885
vt 0.874834 0.442885
vt 0.812325 0.450308
vt 0.749815 0.450305
vt 0.874835 0.128237
vt 0.937344 0.128234
vt 0.937344 0.653676
vt 0.874835 0.653676
vt 0.749962 0.880900
vt 0.812471 0.880900
vt 0.812325 0.654461
vt 0.749815 0.654458
vt 0.812325 0.661724
vt 0.749815 0.661721
vt 0.186045 0.912305
vt 0.186045 0.974814
vt 0.147601 0.912305
vt 0.147601 0.974814
vt 0.874834 0.836195
vt 0.874834 0.898705
vt 0.966323 0.179537
vt 0.966323 0.242047
vt 0.937344 0.716187
vt 0.949271 0.716186
vt 0.949271 0.778696
vt 0.937344 0.778696
vt 0.053725 0.912305
vt 0.050307 0.880451
vt 0.074673 0.873245
vt 0.079113 0.902602
vt 0.097842 0.863243
vt 0.102112 0.885012
vt 0.124980 0.796567
vt 0.123554 0.817513
vt 0.097499 0.820447
vt 0.099541 0.798483
vt 0.263186 0.516742
vt 0.254954 0.509317
vt 0.257404 0.500235
vt 0.267566 0.509009
vt 0.116878 0.867157
vt 0.117401 0.854671
vt 0.081922 0.752918
vt 0.098541 0.749340
vt 0.100183 0.775851
vt 0.081048 0.779611
vt 0.128416 0.644281
vt 0.121699 0.674462
vt 0.108140 0.661607
vt 0.107613 0.630006
vt 0.115409 0.716437
vt 0.093539 0.721789
vt 0.086945 0.693609
vt 0.110668 0.689152
vt 0.120349 0.744089
vt 0.130654 0.727387
vt 0.135897 0.755253
vt 0.028032 0.909284
vt 0.026423 0.884393
vt 0.078226 0.664772
vt 0.068270 0.635052
vt 0.125186 0.699962
vt 0.097304 0.598190
vt 0.056686 0.603612
vt 0.047192 0.573041
vt 0.089097 0.570085
vt 0.166544 0.590550
vt 0.166680 0.611282
vt 0.150486 0.617335
vt 0.145953 0.592661
vt 0.126788 0.595388
vt 0.121690 0.612203
vt 0.269260 0.545740
vt 0.272070 0.537177
vt 0.279518 0.529694
vt 0.281177 0.545530
vt 0.124091 0.771837
vt 0.138790 0.784612
vt 0.138399 0.806259
vt 0.057544 0.668638
vt 0.070488 0.698155
vt 0.041133 0.641610
vt 0.119350 0.568932
vt 0.222629 0.492307
vt 0.228407 0.480642
vt 0.243782 0.491041
vt 0.242329 0.502034
vt 0.142875 0.568298
vt 0.109535 0.531428
vt 0.113913 0.546734
vt 0.084155 0.548330
vt 0.082187 0.532904
vt 0.194599 0.590729
vt 0.167373 0.569912
vt 0.195629 0.572414
vt 0.000546 0.575804
vt 0.018371 0.611803
vt 0.078115 0.726254
vt 0.141778 0.623849
vt 0.201222 0.480263
vt 0.188415 0.470543
vt 0.216065 0.467135
vt 0.222978 0.592569
vt 0.224060 0.574052
vt 0.045099 0.532882
vt 0.047828 0.517867
vt 0.082659 0.518426
vt 0.086515 0.558721
vt 0.045660 0.560424
vt 0.044311 0.549302
vt 0.224277 0.615364
vt 0.245681 0.593948
vt 0.246538 0.618423
vt 0.246386 0.573720
vt 0.670702 0.902602
vt 0.647704 0.885012
vt 0.651973 0.863243
vt 0.675143 0.873245
vt 0.338969 0.584008
vt 0.308121 0.588056
vt 0.307006 0.562154
vt 0.337463 0.557499
vt 0.300647 0.524912
vt 0.295031 0.511696
vt 0.319910 0.503128
vt 0.326654 0.517238
vt 0.372824 0.582147
vt 0.360722 0.598532
vt 0.340140 0.610350
vt 0.116370 0.556765
vt 0.084925 0.504844
vt 0.051360 0.504323
vt 0.196456 0.556892
vt 0.196151 0.562621
vt 0.167701 0.558924
vt 0.167961 0.550193
vt 0.010274 0.515239
vt 0.018693 0.500173
vt 0.053838 0.494023
vt 0.023165 0.491938
vt 0.053740 0.486405
vt 0.088828 0.482909
vt 0.087121 0.493080
vt 0.148087 0.488029
vt 0.138620 0.499808
vt 0.113879 0.503853
vt 0.118355 0.490939
vt 0.121043 0.479314
vt 0.109291 0.517716
vt 0.127154 0.518070
vt 0.128745 0.529009
vt 0.003568 0.531171
vt 0.000000 0.545768
vt 0.142134 0.556473
vt 0.332823 0.534881
vt 0.304149 0.541120
vt 0.000272 0.560746
vt 0.264558 0.570990
vt 0.264476 0.593619
vt 0.268929 0.525046
vt 0.274511 0.518172
vt 0.335282 0.546868
vt 0.305596 0.551771
vt 0.134736 0.827384
vt 0.364221 0.524390
vt 0.370169 0.539262
vt 0.128991 0.844850
vt 0.120466 0.837810
vt 0.135419 0.631440
vt 0.283723 0.591654
vt 0.283448 0.566873
vt 0.119771 0.862894
vt 0.122735 0.857983
vt 0.353679 0.506518
vt 0.228723 0.559627
vt 0.226431 0.566718
vt 0.305538 0.617863
vt 0.344736 0.493515
vt 0.282268 0.555787
vt 0.262607 0.552633
vt 0.263636 0.562314
vt 0.247926 0.564783
vt 0.249070 0.558146
vt 0.280086 0.619546
vt 0.279169 0.490342
vt 0.269916 0.480660
vt 0.336217 0.481147
vt 0.311975 0.491119
vt 0.287777 0.500542
vt 0.297026 0.471755
vt 0.303943 0.480435
vt 0.262007 0.471315
vt 0.292210 0.464957
vt 0.327870 0.469332
vt 0.322556 0.461641
vt 0.259225 0.462527
vt 0.289881 0.459290
vt 0.318422 0.456152
vt 0.319868 0.457862
vt 0.151236 0.475784
vt 0.263809 0.619236
vt 0.192843 0.610359
vt 0.096903 0.842484
vt 0.047342 0.853917
vt 0.023464 0.860500
vt 0.002597 0.887492
vt 0.000000 0.865277
vt 0.624836 0.796567
vt 0.650275 0.798483
vt 0.652316 0.820447
vt 0.626262 0.817513
vt 0.077372 0.799300
vt 0.071888 0.847992
vt 0.067879 0.820199
vt 0.025516 0.488908
vt 0.141044 0.539067
vt 0.374908 0.551110
vt 0.020531 0.836327
vt 0.044866 0.825162
vt 0.013508 0.900757
vt 0.006539 0.849659
vt 0.486629 0.516742
vt 0.482249 0.509009
vt 0.492411 0.500235
vt 0.494862 0.509317
vt 0.696090 0.912305
vt 0.699508 0.880451
vt 0.632937 0.867157
vt 0.632414 0.854671
vt 0.667893 0.752918
vt 0.668767 0.779611
vt 0.649633 0.775851
vt 0.651274 0.749340
vt 0.621399 0.644281
vt 0.642202 0.630006
vt 0.641675 0.661607
vt 0.628116 0.674462
vt 0.634406 0.716437
vt 0.639148 0.689152
vt 0.662871 0.693609
vt 0.656276 0.721789
vt 0.629467 0.744089
vt 0.613918 0.755253
vt 0.619162 0.727387
vt 0.723393 0.884393
vt 0.721783 0.909284
vt 0.681545 0.635052
vt 0.671590 0.664772
vt 0.624629 0.699962
vt 0.652511 0.598191
vt 0.660719 0.570085
vt 0.702624 0.573041
vt 0.693129 0.603612
vt 0.583271 0.590550
vt 0.603862 0.592661
vt 0.599330 0.617335
vt 0.583135 0.611282
vt 0.623028 0.595388
vt 0.628125 0.612203
vt 0.480556 0.545740
vt 0.468638 0.545530
vt 0.470297 0.529694
vt 0.477745 0.537177
vt 0.611416 0.806259
vt 0.611026 0.784612
vt 0.625724 0.771837
vt 0.692271 0.668638
vt 0.679327 0.698155
vt 0.708682 0.641610
vt 0.630465 0.568932
vt 0.527187 0.492307
vt 0.507486 0.502034
vt 0.506033 0.491041
vt 0.521409 0.480642
vt 0.606941 0.568298
vt 0.640280 0.531428
vt 0.667628 0.532904
vt 0.665661 0.548330
vt 0.635903 0.546734
vt 0.555216 0.590729
vt 0.554186 0.572414
vt 0.582442 0.569912
vt 0.749270 0.575805
vt 0.731444 0.611803
vt 0.671701 0.726254
vt 0.608037 0.623849
vt 0.548593 0.480263
vt 0.533751 0.467135
vt 0.561401 0.470543
vt 0.526837 0.592569
vt 0.525756 0.574052
vt 0.704717 0.532882
vt 0.667157 0.518426
vt 0.701987 0.517867
vt 0.705505 0.549302
vt 0.704155 0.560425
vt 0.663300 0.558721
vt 0.525539 0.615364
vt 0.503277 0.618423
vt 0.504134 0.593948
vt 0.503429 0.573720
vt 0.410847 0.584008
vt 0.412352 0.557499
vt 0.442810 0.562154
vt 0.441695 0.588056
vt 0.449168 0.524912
vt 0.423161 0.517238
vt 0.429906 0.503128
vt 0.454785 0.511696
vt 0.376991 0.582147
vt 0.409675 0.610350
vt 0.389093 0.598532
vt 0.633445 0.556765
vt 0.664891 0.504844
vt 0.698455 0.504323
vt 0.553359 0.556892
vt 0.581854 0.550193
vt 0.582115 0.558924
vt 0.553664 0.562621
vt 0.731122 0.500173
vt 0.739541 0.515239
vt 0.695978 0.494023
vt 0.726650 0.491938
vt 0.696076 0.486405
vt 0.662695 0.493080
vt 0.660987 0.482909
vt 0.601728 0.488029
vt 0.631460 0.490939
vt 0.635936 0.503853
vt 0.611196 0.499808
vt 0.628772 0.479314
vt 0.621070 0.529009
vt 0.622661 0.518070
vt 0.640524 0.517716
vt 0.746248 0.531171
vt 0.749815 0.545768
vt 0.607681 0.556473
vt 0.445666 0.541120
vt 0.416993 0.534881
vt 0.749543 0.560746
vt 0.485258 0.570990
vt 0.485339 0.593619
vt 0.480887 0.525046
vt 0.475304 0.518172
vt 0.444220 0.551771
vt 0.414533 0.546868
vt 0.615079 0.827384
vt 0.385594 0.524390
vt 0.379646 0.539262
vt 0.629350 0.837810
vt 0.620824 0.844850
vt 0.614396 0.631440
vt 0.466093 0.591654
vt 0.466367 0.566873
vt 0.630044 0.862894
vt 0.627080 0.857983
vt 0.396137 0.506518
vt 0.521092 0.559627
vt 0.523384 0.566718
vt 0.444277 0.617863
vt 0.405080 0.493515
vt 0.467547 0.555787
vt 0.487208 0.552633
vt 0.500746 0.558146
vt 0.501889 0.564783
vt 0.486180 0.562314
vt 0.469730 0.619546
vt 0.470647 0.490342
vt 0.479899 0.480660
vt 0.413598 0.481147
vt 0.437840 0.491119
vt 0.462038 0.500542
vt 0.452790 0.471755
vt 0.445872 0.480435
vt 0.487808 0.471315
vt 0.457606 0.464957
vt 0.421946 0.469332
vt 0.427259 0.461641
vt 0.459934 0.459290
vt 0.490590 0.462527
vt 0.429948 0.457862
vt 0.431394 0.456152
vt 0.598579 0.475784
vt 0.486006 0.619236
vt 0.556972 0.610359
vt 0.652913 0.842484
vt 0.702474 0.853917
vt 0.726351 0.860500
vt 0.749815 0.865277
vt 0.747219 0.887493
vt 0.672443 0.799300
vt 0.681937 0.820199
vt 0.677928 0.847992
vt 0.724299 0.488908
vt 0.608771 0.539067
vt 0.374908 0.551110
vt 0.704949 0.825162
vt 0.729284 0.836327
vt 0.736308 0.900757
vt 0.743276 0.849659
vt 0.749815 0.267493
vt 0.812325 0.267490
vt 0.812325 0.282258
vt 0.749815 0.282261
vt 0.874835 0.771416
vt 0.937344 0.771417
vt 0.937344 0.779101
vt 0.874835 0.779101
vt 0.937344 0.237236
vt 0.874835 0.237235
vt 0.874835 0.193900
vt 0.937344 0.193901
vt 0.874834 0.731658
vt 0.812325 0.731655
vt 0.812325 0.701698
vt 0.874834 0.701701
vt 0.874834 0.510027
vt 0.812325 0.510024
vt 0.812325 0.494100
vt 0.874834 0.494103
vt 0.749815 0.213965
vt 0.812325 0.213962
vt 0.812325 0.252641
vt 0.749815 0.252644
vt 0.874834 0.035867
vt 0.812325 0.035867
vt 0.812325 0.018603
vt 0.874835 0.018603
vt 0.874835 0.241261
vt 0.812325 0.241261
vt 0.812325 0.224802
vt 0.874835 0.224802
vt 0.874834 0.690559
vt 0.812325 0.690556
vt 0.812325 0.662384
vt 0.874835 0.662387
vt 0.948377 0.304557
vt 0.948377 0.242047
vt 0.960736 0.242047
vt 0.960736 0.304556
vt 0.749815 0.180454
vt 0.812325 0.180451
vt 0.874834 0.608749
vt 0.812325 0.608746
vt 0.812325 0.580396
vt 0.874834 0.580399
vt 0.874834 0.759997
vt 0.812325 0.759995
vt 0.812325 0.744221
vt 0.874834 0.744224
vt 0.874834 0.551069
vt 0.812325 0.551066
vt 0.812325 0.529955
vt 0.874835 0.529958
vt 0.874835 0.653676
vt 0.937344 0.653676
vt 0.937344 0.678426
vt 0.874835 0.678426
vt 0.874834 0.808050
vt 0.812325 0.808047
vt 0.812325 0.794199
vt 0.874834 0.794202
vt 0.812325 0.482522
vt 0.874835 0.482525
vt 0.937344 0.304557
vt 0.937344 0.242048
vt 0.937350 0.521870
vt 0.874840 0.521870
vt 0.874835 0.493615
vt 0.937344 0.493615
vt 0.749815 0.150852
vt 0.812325 0.150849
vt 0.749815 0.295944
vt 0.812325 0.295941
vt 0.812325 0.310353
vt 0.749815 0.310356
vt 0.999854 0.117028
vt 0.937344 0.117027
vt 0.937344 0.112727
vt 0.999853 0.112728
vt 0.823330 0.961216
vt 0.823330 0.898707
vt 0.838389 0.898752
vt 0.838389 0.961261
vt 0.874834 0.701698
vt 0.812325 0.701695
vt 0.062509 0.974814
vt 0.062509 0.912305
vt 0.072369 0.912305
vt 0.072369 0.974814
vt 0.062509 0.977618
vt -0.000000 0.977618
vt -0.000000 0.961645
vt 0.062509 0.961645
vt 0.874835 0.008343
vt 0.812325 0.008343
vt 0.812325 0.000000
vt 0.874834 0.000000
vt 0.874834 0.636712
vt 0.812325 0.636710
vt 0.999854 0.034904
vt 0.937344 0.034904
vt 0.937344 0.011299
vt 0.999854 0.011299
vt 0.860701 0.898709
vt 0.860701 0.961218
vt 0.999853 0.108689
vt 0.937344 0.108689
vt 0.937491 0.089248
vt 1.000000 0.089248
vt 0.874834 0.109909
vt 0.812325 0.109908
vt 0.812325 0.089589
vt 0.874835 0.089589
vt 0.874834 0.141575
vt 0.812325 0.141575
vt 0.812325 0.126141
vt 0.874834 0.126141
vt 0.937344 0.705453
vt 0.874835 0.705453
vt 0.937344 0.179537
vt 0.937344 0.117028
vt 0.949908 0.117028
vt 0.949908 0.179537
vt 0.937344 0.778697
vt 0.948688 0.778696
vt 0.948688 0.841206
vt -0.000000 0.935818
vt 0.062509 0.935818
vt 0.874835 0.061103
vt 0.812325 0.061103
vt 0.874835 0.736846
vt 0.937344 0.736846
vt 0.937344 0.757163
vt 0.874835 0.757163
vt 0.999854 0.062033
vt 0.937344 0.062033
vt 0.874834 0.821321
vt 0.812325 0.821318
vt 0.937344 0.524683
vt 0.874835 0.524682
vt 0.186045 0.974814
vt 0.186045 0.912305
vt 0.193938 0.912305
vt 0.193938 0.974814
vt 0.874834 0.836153
vt 0.812325 0.836150
vt 0.812325 0.834181
vt 0.874834 0.834184
vt 0.088246 0.912305
vt 0.088246 0.974814
vt 0.206442 0.912306
vt 0.206442 0.974815
vt -0.000000 0.912305
vt 0.062509 0.912305
vt 0.215666 0.912306
vt 0.215666 0.974815
vt 0.749816 0.000003
vt 0.812325 -0.000000
vt 0.812325 0.018776
vt 0.749815 0.018779
vt 0.874834 0.166361
vt 0.812325 0.166361
vt 0.749816 0.037445
vt 0.812325 0.037442
vt 0.812325 0.063510
vt 0.749815 0.063513
vt 0.937344 0.265072
vt 0.874835 0.265071
vt 0.812325 0.090417
vt 0.749815 0.090420
vt 0.874834 0.779646
vt 0.812325 0.779643
vt 0.937344 0.458425
vt 0.874835 0.458425
vt 0.874835 0.426054
vt 0.937344 0.426055
vt 0.874835 0.163125
vt 0.937344 0.163126
vt 0.874835 0.134455
vt 0.937344 0.134455
vt 0.874834 0.201624
vt 0.812325 0.201624
vt 0.812325 0.119443
vt 0.749815 0.119446
vt 0.812325 0.829933
vt 0.874834 0.829935
vt 0.874835 0.395689
vt 0.937344 0.395689
vt 0.937344 0.000000
vt 0.999854 0.000000
vt 0.812325 0.323596
vt 0.749815 0.323599
vt 0.812325 0.330859
vt 0.749815 0.330862
vt 0.224489 0.912306
vt 0.224489 0.974816
vt 0.105055 0.912305
vt 0.105055 0.974814
vt 0.874835 0.898709
vt 0.874835 0.961219
vt 0.966323 0.117028
vt 0.966323 0.179537
vt 0.937344 0.716186
vt 0.937344 0.653676
vt 0.949271 0.653677
vt 0.949271 0.716186
s 0
usemtl Material
f 8/1/1 10/2/1 11/3/1 9/4/1
f 10/2/2 16/5/2 17/6/2 11/3/2
f 163/7/1 162/8/1 19/9/1 26/10/1
f 133/11/1 137/12/1 142/13/1 138/14/1
f 20/15/3 21/16/3 17/6/3 16/5/3
f 48/17/1 29/18/1 30/19/1 33/20/1
f 53/21/1 46/22/1 42/23/1 51/24/1
f 36/25/1 39/26/1 38/27/1 34/28/1
f 35/29/1 32/30/1 37/31/1 36/25/1
f 9/4/1 5/32/1 1/33/1 8/1/1
f 42/23/1 46/22/1 45/34/1 41/35/1
f 39/26/1 42/23/1 41/35/1 38/27/1
f 33/20/1 35/29/1 36/25/1 34/28/1
f 51/24/1 42/23/1 39/26/1 40/36/1
f 56/37/1 78/38/1 77/39/1 55/40/1
f 68/41/1 67/42/1 58/43/1 59/44/1
f 40/36/1 39/26/1 36/25/1 37/31/1
f 169/45/1 56/37/1 46/22/1 47/46/1
f 123/47/1 122/48/1 132/49/1 130/50/1
f 163/7/1 164/51/1 28/52/1 31/53/1
f 43/54/1 50/55/1 38/27/1 41/35/1
f 41/35/1 45/34/1 44/56/1 43/54/1
f 169/45/1 170/57/1 78/38/1 56/37/1
f 153/58/1 143/59/1 148/60/1 166/61/1
f 170/57/1 169/45/1 67/42/1 79/62/1
f 172/63/1 116/64/1 84/65/1 171/66/1
f 69/67/1 103/68/1 101/69/1 68/41/1
f 76/70/1 54/71/1 55/40/1 77/39/1
f 50/55/1 49/72/1 34/28/1 38/27/1
f 45/34/1 55/40/1 54/71/1 44/56/1
f 67/42/1 169/45/1 57/73/1 58/43/1
f 165/74/1 154/75/1 155/76/1
f 70/77/1 105/78/1 103/68/1 69/67/1
f 115/79/1 116/64/1 85/80/1 83/81/1
f 84/65/1 81/82/1 185/83/1 176/84/1
f 61/85/1 62/86/1 71/87/1 70/77/1
f 105/78/1 70/77/1 71/87/1 107/88/1
f 197/89/4 198/90/4 204/91/4 203/92/4
f 74/93/1 111/94/1 109/95/1 73/96/1
f 128/97/1 129/98/1 127/99/1 126/100/1
f 75/101/1 74/93/1 65/102/1 66/103/1
f 171/66/1 84/65/1 176/84/1 184/104/1
f 90/105/1 93/106/1 83/81/1 85/80/1
f 138/14/1 142/13/1 148/60/1 143/59/1
f 104/107/1 102/108/1 180/109/1 179/110/1
f 83/81/1 93/106/1 96/111/1 82/112/1
f 95/113/1 98/114/1 96/111/1 93/106/1
f 94/115/1 95/113/1 92/116/1 91/117/1
f 167/118/1 168/119/1 174/120/1 87/121/1
f 91/117/1 92/116/1 168/119/1 89/122/1
f 172/63/1 117/123/1 86/124/1 173/125/1
f 90/105/1 174/120/1 168/119/1 92/116/1
f 80/126/1 100/127/1 81/82/1 115/79/1
f 170/57/1 79/62/1 177/128/1 184/104/1
f 128/97/1 110/129/1 112/130/1 129/98/1
f 116/64/1 172/63/1 173/125/1 85/80/1
f 77/39/1 185/83/1 181/131/1 76/70/1
f 124/132/1 107/88/1 71/87/1 119/133/1
f 131/134/1 134/135/1 137/12/1 133/11/1
f 112/130/1 110/129/1 182/136/1 187/137/1
f 164/51/1 163/7/1 26/10/1 25/138/1
f 114/139/1 112/130/1 187/137/1 188/140/1
f 115/79/1 81/82/1 84/65/1 116/64/1
f 25/138/1 26/10/1 24/141/1 161/142/1
f 52/143/1 57/73/1 169/45/1 47/46/1
f 128/97/1 126/100/1 134/135/1 132/49/1
f 72/144/1 120/145/1 124/132/1 119/133/1
f 22/146/1 23/147/1 21/16/1 20/15/1
f 135/148/1 129/98/1 112/130/1 114/139/1
f 52/143/1 47/46/1 46/22/1 53/21/1
f 106/149/1 104/107/1 179/110/1 186/150/1
f 74/93/1 73/96/1 64/151/1 65/102/1
f 135/148/1 136/152/1 127/99/1 129/98/1
f 109/95/1 182/136/1 183/153/1 120/145/1
f 125/154/1 108/155/1 178/156/1 175/157/1
f 132/49/1 122/48/1 110/129/1 128/97/1
f 64/151/1 73/96/1 72/144/1 63/158/1
f 144/159/1 149/160/1 148/60/1 142/13/1
f 141/161/1 140/162/1 127/99/1 136/152/1
f 139/163/1 144/159/1 142/13/1 137/12/1
f 150/164/1 149/160/1 144/159/1 145/165/1
f 183/153/1 122/48/1 123/47/1 125/154/1 175/157/1
f 140/162/1 139/163/1 126/100/1 127/99/1
f 134/135/1 126/100/1 139/163/1 137/12/1
f 166/61/1 148/60/1 149/160/1 156/166/1
f 150/164/1 158/167/1 156/166/1 149/160/1
f 145/165/1 144/159/1 139/163/1 140/162/1
f 152/168/1 145/165/1 140/162/1 141/161/1
f 151/169/1 150/164/1 145/165/1 152/168/1
f 161/142/1 24/141/1 21/16/1 23/147/1
f 158/167/1 159/170/1 157/171/1 156/166/1
f 159/170/1 158/167/1 147/172/1 146/173/1
f 89/122/1 168/119/1 167/118/1 88/174/1
f 73/96/1 109/95/1 120/145/1 72/144/1
f 115/79/1 83/81/1 82/112/1 80/126/1
f 119/133/1 71/87/1 62/86/1 118/175/1
f 108/155/1 106/149/1 186/150/1 178/156/1
f 174/120/1 90/105/1 85/80/1 173/125/1
f 93/106/1 90/105/1 92/116/1 95/113/1
f 67/42/1 68/41/1 101/69/1 79/62/1
f 70/77/1 69/67/1 60/176/1 61/85/1
f 79/62/1 101/69/1 180/109/1 177/128/1
f 56/37/1 55/40/1 45/34/1 46/22/1
f 18/177/1 17/6/1 21/16/1 24/141/1
f 35/29/1 31/53/1 28/52/1 32/30/1
f 12/178/1 160/179/1 5/32/1 9/4/1
f 160/179/5 6/180/5 4/181/5 5/32/5
f 349/182/6 213/183/6 206/184/6 348/185/6
f 130/50/1 132/49/1 134/135/1 131/134/1
f 26/10/1 19/9/1 18/177/1 24/141/1
f 31/53/1 35/29/1 33/20/1 30/19/1
f 30/19/1 29/18/1 27/186/1 162/8/1
f 31/53/1 30/19/1 162/8/1 163/7/1
f 150/164/1 151/169/1 147/172/1 158/167/1
f 19/9/1 15/187/1 13/188/1 18/177/1
f 98/114/7 95/113/7 94/115/7 97/189/7
f 117/123/1 172/63/1 171/66/1 99/190/1
f 154/75/1 166/61/1 156/166/1 157/171/1
f 69/67/1 68/41/1 59/44/1 60/176/1
f 113/191/1 111/94/1 74/93/1 75/101/1
f 173/125/1 86/124/1 87/121/1 174/120/1
f 63/158/1 72/144/1 119/133/1 118/175/1
f 160/179/1 12/178/1 14/192/1 7/193/1
f 18/177/1 13/188/1 11/3/1 17/6/1
f 13/188/1 12/178/1 9/4/1 11/3/1
f 162/8/1 27/186/1 15/187/1 19/9/1
f 34/28/1 49/72/1 48/17/1 33/20/1
f 15/187/1 14/192/1 12/178/1 13/188/1
f 5/32/8 4/181/8 2/194/8 1/33/8
f 160/179/1 7/193/1 3/195/1 6/180/1
f 153/58/1 166/61/1 154/75/1 165/74/1
f 187/137/1 111/94/1 113/191/1 188/140/1
f 182/136/1 109/95/1 111/94/1 187/137/1
f 176/84/1 78/38/1 170/57/1 184/104/1
f 186/150/1 105/78/1 107/88/1 178/156/1
f 179/110/1 103/68/1 105/78/1 186/150/1
f 319/196/6 324/197/6 328/198/6 323/199/6
f 185/83/1 77/39/1 78/38/1 176/84/1
f 177/128/1 99/190/1 171/66/1 184/104/1
f 180/109/1 101/69/1 103/68/1 179/110/1
f 182/136/1 110/129/1 122/48/1 183/153/1
f 180/109/1 102/108/1 99/190/1 177/128/1
f 178/156/1 107/88/1 124/132/1 175/157/1
f 185/83/1 81/82/1 100/127/1 181/131/1
f 175/157/1 124/132/1 120/145/1 183/153/1
f 195/200/6 196/201/6 198/90/6 197/89/6
f 207/202/9 203/92/9 204/91/9 208/203/9
f 235/204/6 220/205/6 217/206/6 216/207/6
f 240/208/6 238/209/6 229/210/6 233/211/6
f 223/212/6 221/213/6 225/214/6 226/215/6
f 222/216/6 223/212/6 224/217/6 219/218/6
f 196/201/6 195/200/6 121/219/6 192/220/6
f 229/210/6 228/221/6 232/222/6 233/211/6
f 226/215/6 225/214/6 228/221/6 229/210/6
f 220/205/6 221/213/6 223/212/6 222/216/6
f 238/209/6 227/223/6 226/215/6 229/210/6
f 243/224/6 242/225/6 264/226/6 265/227/6
f 255/228/6 246/229/6 245/230/6 254/231/6
f 227/223/6 224/217/6 223/212/6 226/215/6
f 355/232/6 234/233/6 233/211/6 243/224/6
f 309/234/6 316/235/6 318/236/6 308/237/6
f 349/182/6 218/238/6 215/239/6 350/240/6
f 230/241/6 228/221/6 225/214/6 237/242/6
f 228/221/6 230/241/6 231/243/6 232/222/6
f 355/232/6 243/224/6 265/227/6 356/244/6
f 339/245/6 352/246/6 334/247/6 329/248/6
f 356/244/6 266/249/6 254/231/6 355/232/6
f 358/250/6 357/251/6 271/252/6 303/253/6
f 256/254/6 255/228/6 288/255/6 290/256/6
f 263/257/6 264/226/6 242/225/6 241/258/6
f 237/242/6 225/214/6 221/213/6 236/259/6
f 232/222/6 231/243/6 241/258/6 242/225/6
f 254/231/6 245/230/6 244/260/6 355/232/6
f 351/261/6 341/262/6 340/263/6
f 257/264/6 256/254/6 290/256/6 292/265/6
f 302/266/6 270/267/6 272/268/6 303/253/6
f 271/252/6 362/269/6 371/270/6 268/271/6
f 248/272/6 257/264/6 258/273/6 249/274/6
f 292/265/6 294/275/6 258/273/6 257/264/6
f 261/276/6 260/277/6 296/278/6 298/279/6
f 314/280/6 312/281/6 313/282/6 315/283/6
f 262/284/6 253/285/6 252/286/6 261/276/6
f 357/251/6 370/287/6 362/269/6 271/252/6
f 277/288/6 272/268/6 270/267/6 280/289/6
f 324/197/6 329/248/6 334/247/6 328/198/6
f 291/290/6 365/291/6 366/292/6 289/293/6
f 270/267/6 269/294/6 283/295/6 280/289/6
f 282/296/6 280/289/6 283/295/6 285/297/6
f 281/298/6 278/299/6 279/300/6 282/296/6
f 353/301/6 274/302/6 360/303/6 354/304/6
f 278/299/6 276/305/6 354/304/6 279/300/6
f 358/250/6 359/306/6 273/307/6 304/308/6
f 277/288/6 279/300/6 354/304/6 360/303/6
f 267/309/6 302/266/6 268/271/6 287/310/6
f 356/244/6 370/287/6 363/311/6 266/249/6
f 314/280/6 315/283/6 299/312/6 297/313/6
f 303/253/6 272/268/6 359/306/6 358/250/6
f 264/226/6 263/257/6 367/314/6 371/270/6
f 310/315/6 306/316/6 258/273/6 294/275/6
f 317/317/6 319/196/6 323/199/6 320/318/6
f 299/312/6 373/319/6 368/320/6 297/313/6
f 350/240/6 212/321/6 213/183/6 349/182/6
f 301/322/6 374/323/6 373/319/6 299/312/6
f 302/266/6 303/253/6 271/252/6 268/271/6
f 212/321/6 347/324/6 211/325/6 213/183/6
f 239/326/6 234/233/6 355/232/6 244/260/6
f 314/280/6 318/236/6 320/318/6 312/281/6
f 259/327/6 306/316/6 310/315/6 307/328/6
f 209/329/6 207/202/6 208/203/6 210/330/6
f 321/331/6 301/322/6 299/312/6 315/283/6
f 239/326/6 240/208/6 233/211/6 234/233/6
f 293/332/6 372/333/6 365/291/6 291/290/6
f 261/276/6 252/286/6 251/334/6 260/277/6
f 321/331/6 315/283/6 313/282/6 322/335/6
f 296/278/6 307/328/6 369/336/6 368/320/6
f 311/337/6 361/338/6 364/339/6 295/340/6
f 318/236/6 314/280/6 297/313/6 308/237/6
f 251/334/6 250/341/6 259/327/6 260/277/6
f 330/342/6 328/198/6 334/247/6 335/343/6
f 327/344/6 322/335/6 313/282/6 326/345/6
f 325/346/6 323/199/6 328/198/6 330/342/6
f 336/347/6 331/348/6 330/342/6 335/343/6
f 369/336/6 361/338/6 311/337/6 309/234/6 308/237/6
f 326/345/6 313/282/6 312/281/6 325/346/6
f 320/318/6 323/199/6 325/346/6 312/281/6
f 352/246/6 342/349/6 335/343/6 334/247/6
f 336/347/6 335/343/6 342/349/6 344/350/6
f 331/348/6 326/345/6 325/346/6 330/342/6
f 338/351/6 327/344/6 326/345/6 331/348/6
f 337/352/6 338/351/6 331/348/6 336/347/6
f 347/324/6 210/330/6 208/203/6 211/325/6
f 344/350/6 342/349/6 343/353/6 345/354/6
f 345/354/6 332/355/6 333/356/6 344/350/6
f 276/305/6 275/357/6 353/301/6 354/304/6
f 260/277/6 259/327/6 307/328/6 296/278/6
f 302/266/6 267/309/6 269/294/6 270/267/6
f 306/316/6 305/358/6 249/274/6 258/273/6
f 295/340/6 364/339/6 372/333/6 293/332/6
f 360/303/6 359/306/6 272/268/6 277/288/6
f 280/289/6 282/296/6 279/300/6 277/288/6
f 254/231/6 266/249/6 288/255/6 255/228/6
f 257/264/6 248/272/6 247/359/6 256/254/6
f 266/249/6 363/311/6 366/292/6 288/255/6
f 243/224/6 233/211/6 232/222/6 242/225/6
f 205/360/6 211/325/6 208/203/6 204/91/6
f 222/216/6 219/218/6 215/239/6 218/238/6
f 199/361/6 196/201/6 192/220/6 346/362/6
f 346/362/10 192/220/10 191/363/10 193/364/10
f 316/235/6 317/317/6 320/318/6 318/236/6
f 213/183/6 211/325/6 205/360/6 206/184/6
f 218/238/6 217/206/6 220/205/6 222/216/6
f 217/206/6 348/185/6 214/365/6 216/207/6
f 218/238/6 349/182/6 348/185/6 217/206/6
f 336/347/6 344/350/6 333/356/6 337/352/6
f 206/184/6 205/360/6 200/366/6 202/367/6
f 285/297/11 284/368/11 281/298/11 282/296/11
f 304/308/6 286/369/6 357/251/6 358/250/6
f 340/263/6 343/353/6 342/349/6 352/246/6
f 256/254/6 247/359/6 246/229/6 255/228/6
f 300/370/6 262/284/6 261/276/6 298/279/6
f 359/306/6 360/303/6 274/302/6 273/307/6
f 250/341/6 305/358/6 306/316/6 259/327/6
f 346/362/6 194/371/6 201/372/6 199/361/6
f 205/360/6 204/91/6 198/90/6 200/366/6
f 200/366/6 198/90/6 196/201/6 199/361/6
f 348/185/6 206/184/6 202/367/6 214/365/6
f 221/213/6 220/205/6 235/204/6 236/259/6
f 202/367/6 200/366/6 199/361/6 201/372/6
f 192/220/12 121/219/12 189/373/12 191/363/12
f 346/362/6 193/364/6 190/374/6 194/371/6
f 339/245/6 351/261/6 340/263/6 352/246/6
f 373/319/6 374/323/6 300/370/6 298/279/6
f 368/320/6 373/319/6 298/279/6 296/278/6
f 362/269/6 370/287/6 356/244/6 265/227/6
f 372/333/6 364/339/6 294/275/6 292/265/6
f 365/291/6 372/333/6 292/265/6 290/256/6
f 371/270/6 362/269/6 265/227/6 264/226/6
f 363/311/6 370/287/6 357/251/6 286/369/6
f 366/292/6 365/291/6 290/256/6 288/255/6
f 368/320/6 369/336/6 308/237/6 297/313/6
f 366/292/6 363/311/6 286/369/6 289/293/6
f 364/339/6 361/338/6 310/315/6 294/275/6
f 371/270/6 367/314/6 287/310/6 268/271/6
f 361/338/6 369/336/6 307/328/6 310/315/6
f 181/375/13 100/376/13 287/377/13 367/378/13
f 125/379/14 123/380/14 309/381/14 311/382/14
f 154/383/15 157/384/15 343/385/15 340/386/15
f 113/387/16 75/388/16 262/389/16 300/390/16
f 25/391/17 161/392/17 347/393/17 212/394/17
f 54/395/18 76/396/18 263/397/18 241/398/18
f 59/399/19 58/400/19 245/401/19 246/402/19
f 75/403/20 66/404/20 253/405/20 262/406/20
f 53/407/21 51/408/21 238/409/21 240/410/21
f 117/411/22 99/412/22 286/413/22 304/414/22
f 44/415/23 54/395/23 241/398/23 231/416/23
f 37/417/24 32/418/24 219/419/24 224/420/24
f 114/421/25 188/422/25 374/423/25 301/424/25
f 28/425/26 164/426/26 350/427/26 215/428/26
f 99/429/27 102/430/27 289/431/27 286/432/27
f 141/433/28 136/434/28 322/435/28 327/436/28
f 161/392/29 23/437/29 210/438/29 347/393/29
f 86/439/30 117/411/30 304/414/30 273/440/30
f 97/441/31 94/442/31 281/443/31 284/444/31
f 43/445/32 44/415/32 231/416/32 230/446/32
f 80/447/33 82/448/33 269/449/33 267/450/33
f 23/451/34 22/452/34 209/453/34 210/454/34
f 2/455/35 4/456/35 191/457/35 189/458/35
f 52/459/36 53/407/36 240/410/36 239/460/36
f 138/461/37 143/462/37 329/463/37 324/464/37
f 3/465/38 7/466/38 194/467/38 190/468/38
f 57/469/39 52/470/39 239/471/39 244/472/39
f 40/473/40 37/417/40 224/420/40 227/474/40
f 8/475/41 1/476/41 121/477/41 195/478/41
f 4/456/42 6/479/42 193/480/42 191/457/42
f 20/481/43 16/482/43 203/483/43 207/484/43
f 62/485/44 61/486/44 248/487/44 249/488/44
f 63/489/45 118/490/45 305/491/45 250/492/45
f 102/430/46 104/493/46 291/494/46 289/431/46
f 167/495/47 87/496/47 274/497/47 353/498/47
f 22/452/48 20/481/48 207/484/48 209/453/48
f 88/499/49 167/500/49 353/501/49 275/502/49
f 7/466/50 14/503/50 201/504/50 194/467/50
f 60/505/51 59/399/51 246/402/51 247/506/51
f 106/507/52 108/508/52 295/509/52 293/510/52
f 10/511/53 8/475/53 195/478/53 197/512/53
f 152/513/54 141/433/54 327/436/54 338/514/54
f 98/515/55 97/441/55 284/444/55 285/516/55
f 104/493/56 106/507/56 293/510/56 291/494/56
f 61/486/57 60/505/57 247/506/57 248/487/57
f 123/517/58 130/518/58 316/519/58 309/520/58
f 146/521/59 147/522/59 333/523/59 332/524/59
f 143/462/60 153/525/60 339/526/60 329/463/60
f 130/518/61 131/527/61 317/528/61 316/519/61
f 14/503/62 15/529/62 202/530/62 201/504/62
f 76/396/13 181/375/13 367/378/13 263/397/13
f 131/527/63 133/531/63 319/532/63 317/528/63
f 15/533/64 27/534/64 214/535/64 202/536/64
f 64/537/65 63/489/65 250/492/65 251/538/65
f 29/539/66 48/540/66 235/541/66 216/542/66
f 27/534/67 29/539/67 216/542/67 214/535/67
f 155/543/68 154/383/68 340/386/68 341/544/68
f 48/540/69 49/545/69 236/546/69 235/541/69
f 135/547/70 114/421/70 301/424/70 321/548/70
f 108/508/71 125/379/71 311/382/71 295/509/71
f 91/549/72 89/550/72 276/551/72 278/552/72
f 157/384/73 159/553/73 345/554/73 343/385/73
f 58/400/74 57/469/74 244/472/74 245/401/74
f 118/490/75 62/485/75 249/488/75 305/491/75
f 159/553/76 146/555/76 332/556/76 345/554/76
f 65/557/77 64/537/77 251/538/77 252/558/77
f 49/545/78 50/559/78 237/560/78 236/546/78
f 136/434/79 135/547/79 321/548/79 322/435/79
f 94/442/80 91/549/80 278/552/80 281/443/80
f 147/522/81 151/561/81 337/562/81 333/523/81
f 51/408/82 40/473/82 227/474/82 238/409/82
f 89/550/83 88/563/83 275/564/83 276/551/83
f 164/426/84 25/391/84 212/394/84 350/427/84
f 1/476/85 2/565/85 189/566/85 121/477/85
f 82/448/86 96/567/86 283/568/86 269/449/86
f 151/561/87 152/513/87 338/514/87 337/562/87
f 32/418/88 28/425/88 215/428/88 219/419/88
f 16/482/89 10/511/89 197/512/89 203/483/89
f 96/567/90 98/569/90 285/570/90 283/568/90
f 66/404/91 65/557/91 252/558/91 253/405/91
f 188/422/25 113/387/25 300/390/25 374/423/25
f 133/531/92 138/571/92 324/572/92 319/532/92
f 50/559/93 43/445/93 230/446/93 237/560/93
f 100/376/94 80/447/94 267/450/94 287/377/94
f 153/525/95 165/573/95 351/574/95 339/526/95
f 6/479/96 3/575/96 190/576/96 193/480/96
f 87/496/97 86/577/97 273/578/97 274/497/97
f 165/579/98 155/580/98 341/581/98 351/582/98
f 382/583/6 383/584/6 385/585/6 384/586/6
f 384/586/99 385/585/99 391/587/99 390/588/99
f 537/589/6 400/590/6 393/591/6 536/592/6
f 507/593/6 512/594/6 516/595/6 511/596/6
f 394/597/100 390/588/100 391/587/100 395/598/100
f 422/599/6 407/600/6 404/601/6 403/602/6
f 427/603/6 425/604/6 416/605/6 420/606/6
f 410/607/6 408/608/6 412/609/6 413/610/6
f 409/611/6 410/607/6 411/612/6 406/613/6
f 383/584/6 382/583/6 375/614/6 379/615/6
f 416/605/6 415/616/6 419/617/6 420/606/6
f 413/610/6 412/609/6 415/616/6 416/605/6
f 407/600/6 408/608/6 410/607/6 409/611/6
f 425/604/6 414/618/6 413/610/6 416/605/6
f 430/619/6 429/620/6 451/621/6 452/622/6
f 442/623/6 433/624/6 432/625/6 441/626/6
f 414/618/6 411/612/6 410/607/6 413/610/6
f 543/627/6 421/628/6 420/606/6 430/619/6
f 497/629/6 504/630/6 506/631/6 496/632/6
f 537/589/6 405/633/6 402/634/6 538/635/6
f 417/636/6 415/616/6 412/609/6 424/637/6
f 415/616/6 417/636/6 418/638/6 419/617/6
f 543/627/6 430/619/6 452/622/6 544/639/6
f 527/640/6 540/641/6 522/642/6 517/643/6
f 544/639/6 453/644/6 441/626/6 543/627/6
f 546/645/6 545/646/6 458/647/6 490/648/6
f 443/649/6 442/623/6 475/650/6 477/651/6
f 450/652/6 451/621/6 429/620/6 428/653/6
f 424/637/6 412/609/6 408/608/6 423/654/6
f 419/617/6 418/638/6 428/653/6 429/620/6
f 441/626/6 432/625/6 431/655/6 543/627/6
f 539/656/6 529/657/6 528/658/6
f 444/659/6 443/649/6 477/651/6 479/660/6
f 489/661/6 457/662/6 459/663/6 490/648/6
f 458/647/6 550/664/6 559/665/6 455/666/6
f 435/667/6 444/659/6 445/668/6 436/669/6
f 479/660/6 481/670/6 445/668/6 444/659/6
f 571/671/101 577/672/101 578/673/101 572/674/101
f 448/675/6 447/676/6 483/677/6 485/678/6
f 502/679/6 500/680/6 501/681/6 503/682/6
f 449/683/6 440/684/6 439/685/6 448/675/6
f 545/646/6 558/686/6 550/664/6 458/647/6
f 464/687/6 459/663/6 457/662/6 467/688/6
f 512/594/6 517/643/6 522/642/6 516/595/6
f 478/689/6 553/690/6 554/691/6 476/692/6
f 457/662/6 456/693/6 470/694/6 467/688/6
f 469/695/6 467/688/6 470/694/6 472/696/6
f 468/697/6 465/698/6 466/699/6 469/695/6
f 541/700/6 461/701/6 548/702/6 542/703/6
f 465/698/6 463/704/6 542/703/6 466/699/6
f 546/645/6 547/705/6 460/706/6 491/707/6
f 464/687/6 466/699/6 542/703/6 548/702/6
f 454/708/6 489/661/6 455/666/6 474/709/6
f 544/639/6 558/686/6 551/710/6 453/644/6
f 502/679/6 503/682/6 486/711/6 484/712/6
f 490/648/6 459/663/6 547/705/6 546/645/6
f 451/621/6 450/652/6 555/713/6 559/665/6
f 498/714/6 493/715/6 445/668/6 481/670/6
f 505/716/6 507/593/6 511/596/6 508/717/6
f 486/711/6 561/718/6 556/719/6 484/712/6
f 538/635/6 399/720/6 400/590/6 537/589/6
f 488/721/6 562/722/6 561/718/6 486/711/6
f 489/661/6 490/648/6 458/647/6 455/666/6
f 399/720/6 535/723/6 398/724/6 400/590/6
f 426/725/6 421/628/6 543/627/6 431/655/6
f 502/679/6 506/631/6 508/717/6 500/680/6
f 446/726/6 493/715/6 498/714/6 494/727/6
f 396/728/6 394/597/6 395/598/6 397/729/6
f 509/730/6 488/721/6 486/711/6 503/682/6
f 426/725/6 427/603/6 420/606/6 421/628/6
f 480/731/6 560/732/6 553/690/6 478/689/6
f 448/675/6 439/685/6 438/733/6 447/676/6
f 509/730/6 503/682/6 501/681/6 510/734/6
f 483/677/6 494/727/6 557/735/6 556/719/6
f 499/736/6 549/737/6 552/738/6 482/739/6
f 506/631/6 502/679/6 484/712/6 496/632/6
f 438/733/6 437/740/6 446/726/6 447/676/6
f 518/741/6 516/595/6 522/642/6 523/742/6
f 515/743/6 510/734/6 501/681/6 514/744/6
f 513/745/6 511/596/6 516/595/6 518/741/6
f 524/746/6 519/747/6 518/741/6 523/742/6
f 557/735/6 549/737/6 499/736/6 497/629/6 496/632/6
f 514/744/6 501/681/6 500/680/6 513/745/6
f 508/717/6 511/596/6 513/745/6 500/680/6
f 540/641/6 530/748/6 523/742/6 522/642/6
f 524/746/6 523/742/6 530/748/6 532/749/6
f 519/747/6 514/744/6 513/745/6 518/741/6
f 526/750/6 515/743/6 514/744/6 519/747/6
f 525/751/6 526/750/6 519/747/6 524/746/6
f 535/723/6 397/729/6 395/598/6 398/724/6
f 532/749/6 530/748/6 531/752/6 533/753/6
f 533/753/6 520/754/6 521/755/6 532/749/6
f 463/704/6 462/756/6 541/700/6 542/703/6
f 447/676/6 446/726/6 494/727/6 483/677/6
f 489/661/6 454/708/6 456/693/6 457/662/6
f 493/715/6 492/757/6 436/669/6 445/668/6
f 482/739/6 552/738/6 560/732/6 480/731/6
f 548/702/6 547/705/6 459/663/6 464/687/6
f 467/688/6 469/695/6 466/699/6 464/687/6
f 441/626/6 453/644/6 475/650/6 442/623/6
f 444/659/6 435/667/6 434/758/6 443/649/6
f 453/644/6 551/710/6 554/691/6 475/650/6
f 430/619/6 420/606/6 419/617/6 429/620/6
f 392/759/6 398/724/6 395/598/6 391/587/6
f 409/611/6 406/613/6 402/634/6 405/633/6
f 386/760/6 383/584/6 379/615/6 534/761/6
f 534/761/102 379/615/102 378/762/102 380/763/102
f 723/764/1 722/765/1 580/766/1 587/767/1
f 504/630/6 505/716/6 508/717/6 506/631/6
f 400/590/6 398/724/6 392/759/6 393/591/6
f 405/633/6 404/601/6 407/600/6 409/611/6
f 404/601/6 536/592/6 401/768/6 403/602/6
f 405/633/6 537/589/6 536/592/6 404/601/6
f 524/746/6 532/749/6 521/755/6 525/751/6
f 393/591/6 392/759/6 387/769/6 389/770/6
f 472/696/103 471/771/103 468/697/103 469/695/103
f 491/707/6 473/772/6 545/646/6 546/645/6
f 528/658/6 531/752/6 530/748/6 540/641/6
f 443/649/6 434/758/6 433/624/6 442/623/6
f 487/773/6 449/683/6 448/675/6 485/678/6
f 547/705/6 548/702/6 461/701/6 460/706/6
f 437/740/6 492/757/6 493/715/6 446/726/6
f 534/761/6 381/774/6 388/775/6 386/760/6
f 392/759/6 391/587/6 385/585/6 387/769/6
f 387/769/6 385/585/6 383/584/6 386/760/6
f 536/592/6 393/591/6 389/770/6 401/768/6
f 408/608/6 407/600/6 422/599/6 423/654/6
f 389/770/6 387/769/6 386/760/6 388/775/6
f 379/615/104 375/614/104 376/776/104 378/762/104
f 534/761/6 380/763/6 377/777/6 381/774/6
f 527/640/6 539/656/6 528/658/6 540/641/6
f 561/718/6 562/722/6 487/773/6 485/678/6
f 556/719/6 561/718/6 485/678/6 483/677/6
f 550/664/6 558/686/6 544/639/6 452/622/6
f 560/732/6 552/738/6 481/670/6 479/660/6
f 553/690/6 560/732/6 479/660/6 477/651/6
f 693/778/1 697/779/1 702/780/1 698/781/1
f 559/665/6 550/664/6 452/622/6 451/621/6
f 551/710/6 558/686/6 545/646/6 473/772/6
f 554/691/6 553/690/6 477/651/6 475/650/6
f 556/719/6 557/735/6 496/632/6 484/712/6
f 554/691/6 551/710/6 473/772/6 476/692/6
f 552/738/6 549/737/6 498/714/6 481/670/6
f 559/665/6 555/713/6 474/709/6 455/666/6
f 549/737/6 557/735/6 494/727/6 498/714/6
f 569/782/1 571/671/1 572/674/1 570/783/1
f 581/784/105 582/785/105 578/673/105 577/672/105
f 609/786/1 590/787/1 591/788/1 594/789/1
f 614/790/1 607/791/1 603/792/1 612/793/1
f 597/794/1 600/795/1 599/796/1 595/797/1
f 596/798/1 593/799/1 598/800/1 597/794/1
f 570/783/1 566/801/1 495/802/1 569/782/1
f 603/792/1 607/791/1 606/803/1 602/804/1
f 600/795/1 603/792/1 602/804/1 599/796/1
f 594/789/1 596/798/1 597/794/1 595/797/1
f 612/793/1 603/792/1 600/795/1 601/805/1
f 617/806/1 639/807/1 638/808/1 616/809/1
f 629/810/1 628/811/1 619/812/1 620/813/1
f 601/805/1 600/795/1 597/794/1 598/800/1
f 729/814/1 617/806/1 607/791/1 608/815/1
f 683/816/1 682/817/1 692/818/1 690/819/1
f 723/764/1 724/820/1 589/821/1 592/822/1
f 604/823/1 611/824/1 599/796/1 602/804/1
f 602/804/1 606/803/1 605/825/1 604/823/1
f 729/814/1 730/826/1 639/807/1 617/806/1
f 713/827/1 703/828/1 708/829/1 726/830/1
f 730/826/1 729/814/1 628/811/1 640/831/1
f 732/832/1 677/833/1 645/834/1 731/835/1
f 630/836/1 664/837/1 662/838/1 629/810/1
f 637/839/1 615/840/1 616/809/1 638/808/1
f 611/824/1 610/841/1 595/797/1 599/796/1
f 606/803/1 616/809/1 615/840/1 605/825/1
f 628/811/1 729/814/1 618/842/1 619/812/1
f 725/843/1 714/844/1 715/845/1
f 631/846/1 666/847/1 664/837/1 630/836/1
f 676/848/1 677/833/1 646/849/1 644/850/1
f 645/834/1 642/851/1 745/852/1 736/853/1
f 622/854/1 623/855/1 632/856/1 631/846/1
f 666/847/1 631/846/1 632/856/1 668/857/1
f 635/858/1 672/859/1 670/860/1 634/861/1
f 688/862/1 689/863/1 687/864/1 686/865/1
f 636/866/1 635/858/1 626/867/1 627/868/1
f 731/835/1 645/834/1 736/853/1 744/869/1
f 651/870/1 654/871/1 644/850/1 646/849/1
f 698/781/1 702/780/1 708/829/1 703/828/1
f 665/872/1 663/873/1 740/874/1 739/875/1
f 644/850/1 654/871/1 657/876/1 643/877/1
f 656/878/1 659/879/1 657/876/1 654/871/1
f 655/880/1 656/878/1 653/881/1 652/882/1
f 727/883/1 728/884/1 734/885/1 648/886/1
f 652/882/1 653/881/1 728/884/1 650/887/1
f 732/832/1 678/888/1 647/889/1 733/890/1
f 651/870/1 734/885/1 728/884/1 653/881/1
f 641/891/1 661/892/1 642/851/1 676/848/1
f 730/826/1 640/831/1 737/893/1 744/869/1
f 688/862/1 671/894/1 673/895/1 689/863/1
f 677/833/1 732/832/1 733/890/1 646/849/1
f 638/808/1 745/852/1 741/896/1 637/839/1
f 684/897/1 668/857/1 632/856/1 680/898/1
f 691/899/1 694/900/1 697/779/1 693/778/1
f 673/895/1 671/894/1 742/901/1 747/902/1
f 724/820/1 723/764/1 587/767/1 586/903/1
f 675/904/1 673/895/1 747/902/1 748/905/1
f 676/848/1 642/851/1 645/834/1 677/833/1
f 586/903/1 587/767/1 585/906/1 721/907/1
f 613/908/1 618/842/1 729/814/1 608/815/1
f 688/862/1 686/865/1 694/900/1 692/818/1
f 633/909/1 681/910/1 684/897/1 680/898/1
f 583/911/1 584/912/1 582/785/1 581/784/1
f 695/913/1 689/863/1 673/895/1 675/904/1
f 613/908/1 608/815/1 607/791/1 614/790/1
f 667/914/1 665/872/1 739/875/1 746/915/1
f 635/858/1 634/861/1 625/916/1 626/867/1
f 695/913/1 696/917/1 687/864/1 689/863/1
f 670/860/1 742/901/1 743/918/1 681/910/1
f 685/919/1 669/920/1 738/921/1 735/922/1
f 692/818/1 682/817/1 671/894/1 688/862/1
f 625/916/1 634/861/1 633/909/1 624/923/1
f 704/924/1 709/925/1 708/829/1 702/780/1
f 701/926/1 700/927/1 687/864/1 696/917/1
f 699/928/1 704/924/1 702/780/1 697/779/1
f 710/929/1 709/925/1 704/924/1 705/930/1
f 743/918/1 682/817/1 683/816/1 685/919/1 735/922/1
f 700/927/1 699/928/1 686/865/1 687/864/1
f 694/900/1 686/865/1 699/928/1 697/779/1
f 726/830/1 708/829/1 709/925/1 716/931/1
f 710/929/1 718/932/1 716/931/1 709/925/1
f 705/930/1 704/924/1 699/928/1 700/927/1
f 712/933/1 705/930/1 700/927/1 701/926/1
f 711/934/1 710/929/1 705/930/1 712/933/1
f 721/907/1 585/906/1 582/785/1 584/912/1
f 718/932/1 719/935/1 717/936/1 716/931/1
f 719/935/1 718/932/1 707/937/1 706/938/1
f 650/887/1 728/884/1 727/883/1 649/939/1
f 634/861/1 670/860/1 681/910/1 633/909/1
f 676/848/1 644/850/1 643/877/1 641/891/1
f 680/898/1 632/856/1 623/855/1 679/940/1
f 669/920/1 667/914/1 746/915/1 738/921/1
f 734/885/1 651/870/1 646/849/1 733/890/1
f 654/871/1 651/870/1 653/881/1 656/878/1
f 628/811/1 629/810/1 662/838/1 640/831/1
f 631/846/1 630/836/1 621/941/1 622/854/1
f 640/831/1 662/838/1 740/874/1 737/893/1
f 617/806/1 616/809/1 606/803/1 607/791/1
f 579/942/1 578/673/1 582/785/1 585/906/1
f 596/798/1 592/822/1 589/821/1 593/799/1
f 573/943/1 720/944/1 566/801/1 570/783/1
f 720/944/106 567/945/106 565/946/106 566/801/106
f 690/819/1 692/818/1 694/900/1 691/899/1
f 587/767/1 580/766/1 579/942/1 585/906/1
f 592/822/1 596/798/1 594/789/1 591/788/1
f 591/788/1 590/787/1 588/947/1 722/765/1
f 592/822/1 591/788/1 722/765/1 723/764/1
f 710/929/1 711/934/1 707/937/1 718/932/1
f 580/766/1 576/948/1 574/949/1 579/942/1
f 659/879/107 656/878/107 655/880/107 658/950/107
f 678/888/1 732/832/1 731/835/1 660/951/1
f 714/844/1 726/830/1 716/931/1 717/936/1
f 630/836/1 629/810/1 620/813/1 621/941/1
f 674/952/1 672/859/1 635/858/1 636/866/1
f 733/890/1 647/889/1 648/886/1 734/885/1
f 624/923/1 633/909/1 680/898/1 679/940/1
f 720/944/1 573/943/1 575/953/1 568/954/1
f 579/942/1 574/949/1 572/674/1 578/673/1
f 574/949/1 573/943/1 570/783/1 572/674/1
f 722/765/1 588/947/1 576/948/1 580/766/1
f 595/797/1 610/841/1 609/786/1 594/789/1
f 576/948/1 575/953/1 573/943/1 574/949/1
f 566/801/108 565/946/108 563/955/108 495/802/108
f 720/944/1 568/954/1 564/956/1 567/945/1
f 713/827/1 726/830/1 714/844/1 725/843/1
f 747/902/1 672/859/1 674/952/1 748/905/1
f 742/901/1 670/860/1 672/859/1 747/902/1
f 736/853/1 639/807/1 730/826/1 744/869/1
f 746/915/1 666/847/1 668/857/1 738/921/1
f 739/875/1 664/837/1 666/847/1 746/915/1
f 745/852/1 638/808/1 639/807/1 736/853/1
f 737/893/1 660/951/1 731/835/1 744/869/1
f 740/874/1 662/838/1 664/837/1 739/875/1
f 742/901/1 671/894/1 682/817/1 743/918/1
f 740/874/1 663/873/1 660/951/1 737/893/1
f 738/921/1 668/857/1 684/897/1 735/922/1
f 745/852/1 642/851/1 661/892/1 741/896/1
f 735/922/1 684/897/1 681/910/1 743/918/1
f 555/957/13 741/958/13 661/959/13 474/960/13
f 499/961/14 685/962/14 683/963/14 497/964/14
f 528/965/15 714/966/15 717/967/15 531/968/15
f 487/969/16 674/970/16 636/971/16 449/972/16
f 399/973/17 586/974/17 721/975/17 535/976/17
f 428/977/18 615/978/18 637/979/18 450/980/18
f 433/981/19 620/982/19 619/983/19 432/984/19
f 449/985/20 636/986/20 627/987/20 440/988/20
f 427/989/21 614/990/21 612/991/21 425/992/21
f 491/993/22 678/994/22 660/995/22 473/996/22
f 418/997/23 605/998/23 615/978/23 428/977/23
f 411/999/24 598/1000/24 593/1001/24 406/1002/24
f 488/1003/25 675/1004/25 748/1005/25 562/1006/25
f 402/1007/26 589/1008/26 724/1009/26 538/1010/26
f 473/1011/27 660/1012/27 663/1013/27 476/1014/27
f 515/1015/28 701/1016/28 696/1017/28 510/1018/28
f 535/976/29 721/975/29 584/1019/29 397/1020/29
f 460/1021/30 647/1022/30 678/994/30 491/993/30
f 471/1023/31 658/1024/31 655/1025/31 468/1026/31
f 417/1027/32 604/1028/32 605/998/32 418/997/32
f 454/1029/33 641/1030/33 643/1031/33 456/1032/33
f 397/1033/34 584/1034/34 583/1035/34 396/1036/34
f 376/1037/35 563/1038/35 565/1039/35 378/1040/35
f 426/1041/36 613/1042/36 614/990/36 427/989/36
f 512/1043/37 698/1044/37 703/1045/37 517/1046/37
f 377/1047/38 564/1048/38 568/1049/38 381/1050/38
f 431/1051/39 618/1052/39 613/1053/39 426/1054/39
f 414/1055/40 601/1056/40 598/1000/40 411/999/40
f 382/1057/41 569/1058/41 495/1059/41 375/1060/41
f 378/1040/42 565/1039/42 567/1061/42 380/1062/42
f 394/1063/43 581/1064/43 577/1065/43 390/1066/43
f 436/1067/44 623/1068/44 622/1069/44 435/1070/44
f 437/1071/45 624/1072/45 679/1073/45 492/1074/45
f 476/1014/46 663/1013/46 665/1075/46 478/1076/46
f 541/1077/47 727/1078/47 648/1079/47 461/1080/47
f 396/1036/48 583/1035/48 581/1064/48 394/1063/48
f 462/499/49 649/1081/49 727/1082/49 541/1083/49
f 381/1050/50 568/1049/50 575/1084/50 388/1085/50
f 434/1086/51 621/1087/51 620/982/51 433/981/51
f 480/1088/52 667/1089/52 669/1090/52 482/1091/52
f 384/1092/53 571/1093/53 569/1058/53 382/1057/53
f 526/1094/54 712/1095/54 701/1016/54 515/1015/54
f 472/1096/55 659/1097/55 658/1024/55 471/1023/55
f 478/1076/56 665/1075/56 667/1089/56 480/1088/56
f 435/1070/57 622/1069/57 621/1087/57 434/1086/57
f 497/1098/58 683/1099/58 690/1100/58 504/1101/58
f 520/1102/59 706/1103/59 707/1104/59 521/1105/59
f 517/1046/60 703/1045/60 713/1106/60 527/1107/60
f 504/1101/61 690/1100/61 691/1108/61 505/1109/61
f 388/1085/62 575/1084/62 576/1110/62 389/1111/62
f 450/980/13 637/979/13 741/958/13 555/957/13
f 505/1109/63 691/1108/63 693/1112/63 507/1113/63
f 389/1114/64 576/1115/64 588/1116/64 401/1117/64
f 438/1118/65 625/1119/65 624/1072/65 437/1071/65
f 403/1120/66 590/1121/66 609/1122/66 422/1123/66
f 401/1117/67 588/1116/67 590/1121/67 403/1120/67
f 529/1124/68 715/1125/68 714/966/68 528/965/68
f 422/1123/69 609/1122/69 610/1126/69 423/1127/69
f 509/1128/70 695/1129/70 675/1004/70 488/1003/70
f 482/1091/71 669/1090/71 685/962/71 499/961/71
f 465/1130/72 652/1131/72 650/1132/72 463/1133/72
f 531/968/73 717/967/73 719/1134/73 533/1135/73
f 432/984/74 619/983/74 618/1052/74 431/1051/74
f 492/1074/75 679/1073/75 623/1068/75 436/1067/75
f 533/1135/76 719/1134/76 706/1136/76 520/1137/76
f 439/1138/77 626/1139/77 625/1119/77 438/1118/77
f 423/1127/78 610/1126/78 611/1140/78 424/1141/78
f 510/1018/79 696/1017/79 695/1129/79 509/1128/79
f 468/1026/80 655/1025/80 652/1131/80 465/1130/80
f 521/1105/81 707/1104/81 711/1142/81 525/1143/81
f 425/992/82 612/991/82 601/1056/82 414/1055/82
f 463/1133/83 650/1132/83 649/1144/83 462/1145/83
f 538/1010/84 724/1009/84 586/974/84 399/973/84
f 375/1060/85 495/1059/85 563/1146/85 376/1147/85
f 456/1032/86 643/1031/86 657/1148/86 470/1149/86
f 525/1143/87 711/1142/87 712/1095/87 526/1094/87
f 406/1002/88 593/1001/88 589/1008/88 402/1007/88
f 390/1066/89 577/1065/89 571/1093/89 384/1092/89
f 470/1149/90 657/1148/90 659/1150/90 472/1151/90
f 440/988/91 627/987/91 626/1139/91 439/1138/91
f 562/1006/25 748/1005/25 674/970/25 487/969/25
f 507/1113/92 693/1112/92 698/1152/92 512/1153/92
f 424/1141/93 611/1140/93 604/1028/93 417/1027/93
f 474/960/94 661/959/94 641/1030/94 454/1029/94
f 527/1107/95 713/1106/95 725/1154/95 539/1155/95
f 380/1062/96 567/1061/96 564/1156/96 377/1157/96
f 461/1080/97 648/1079/97 647/1158/97 460/1159/97
f 539/1160/98 725/1161/98 715/1162/98 529/1163/98
o Cube
v -1.973068 3.187576 9.048000
v -1.973068 4.387577 9.048000
v -1.973068 3.187576 -9.048000
v -1.973068 4.387577 -9.048000
v -0.192735 3.187576 9.048000
v -0.192735 4.387577 9.048000
v -0.192735 3.187576 -9.048000
v -0.192735 4.387577 -9.048000
vn -1.0000 -0.0000 -0.0000
vn -0.0000 -0.0000 -1.0000
vn 1.0000 -0.0000 -0.0000
vn -0.0000 -0.0000 1.0000
vn -0.0000 -1.0000 -0.0000
vn -0.0000 1.0000 -0.0000
vt 0.375000 0.000000
vt 0.625000 0.000000
vt 0.625000 0.250000
vt 0.375000 0.250000
vt 0.625000 0.500000
vt 0.375000 0.500000
vt 0.625000 0.750000
vt 0.375000 0.750000
vt 0.625000 1.000000
vt 0.375000 1.000000
vt 0.125000 0.500000
vt 0.125000 0.750000
vt 0.875000 0.500000
vt 0.875000 0.750000
s 0
f 749/1164/109 750/1165/109 752/1166/109 751/1167/109
f 751/1167/110 752/1166/110 756/1168/110 755/1169/110
f 755/1169/111 756/1168/111 754/1170/111 753/1171/111
f 753/1171/112 754/1170/112 750/1172/112 749/1173/112
f 751/1174/113 755/1169/113 753/1171/113 749/1175/113
f 756/1168/114 752/1176/114 750/1177/114 754/1170/114
o Cube.001
v -2.811994 12.215578 13.084493
v -2.769145 12.235355 13.206366
v -2.794140 12.304021 13.084494
v -2.806269 12.218221 13.145349
v -2.818751 12.252522 13.084494
v -2.812657 12.253625 13.142775
v -2.781627 12.269656 13.190085
v -2.790542 12.225479 13.190084
v -2.801584 12.258736 13.174269
v -2.812194 12.284989 13.084493
v -2.790798 12.294865 13.145350
v -2.808038 12.276496 13.142775
v -2.573445 12.325678 13.206367
v -2.530597 12.345454 13.084494
v -2.598439 12.394342 13.084494
v -2.552049 12.335555 13.190084
v -2.585927 12.359982 13.190085
v -2.564902 12.367972 13.174269
v -2.548803 12.377114 13.084493
v -2.536321 12.342813 13.145350
v -2.553829 12.373083 13.142775
v -2.595097 12.385188 13.145350
v -2.573701 12.395062 13.084493
v -2.571356 12.385734 13.142775
v -2.811988 12.215582 -13.084494
v -2.794135 12.304022 -13.084494
v -2.769141 12.235357 -13.206367
v -2.818746 12.252526 -13.084493
v -2.806264 12.218224 -13.145350
v -2.812652 12.253626 -13.142775
v -2.790793 12.294867 -13.145350
v -2.812189 12.284992 -13.084493
v -2.808033 12.276499 -13.142775
v -2.790536 12.225482 -13.190084
v -2.781622 12.269658 -13.190085
v -2.801579 12.258737 -13.174269
v -2.530591 12.345458 -13.084493
v -2.573440 12.325681 -13.206366
v -2.598433 12.394345 -13.084494
v -2.536316 12.342814 -13.145349
v -2.548798 12.377117 -13.084494
v -2.553824 12.373086 -13.142775
v -2.585922 12.359983 -13.190085
v -2.552044 12.335556 -13.190084
v -2.564897 12.367975 -13.174269
v -2.573696 12.395065 -13.084493
v -2.595092 12.385189 -13.145350
v -2.571352 12.385736 -13.142775
v -2.451684 11.225268 13.084493
v -2.383846 11.176350 13.084494
v -2.408836 11.245044 13.206366
v -2.433482 11.193607 13.084494
v -2.445960 11.227910 13.145349
v -2.428448 11.197610 13.142775
v -2.387184 11.185535 13.145350
v -2.408580 11.175659 13.084493
v -2.410917 11.184989 13.142775
v -2.430232 11.235168 13.190084
v -2.396358 11.210743 13.190085
v -2.417376 11.202721 13.174269
v -2.170287 11.355143 13.084494
v -2.213135 11.335367 13.206367
v -2.188145 11.266672 13.084494
v -2.176012 11.352503 13.145350
v -2.163534 11.318200 13.084493
v -2.169620 11.317068 13.142775
v -2.200657 11.301068 13.190085
v -2.191740 11.345244 13.190084
v -2.180694 11.311957 13.174269
v -2.170087 11.285732 13.084493
v -2.191483 11.275858 13.145350
v -2.174235 11.294226 13.142775
v -2.451679 11.225272 -13.084494
v -2.408831 11.245047 -13.206367
v -2.383841 11.176353 -13.084494
v -2.445955 11.227912 -13.145350
v -2.433477 11.193612 -13.084493
v -2.428443 11.197611 -13.142775
v -2.396353 11.210744 -13.190085
v -2.430227 11.235171 -13.190084
v -2.417370 11.202722 -13.174269
v -2.408575 11.175664 -13.084493
v -2.387179 11.185538 -13.145350
v -2.410912 11.184993 -13.142775
v -2.170282 11.355146 -13.084493
v -2.188140 11.266674 -13.084494
v -2.213130 11.335371 -13.206366
v -2.163529 11.318204 -13.084494
v -2.176007 11.352504 -13.145349
v -2.169616 11.317071 -13.142775
v -2.191478 11.275860 -13.145350
v -2.170082 11.285736 -13.084493
v -2.174230 11.294229 -13.142775
v -2.191734 11.345245 -13.190084
v -2.200653 11.301068 -13.190085
v -2.180688 11.311960 -13.174269
v -2.237587 10.636827 13.084493
v -2.194739 10.656605 13.206366
v -2.219728 10.725289 13.084494
v -2.231863 10.639470 13.145349
v -2.244341 10.673763 13.084494
v -2.238253 10.674878 13.142775
v -2.207218 10.690899 13.190085
v -2.216135 10.646729 13.190084
v -2.227180 10.679989 13.174269
v -2.237786 10.706235 13.084493
v -2.216390 10.716110 13.145350
v -2.233638 10.697739 13.142775
v -1.999038 10.746928 13.206367
v -1.956190 10.766703 13.084494
v -2.024027 10.815611 13.084494
v -1.977642 10.756804 13.190084
v -2.011517 10.781223 13.190085
v -1.990499 10.789226 13.174269
v -1.974393 10.798355 13.084493
v -1.961915 10.764062 13.145350
v -1.979425 10.794336 13.142775
v -2.020689 10.806433 13.145350
v -1.999294 10.816308 13.084493
v -1.996957 10.806974 13.142775
v -2.237582 10.636831 -13.084494
v -2.219723 10.725290 -13.084494
v -2.194734 10.656607 -13.206367
v -2.244337 10.673767 -13.084493
v -2.231858 10.639472 -13.145350
v -2.238248 10.674879 -13.142775
v -2.216385 10.716113 -13.145350
v -2.237781 10.706239 -13.084493
v -2.233634 10.697742 -13.142775
v -2.216130 10.646730 -13.190084
v -2.207213 10.690899 -13.190085
v -2.227175 10.679990 -13.174269
v -1.956185 10.766707 -13.084493
v -1.999033 10.746930 -13.206366
v -2.024022 10.815614 -13.084494
v -1.961910 10.764065 -13.145349
v -1.974388 10.798360 -13.084494
v -1.979420 10.794339 -13.142775
v -2.011513 10.781224 -13.190085
v -1.977637 10.756806 -13.190084
v -1.990493 10.789228 -13.174269
v -1.999289 10.816312 -13.084493
v -2.020684 10.806435 -13.145350
v -1.996952 10.806978 -13.142775
v -2.037882 9.658310 13.084491
v -1.983564 9.591147 13.084492
v -1.990937 9.663118 13.206366
v -2.027943 9.623153 13.084493
v -2.031611 9.658952 13.145348
v -2.022007 9.625271 13.142776
v -1.984550 9.600761 13.145347
v -2.008007 9.598500 13.084491
v -2.007968 9.607915 13.142773
v -2.014379 9.660717 13.190083
v -1.987256 9.627178 13.190084
v -2.009871 9.626473 13.174271
v -1.729574 9.689890 13.084492
v -1.776520 9.685081 13.206365
v -1.769001 9.611638 13.084493
v -1.735846 9.689247 13.145348
v -1.732077 9.652434 13.084493
v -1.738332 9.653389 13.142775
v -1.772765 9.648407 13.190084
v -1.753078 9.687483 13.190083
v -1.750468 9.652186 13.174270
v -1.746551 9.623713 13.084490
v -1.770007 9.621451 13.145348
v -1.748520 9.633166 13.142773
v -2.037879 9.658312 -13.084492
v -1.990933 9.663120 -13.206365
v -1.983560 9.591149 -13.084493
v -2.031607 9.658955 -13.145348
v -2.027940 9.623155 -13.084493
v -2.022000 9.625275 -13.142775
v -1.987253 9.627183 -13.190084
v -2.014376 9.660719 -13.190083
v -2.009864 9.626477 -13.174270
v -2.008000 9.598502 -13.084490
v -1.984544 9.600763 -13.145348
v -2.007964 9.607917 -13.142773
v -1.729571 9.689892 -13.084491
v -1.768997 9.611640 -13.084492
v -1.776517 9.685083 -13.206366
v -1.732074 9.652437 -13.084493
v -1.735842 9.689250 -13.145348
v -1.738325 9.653391 -13.142776
v -1.770001 9.621453 -13.145347
v -1.746544 9.623714 -13.084491
v -1.748516 9.633168 -13.142773
v -1.753075 9.687485 -13.190083
v -1.772762 9.648411 -13.190084
v -1.750461 9.652188 -13.174271
v -1.990811 9.041698 13.084492
v -1.943684 9.044168 13.206367
v -1.947897 9.116571 13.084494
v -1.984515 9.042027 13.145350
v -1.986614 9.078074 13.084493
v -1.980411 9.076886 13.142772
v -1.945789 9.080320 13.190084
v -1.967217 9.042934 13.190085
v -1.968234 9.077555 13.174266
v -1.970860 9.105558 13.084490
v -1.947334 9.106898 13.145347
v -1.969320 9.096234 13.142772
v -1.728441 9.055449 13.206367
v -1.681314 9.057918 13.084492
v -1.732715 9.128976 13.084492
v -1.704909 9.056683 13.190084
v -1.730576 9.092163 13.190085
v -1.707952 9.091846 13.174267
v -1.689751 9.094409 13.084493
v -1.687610 9.057590 13.145350
v -1.695775 9.092516 13.142772
v -1.732144 9.119150 13.145347
v -1.708617 9.120491 13.084490
v -1.709057 9.110878 13.142773
v -1.990809 9.041699 -13.084492
v -1.947893 9.116572 -13.084492
v -1.943682 9.044168 -13.206367
v -1.986609 9.078076 -13.084493
v -1.984514 9.042028 -13.145350
v -1.980406 9.076887 -13.142772
v -1.947330 9.106901 -13.145347
v -1.970857 9.105560 -13.084490
v -1.969316 9.096237 -13.142773
v -1.967215 9.042934 -13.190084
v -1.945784 9.080322 -13.190085
v -1.968229 9.077557 -13.174267
v -1.681313 9.057920 -13.084492
v -1.728440 9.055449 -13.206367
v -1.732710 9.128977 -13.084494
v -1.687608 9.057590 -13.145350
v -1.689746 9.094411 -13.084493
v -1.695770 9.092518 -13.142772
v -1.730571 9.092165 -13.190084
v -1.704907 9.056684 -13.190085
v -1.707947 9.091848 -13.174266
v -1.708614 9.120493 -13.084490
v -1.732140 9.119155 -13.145347
v -1.709053 9.110881 -13.142772
v -1.971554 7.998336 13.084493
v -1.925616 7.925081 13.084494
v -1.924366 7.997731 13.206367
v -1.965872 7.962059 13.084491
v -1.965250 7.998256 13.145350
v -1.959722 7.963499 13.142775
v -1.925448 7.934786 13.145347
v -1.949010 7.935169 13.084490
v -1.947851 7.944569 13.142772
v -1.947929 7.998034 13.190084
v -1.924989 7.961454 13.190084
v -1.947528 7.963321 13.174269
v -1.661657 7.994369 13.084493
v -1.708845 7.994973 13.206367
v -1.710108 7.921468 13.084493
v -1.667961 7.994449 13.145350
v -1.668592 7.957664 13.084492
v -1.674688 7.959311 13.142774
v -1.709475 7.958268 13.190083
v -1.685281 7.994671 13.190084
v -1.686882 7.959489 13.174269
v -1.686377 7.930903 13.084490
v -1.709938 7.931286 13.145346
v -1.687209 7.940472 13.142773
v -1.971546 7.998337 -13.084493
v -1.924358 7.997734 -13.206367
v -1.925609 7.925083 -13.084493
v -1.965242 7.998256 -13.145350
v -1.965866 7.962060 -13.084492
v -1.959718 7.963501 -13.142774
v -1.924984 7.961455 -13.190083
v -1.947922 7.998035 -13.190084
v -1.947523 7.963323 -13.174269
v -1.949005 7.935171 -13.084490
v -1.925443 7.934789 -13.145346
v -1.947845 7.944571 -13.142773
v -1.661649 7.994370 -13.084493
v -1.710101 7.921469 -13.084494
v -1.708837 7.994975 -13.206367
v -1.668586 7.957665 -13.084491
v -1.667953 7.994451 -13.145350
v -1.674683 7.959313 -13.142775
v -1.709933 7.931289 -13.145347
v -1.686371 7.930906 -13.084490
v -1.687204 7.940474 -13.142772
v -1.685274 7.994672 -13.190084
v -1.709469 7.958270 -13.190084
v -1.686877 7.959491 -13.174269
v -1.989787 7.377320 13.084491
v -1.942642 7.375234 13.206365
v -1.939497 7.447906 13.084490
v -1.983489 7.377040 13.145347
v -1.981793 7.413269 13.084492
v -1.975747 7.411473 13.142771
v -1.940944 7.411525 13.190084
v -1.966184 7.376275 13.190083
v -1.963562 7.410953 13.174266
v -1.963408 7.439175 13.084490
v -1.939864 7.438198 13.145348
v -1.962768 7.429714 13.142771
v -1.727314 7.365708 13.206365
v -1.680168 7.363624 13.084490
v -1.724138 7.439077 13.084490
v -1.703771 7.364668 13.190083
v -1.725601 7.402331 13.190084
v -1.703126 7.399817 13.174266
v -1.684751 7.400588 13.084492
v -1.686467 7.363903 13.145347
v -1.690942 7.399296 13.142771
v -1.724510 7.429269 13.145348
v -1.700965 7.428294 13.084490
v -1.702323 7.418798 13.142771
v -1.989786 7.377320 -13.084490
v -1.939490 7.447906 -13.084490
v -1.942640 7.375236 -13.206365
v -1.981789 7.413271 -13.084492
v -1.983487 7.377042 -13.145347
v -1.975742 7.411475 -13.142771
v -1.939858 7.438200 -13.145348
v -1.963403 7.439176 -13.084490
v -1.962763 7.429715 -13.142771
v -1.966183 7.376276 -13.190083
v -1.940939 7.411527 -13.190084
v -1.963558 7.410954 -13.174266
v -1.680167 7.363625 -13.084491
v -1.727312 7.365710 -13.206365
v -1.724131 7.439077 -13.084490
v -1.686465 7.363904 -13.145347
v -1.684747 7.400589 -13.084492
v -1.690938 7.399298 -13.142771
v -1.725596 7.402334 -13.190084
v -1.703770 7.364670 -13.190083
v -1.703122 7.399818 -13.174266
v -1.700961 7.428295 -13.084490
v -1.724505 7.429271 -13.145348
v -1.702318 7.418798 -13.142771
v -2.052363 6.328027 13.084493
v -2.009556 6.251778 13.084494
v -2.005259 6.325138 13.206367
v -2.048219 6.290936 13.084492
v -2.046070 6.327641 13.145350
v -2.042016 6.292123 13.142775
v -2.008984 6.261579 13.145350
v -2.032508 6.262946 13.084492
v -2.030953 6.272419 13.142773
v -2.028780 6.326580 13.190084
v -2.007404 6.288507 13.190084
v -2.029842 6.291398 13.174271
v -1.743022 6.309052 13.084494
v -1.790125 6.311942 13.206367
v -1.794374 6.239372 13.084493
v -1.749315 6.309439 13.145350
v -1.751431 6.273277 13.084492
v -1.757456 6.275170 13.142775
v -1.792246 6.275705 13.190084
v -1.766604 6.310500 13.190084
v -1.769630 6.275895 13.174271
v -1.770283 6.247700 13.084492
v -1.793808 6.249068 13.145348
v -1.770726 6.257165 13.142773
v -2.052357 6.328029 -13.084494
v -2.005254 6.325140 -13.206367
v -2.009552 6.251781 -13.084493
v -2.046064 6.327643 -13.145350
v -2.048216 6.290936 -13.084492
v -2.042011 6.292125 -13.142775
v -2.007401 6.288507 -13.190084
v -2.028775 6.326582 -13.190084
v -2.029836 6.291400 -13.174271
v -2.032501 6.262948 -13.084492
v -2.008976 6.261580 -13.145348
v -2.030949 6.272421 -13.142773
v -1.743016 6.309054 -13.084493
v -1.794370 6.239375 -13.084494
v -1.790120 6.311944 -13.206367
v -1.751427 6.273277 -13.084492
v -1.749310 6.309440 -13.145350
v -1.757450 6.275173 -13.142775
v -1.793800 6.249068 -13.145350
v -1.770276 6.247701 -13.084492
v -1.770722 6.257167 -13.142773
v -1.766599 6.310501 -13.190084
v -1.792243 6.275707 -13.190084
v -1.769624 6.275898 -13.174271
vn -0.9633 -0.2636 0.0512
vn -0.3725 0.0778 0.9248
vn -0.5604 0.8248 0.0751
vn -0.9409 -0.2532 0.2250
vn -0.9987 0.0077 0.0506
vn -0.9776 0.0033 0.2106
vn -0.4987 0.5290 0.6866
vn -0.8005 -0.1592 0.5779
vn -0.8440 0.1937 0.5002
vn -0.8650 0.4975 0.0651
vn -0.5496 0.7791 0.3015
vn -0.8481 0.4609 0.2614
vn 0.2064 0.2990 0.9317
vn 0.9034 0.4256 0.0519
vn -0.2127 0.9743 0.0748
vn 0.6979 0.4156 0.5832
vn -0.0483 0.7214 0.6909
vn 0.4544 0.7354 0.5027
vn 0.7257 0.6860 0.0531
vn 0.8772 0.4230 0.2272
vn 0.7120 0.6688 0.2139
vn -0.1948 0.9363 0.2923
vn 0.2483 0.9664 0.0667
vn 0.2726 0.9290 0.2503
vn -0.9633 -0.2636 -0.0512
vn -0.5604 0.8248 -0.0751
vn -0.3725 0.0778 -0.9248
vn -0.9987 0.0077 -0.0506
vn -0.9409 -0.2532 -0.2250
vn -0.9776 0.0033 -0.2106
vn -0.5496 0.7791 -0.3015
vn -0.8650 0.4975 -0.0651
vn -0.8481 0.4609 -0.2615
vn -0.8005 -0.1592 -0.5779
vn -0.4987 0.5290 -0.6866
vn -0.8440 0.1936 -0.5002
vn 0.9034 0.4256 -0.0519
vn 0.2064 0.2990 -0.9317
vn -0.2127 0.9743 -0.0748
vn 0.8772 0.4230 -0.2272
vn 0.7256 0.6860 -0.0531
vn 0.7120 0.6688 -0.2139
vn -0.0483 0.7214 -0.6909
vn 0.6980 0.4156 -0.5832
vn 0.4544 0.7354 -0.5027
vn 0.2483 0.9664 -0.0667
vn -0.1948 0.9363 -0.2923
vn 0.2726 0.9290 -0.2503
vn -0.9035 -0.4255 0.0519
vn 0.2122 -0.9743 0.0749
vn -0.2063 -0.2989 0.9317
vn -0.7256 -0.6860 0.0531
vn -0.8772 -0.4229 0.2272
vn -0.7117 -0.6692 0.2138
vn 0.1948 -0.9362 0.2925
vn -0.2487 -0.9663 0.0667
vn -0.2723 -0.9291 0.2503
vn -0.6980 -0.4155 0.5833
vn 0.0484 -0.7212 0.6910
vn -0.4540 -0.7357 0.5026
vn 0.9633 0.2635 0.0512
vn 0.3724 -0.0778 0.9248
vn 0.5605 -0.8247 0.0753
vn 0.9409 0.2531 0.2250
vn 0.9987 -0.0076 0.0506
vn 0.9776 -0.0034 0.2106
vn 0.4985 -0.5291 0.6867
vn 0.8005 0.1591 0.5779
vn 0.8439 -0.1940 0.5003
vn 0.8652 -0.4972 0.0651
vn 0.5496 -0.7790 0.3017
vn 0.8480 -0.4610 0.2614
vn -0.9035 -0.4255 -0.0519
vn -0.2063 -0.2989 -0.9317
vn 0.2122 -0.9744 -0.0749
vn -0.8772 -0.4229 -0.2272
vn -0.7256 -0.6860 -0.0531
vn -0.7117 -0.6692 -0.2138
vn 0.0484 -0.7213 -0.6910
vn -0.6980 -0.4155 -0.5833
vn -0.4539 -0.7357 -0.5026
vn -0.2488 -0.9663 -0.0667
vn 0.1947 -0.9362 -0.2925
vn -0.2723 -0.9291 -0.2502
vn 0.9633 0.2635 -0.0512
vn 0.5605 -0.8247 -0.0753
vn 0.3724 -0.0778 -0.9248
vn 0.9987 -0.0076 -0.0506
vn 0.9409 0.2531 -0.2250
vn 0.9776 -0.0034 -0.2106
vn 0.5496 -0.7791 -0.3016
vn 0.8652 -0.4972 -0.0651
vn 0.8480 -0.4610 -0.2614
vn 0.8005 0.1592 -0.5779
vn 0.4985 -0.5291 -0.6867
vn 0.8439 -0.1940 -0.5003
vn -0.9807 -0.1889 0.0508
vn -0.3684 0.0966 0.9246
vn -0.5605 0.8248 0.0752
vn -0.9579 -0.1791 0.2244
vn -0.9987 0.0076 0.0506
vn -0.4986 0.5290 0.6867
vn -0.8091 -0.1006 0.5790
vn -0.8439 0.1938 0.5003
vn -0.8651 0.4973 0.0651
vn -0.5496 0.7790 0.3016
vn 0.2256 0.2764 0.9342
vn 0.9294 0.3654 0.0520
vn -0.2123 0.9743 0.0749
vn 0.7260 0.3645 0.5831
vn -0.0483 0.7213 0.6909
vn 0.4542 0.7356 0.5026
vn 0.7256 0.6860 0.0531
vn 0.9027 0.3654 0.2271
vn 0.7118 0.6690 0.2139
vn -0.1947 0.9363 0.2924
vn 0.2487 0.9663 0.0667
vn -0.9807 -0.1889 -0.0508
vn -0.5605 0.8248 -0.0752
vn -0.3684 0.0966 -0.9246
vn -0.9987 0.0076 -0.0506
vn -0.9579 -0.1791 -0.2244
vn -0.5496 0.7791 -0.3016
vn -0.8651 0.4973 -0.0651
vn -0.8481 0.4609 -0.2614
vn -0.8091 -0.1006 -0.5790
vn -0.4986 0.5290 -0.6867
vn -0.8439 0.1938 -0.5003
vn 0.9294 0.3654 -0.0520
vn 0.2255 0.2764 -0.9342
vn -0.2123 0.9743 -0.0749
vn 0.9027 0.3654 -0.2271
vn 0.7118 0.6690 -0.2139
vn -0.0484 0.7213 -0.6909
vn 0.7260 0.3645 -0.5831
vn 0.4542 0.7356 -0.5026
vn 0.2487 0.9663 -0.0667
vn -0.1947 0.9363 -0.2925
vn -0.9701 -0.2372 0.0512
vn -0.0912 -0.9931 0.0735
vn -0.2796 -0.2532 0.9261
vn -0.8802 -0.4718 0.0518
vn -0.9447 -0.2382 0.2256
vn -0.8629 -0.4588 0.2119
vn -0.1012 -0.9525 0.2873
vn -0.5085 -0.8585 0.0660
vn -0.5199 -0.8153 0.2549
vn -0.7712 -0.2626 0.5799
vn -0.1750 -0.7104 0.6817
vn -0.6427 -0.5822 0.4979
vn 0.9962 0.0706 0.0515
vn 0.3344 -0.1549 0.9296
vn 0.2718 -0.9594 0.0750
vn 0.9721 0.0630 0.2260
vn 0.9612 -0.2708 0.0522
vn 0.9411 -0.2611 0.2147
vn 0.3076 -0.6566 0.6887
vn 0.8142 -0.0080 0.5805
vn 0.7499 -0.4240 0.5078
vn 0.6728 -0.7366 0.0681
vn 0.2772 -0.9147 0.2939
vn 0.6743 -0.6890 0.2657
vn -0.9701 -0.2372 -0.0512
vn -0.2796 -0.2532 -0.9261
vn -0.0912 -0.9931 -0.0735
vn -0.9447 -0.2382 -0.2256
vn -0.8802 -0.4718 -0.0518
vn -0.8629 -0.4588 -0.2119
vn -0.1750 -0.7103 -0.6817
vn -0.7712 -0.2627 -0.5799
vn -0.6427 -0.5822 -0.4979
vn -0.5085 -0.8585 -0.0660
vn -0.1012 -0.9525 -0.2873
vn -0.5199 -0.8153 -0.2549
vn 0.9962 0.0706 -0.0515
vn 0.2718 -0.9594 -0.0749
vn 0.3344 -0.1549 -0.9296
vn 0.9612 -0.2708 -0.0522
vn 0.9721 0.0631 -0.2260
vn 0.9411 -0.2611 -0.2146
vn 0.2772 -0.9147 -0.2939
vn 0.6728 -0.7366 -0.0681
vn 0.6743 -0.6890 -0.2657
vn 0.8142 -0.0079 -0.5805
vn 0.3076 -0.6565 -0.6887
vn 0.7499 -0.4240 -0.5078
vn -0.9975 0.0491 0.0517
vn -0.3168 0.1942 0.9284
vn -0.2337 0.9695 0.0743
vn -0.9723 0.0542 0.2273
vn -0.9457 0.3210 0.0520
vn -0.9262 0.3105 0.2137
vn -0.2787 0.6728 0.6853
vn -0.8049 0.1078 0.5835
vn -0.7271 0.4660 0.5041
vn -0.6357 0.7690 0.0670
vn -0.2395 0.9262 0.2912
vn -0.6389 0.7236 0.2613
vn 0.3005 0.2174 0.9287
vn 0.9909 0.1243 0.0518
vn 0.1300 0.9887 0.0742
vn 0.7953 0.1694 0.5821
vn 0.2059 0.6991 0.6848
vn 0.6719 0.5447 0.5019
vn 0.9038 0.4248 0.0520
vn 0.9654 0.1280 0.2271
vn 0.8857 0.4125 0.2129
vn 0.1400 0.9469 0.2895
vn 0.5491 0.8331 0.0673
vn 0.5596 0.7870 0.2597
vn -0.9975 0.0491 -0.0517
vn -0.2337 0.9695 -0.0742
vn -0.3168 0.1942 -0.9284
vn -0.9457 0.3210 -0.0520
vn -0.9723 0.0542 -0.2273
vn -0.9262 0.3105 -0.2137
vn -0.2395 0.9262 -0.2912
vn -0.6358 0.7690 -0.0669
vn -0.6389 0.7235 -0.2613
vn -0.8049 0.1078 -0.5835
vn -0.2788 0.6728 -0.6853
vn -0.7271 0.4660 -0.5041
vn 0.9909 0.1243 -0.0518
vn 0.3005 0.2174 -0.9287
vn 0.1300 0.9887 -0.0742
vn 0.9654 0.1280 -0.2271
vn 0.9038 0.4248 -0.0520
vn 0.8858 0.4124 -0.2129
vn 0.2059 0.6990 -0.6848
vn 0.7953 0.1694 -0.5821
vn 0.6719 0.5446 -0.5019
vn 0.5491 0.8331 -0.0673
vn 0.1400 0.9469 -0.2895
vn 0.5596 0.7870 -0.2597
vn -0.9948 -0.0878 0.0517
vn -0.1964 -0.9777 0.0741
vn -0.3093 -0.2067 0.9282
vn -0.9316 -0.3597 0.0520
vn -0.9695 -0.0921 0.2272
vn -0.9127 -0.3486 0.2134
vn -0.2036 -0.9351 0.2902
vn -0.6043 -0.7939 0.0669
vn -0.6100 -0.7485 0.2602
vn -0.8002 -0.1399 0.5832
vn -0.2523 -0.6838 0.6847
vn -0.7076 -0.4963 0.5030
vn 0.9950 -0.0854 0.0518
vn 0.3085 -0.2055 0.9288
vn 0.1674 -0.9831 0.0743
vn 0.9697 -0.0899 0.2271
vn 0.9205 -0.3872 0.0520
vn 0.9020 -0.3755 0.2133
vn 0.2329 -0.6900 0.6853
vn 0.8012 -0.1375 0.5824
vn 0.6934 -0.5159 0.5030
vn 0.5817 -0.8106 0.0673
vn 0.1762 -0.9406 0.2902
vn 0.5899 -0.7642 0.2609
vn -0.9948 -0.0878 -0.0517
vn -0.3092 -0.2067 -0.9283
vn -0.1964 -0.9777 -0.0741
vn -0.9695 -0.0921 -0.2272
vn -0.9316 -0.3597 -0.0520
vn -0.9127 -0.3486 -0.2134
vn -0.2523 -0.6838 -0.6847
vn -0.8002 -0.1399 -0.5832
vn -0.7076 -0.4963 -0.5030
vn -0.6043 -0.7939 -0.0669
vn -0.2036 -0.9351 -0.2902
vn -0.6099 -0.7485 -0.2602
vn 0.9950 -0.0855 -0.0518
vn 0.1674 -0.9831 -0.0743
vn 0.3085 -0.2055 -0.9288
vn 0.9205 -0.3872 -0.0520
vn 0.9697 -0.0899 -0.2271
vn 0.9019 -0.3755 -0.2133
vn 0.1763 -0.9406 -0.2902
vn 0.5817 -0.8106 -0.0674
vn 0.5899 -0.7642 -0.2609
vn 0.8012 -0.1375 -0.5824
vn 0.2329 -0.6901 -0.6853
vn 0.6934 -0.5159 -0.5030
vn -0.9888 0.1402 0.0517
vn -0.2986 0.2231 0.9279
vn -0.1433 0.9869 0.0739
vn -0.9633 0.1434 0.2271
vn -0.9076 0.4167 0.0520
vn -0.8893 0.4049 0.2128
vn -0.2135 0.6981 0.6835
vn -0.7921 0.1830 0.5823
vn -0.6762 0.5404 0.5007
vn -0.5581 0.8271 0.0668
vn -0.1520 0.9452 0.2889
vn -0.5667 0.7823 0.2584
vn 0.3182 0.1887 0.9291
vn 0.9981 0.0328 0.0518
vn 0.2204 0.9726 0.0745
vn 0.8069 0.0941 0.5832
vn 0.2714 0.6745 0.6866
vn 0.7233 0.4707 0.5052
vn 0.9427 0.3295 0.0520
vn 0.9731 0.0383 0.2273
vn 0.9235 0.3184 0.2139
vn 0.2276 0.9291 0.2916
vn 0.6272 0.7759 0.0675
vn 0.6323 0.7289 0.2626
vn -0.9888 0.1402 -0.0517
vn -0.1432 0.9869 -0.0739
vn -0.2986 0.2231 -0.9279
vn -0.9076 0.4167 -0.0520
vn -0.9633 0.1434 -0.2271
vn -0.8892 0.4049 -0.2128
vn -0.1520 0.9452 -0.2889
vn -0.5580 0.8271 -0.0668
vn -0.5667 0.7823 -0.2584
vn -0.7921 0.1830 -0.5823
vn -0.2135 0.6981 -0.6835
vn -0.6762 0.5404 -0.5007
vn 0.9981 0.0327 -0.0518
vn 0.3182 0.1887 -0.9291
vn 0.2204 0.9726 -0.0745
vn 0.9731 0.0382 -0.2273
vn 0.9427 0.3295 -0.0520
vn 0.9235 0.3184 -0.2139
vn 0.2714 0.6745 -0.6866
vn 0.8069 0.0940 -0.5832
vn 0.7233 0.4707 -0.5052
vn 0.6272 0.7759 -0.0675
vn 0.2276 0.9291 -0.2916
vn 0.6323 0.7289 -0.2626
vn -0.9983 -0.0266 0.0517
vn -0.2360 -0.9689 0.0746
vn -0.3205 -0.1864 0.9287
vn -0.9478 -0.3147 0.0521
vn -0.9733 -0.0321 0.2272
vn -0.9282 -0.3043 0.2139
vn -0.2426 -0.9251 0.2922
vn -0.6408 -0.7647 0.0676
vn -0.6446 -0.7178 0.2633
vn -0.8076 -0.0885 0.5830
vn -0.2820 -0.6699 0.6868
vn -0.7306 -0.4591 0.5054
vn 0.9879 -0.1463 0.0517
vn 0.2959 -0.2252 0.9283
vn 0.1275 -0.9891 0.0738
vn 0.9623 -0.1495 0.2271
vn 0.9010 -0.4308 0.0519
vn 0.8830 -0.4185 0.2127
vn 0.2024 -0.7015 0.6834
vn 0.7907 -0.1885 0.5825
vn 0.6676 -0.5511 0.5005
vn 0.5436 -0.8367 0.0666
vn 0.1368 -0.9477 0.2885
vn 0.5534 -0.7921 0.2576
vn -0.9983 -0.0266 -0.0517
vn -0.3206 -0.1864 -0.9287
vn -0.2360 -0.9689 -0.0746
vn -0.9733 -0.0321 -0.2272
vn -0.9478 -0.3147 -0.0521
vn -0.9282 -0.3043 -0.2139
vn -0.2820 -0.6699 -0.6868
vn -0.8076 -0.0885 -0.5830
vn -0.7306 -0.4591 -0.5054
vn -0.6408 -0.7647 -0.0676
vn -0.2426 -0.9251 -0.2922
vn -0.6446 -0.7178 -0.2633
vn 0.9879 -0.1463 -0.0517
vn 0.1275 -0.9891 -0.0738
vn 0.2959 -0.2252 -0.9283
vn 0.9009 -0.4308 -0.0519
vn 0.9623 -0.1495 -0.2271
vn 0.8830 -0.4185 -0.2127
vn 0.1368 -0.9477 -0.2885
vn 0.5436 -0.8367 -0.0666
vn 0.5535 -0.7920 -0.2576
vn 0.7907 -0.1885 -0.5825
vn 0.2024 -0.7015 -0.6834
vn 0.6676 -0.5511 -0.5005
vt 0.206190 0.002132
vt 0.218392 0.002132
vt 0.218392 0.067331
vt 0.206190 0.067331
vt 0.201561 0.995997
vt 0.189359 0.995997
vt 0.189359 0.004003
vt 0.201561 0.004003
vt 0.132879 0.829790
vt 0.086644 0.829790
vt 0.086644 0.003335
vt 0.132879 0.003335
vt 0.206190 0.072799
vt 0.218392 0.072799
vt 0.218392 0.275941
vt 0.206190 0.275941
vt 0.206190 0.281409
vt 0.218392 0.281409
vt 0.218392 0.346609
vt 0.206190 0.346609
vt 0.183838 0.003335
vt 0.183838 0.001413
vt 0.185371 0.001494
vt 0.185439 0.003335
vt 0.203876 0.067805
vt 0.204856 0.067458
vt 0.204913 0.069743
vt 0.204222 0.069987
vt 0.206190 0.069716
vt 0.206190 0.071723
vt 0.204913 0.071156
vt 0.204856 0.072195
vt 0.186616 0.003335
vt 0.186200 0.001494
vt 0.219726 0.067458
vt 0.219670 0.069743
vt 0.218392 0.069716
vt 0.220707 0.067805
vt 0.220360 0.069987
vt 0.085043 0.003335
vt 0.085111 0.001494
vt 0.086644 0.001413
vt 0.083866 0.003335
vt 0.084282 0.001494
vt 0.218392 0.071723
vt 0.219670 0.071156
vt 0.219726 0.072195
vt 0.183838 0.829790
vt 0.185439 0.829790
vt 0.185371 0.831631
vt 0.183838 0.831712
vt 0.186616 0.829790
vt 0.186200 0.831631
vt 0.206190 0.275941
vt 0.206190 0.277018
vt 0.204913 0.277585
vt 0.204856 0.276545
vt 0.206190 0.279025
vt 0.204913 0.278998
vt 0.204856 0.281283
vt 0.203876 0.280936
vt 0.204222 0.278753
vt 0.086644 0.831712
vt 0.085111 0.831631
vt 0.085043 0.829790
vt 0.220707 0.280936
vt 0.219726 0.281283
vt 0.219670 0.278998
vt 0.220360 0.278753
vt 0.218392 0.279025
vt 0.218392 0.277018
vt 0.219670 0.277585
vt 0.218392 0.275941
vt 0.219726 0.276545
vt 0.083866 0.829790
vt 0.084282 0.831631
vt 0.137603 0.003335
vt 0.136002 0.003335
vt 0.136070 0.001494
vt 0.137603 0.001413
vt 0.203876 0.004003
vt 0.202895 0.004003
vt 0.202839 0.001793
vt 0.203529 0.001793
vt 0.201561 0.001696
vt 0.201561 0.000000
vt 0.202839 0.000600
vt 0.204856 0.002258
vt 0.204913 0.000218
vt 0.206190 0.000000
vt 0.137603 0.000000
vt 0.136070 0.000500
vt 0.135241 0.001494
vt 0.132879 0.001413
vt 0.134412 0.001494
vt 0.134480 0.003335
vt 0.132879 0.000000
vt 0.134412 0.000500
vt 0.218392 0.000000
vt 0.219670 0.000218
vt 0.219726 0.002258
vt 0.189359 0.000000
vt 0.189359 0.001696
vt 0.188082 0.001793
vt 0.188082 0.000600
vt 0.188025 0.004003
vt 0.187045 0.004003
vt 0.187391 0.001793
vt 0.137603 0.829790
vt 0.137603 0.831712
vt 0.136070 0.831631
vt 0.136002 0.829790
vt 0.137603 0.833125
vt 0.136070 0.832625
vt 0.206190 0.348741
vt 0.204913 0.348522
vt 0.204856 0.346483
vt 0.201561 1.000000
vt 0.201561 0.998304
vt 0.202839 0.998207
vt 0.202839 0.999400
vt 0.202895 0.995997
vt 0.203876 0.995997
vt 0.203529 0.998207
vt 0.135241 0.831631
vt 0.134480 0.829790
vt 0.134412 0.831631
vt 0.132879 0.831712
vt 0.187045 0.995997
vt 0.188025 0.995997
vt 0.188082 0.998207
vt 0.187391 0.998207
vt 0.189359 0.998304
vt 0.189359 1.000000
vt 0.188082 0.999400
vt 0.219726 0.346483
vt 0.219670 0.348522
vt 0.218392 0.348741
vt 0.132879 0.833125
vt 0.134412 0.832625
vt 0.187045 0.003335
vt 0.187045 0.829790
vt 0.083438 0.829790
vt 0.083438 0.003335
vt 0.183838 0.833125
vt 0.086644 0.833125
vt 0.183838 0.000000
vt 0.086644 0.000000
s 1
usemtl Plank
f 807/1178/165 818/1179/176 769/1180/127 758/1181/116
f 831/1182/189 842/1183/200 819/1184/177 806/1185/164
f 841/1186/199 793/1187/151 770/1188/128 817/1189/175
f 759/1190/117 771/1191/129 795/1192/153 782/1193/140
f 783/1194/141 794/1195/152 843/1196/201 830/1197/188
f 757/1198/115 760/1199/118 762/1200/120 761/1201/119
f 760/1202/118 764/1203/122 765/1204/123 762/1205/120
f 758/1181/116 763/1206/121 765/1204/123 764/1203/122
f 763/1206/121 767/1207/125 768/1208/126 765/1204/123
f 759/1190/117 766/1209/124 768/1208/126 767/1207/125
f 766/1210/124 761/1201/119 762/1200/120 768/1211/126
f 762/1205/120 765/1204/123 768/1208/126
f 769/1180/127 772/1212/130 774/1213/132 773/1214/131
f 772/1212/130 776/1215/134 777/1216/135 774/1213/132
f 770/1188/128 775/1217/133 777/1218/135 776/1219/134
f 775/1217/133 779/1220/137 780/1221/138 777/1218/135
f 771/1191/129 778/1222/136 780/1223/138 779/1224/137
f 778/1222/136 773/1214/131 774/1213/132 780/1223/138
f 774/1213/132 777/1216/135 780/1223/138
f 781/1225/139 784/1226/142 786/1227/144 785/1228/143
f 784/1226/142 788/1229/146 789/1230/147 786/1227/144
f 782/1231/140 787/1232/145 789/1233/147 788/1234/146
f 787/1232/145 791/1235/149 792/1236/150 789/1233/147
f 783/1194/141 790/1237/148 792/1236/150 791/1235/149
f 790/1237/148 785/1238/143 786/1239/144 792/1236/150
f 786/1239/144 789/1233/147 792/1236/150
f 793/1187/151 796/1240/154 798/1241/156 797/1242/155
f 796/1243/154 800/1244/158 801/1245/159 798/1246/156
f 794/1195/152 799/1247/157 801/1245/159 800/1244/158
f 799/1247/157 803/1248/161 804/1249/162 801/1245/159
f 795/1250/153 802/1251/160 804/1249/162 803/1248/161
f 802/1252/160 797/1242/155 798/1241/156 804/1253/162
f 798/1246/156 801/1245/159 804/1249/162
f 805/1254/163 808/1255/166 810/1256/168 809/1257/167
f 808/1258/166 812/1259/170 813/1260/171 810/1261/168
f 806/1185/164 811/1262/169 813/1260/171 812/1259/170
f 811/1262/169 815/1263/173 816/1264/174 813/1260/171
f 807/1178/165 814/1265/172 816/1266/174 815/1267/173
f 814/1268/172 809/1257/167 810/1256/168 816/1269/174
f 810/1256/168 813/1270/171 816/1269/174
f 817/1189/175 820/1271/178 822/1272/180 821/1273/179
f 820/1271/178 824/1274/182 825/1275/183 822/1272/180
f 818/1179/176 823/1276/181 825/1277/183 824/1278/182
f 823/1279/181 827/1280/185 828/1281/186 825/1282/183
f 819/1184/177 826/1283/184 828/1281/186 827/1280/185
f 826/1283/184 821/1284/179 822/1285/180 828/1281/186
f 822/1272/180 825/1275/183 828/1270/186
f 829/1286/187 832/1287/190 834/1288/192 833/1289/191
f 832/1287/190 836/1290/194 837/1291/195 834/1288/192
f 830/1197/188 835/1292/193 837/1293/195 836/1294/194
f 835/1295/193 839/1296/197 840/1297/198 837/1298/195
f 831/1182/189 838/1299/196 840/1297/198 839/1296/197
f 838/1299/196 833/1300/191 834/1301/192 840/1297/198
f 834/1288/192 837/1291/195 840/1302/198
f 841/1186/199 844/1303/202 846/1304/204 845/1305/203
f 844/1306/202 848/1307/206 849/1308/207 846/1309/204
f 842/1183/200 847/1310/205 849/1308/207 848/1307/206
f 847/1310/205 851/1311/209 852/1312/210 849/1308/207
f 843/1196/201 850/1313/208 852/1314/210 851/1315/209
f 850/1316/208 845/1305/203 846/1304/204 852/1317/210
f 846/1304/204 849/1302/207 852/1317/210
f 781/1225/139 757/1198/115 761/1201/119 784/1226/142
f 784/1226/142 761/1201/119 766/1210/124 788/1229/146
f 788/1229/146 766/1210/124 759/1318/117 782/1319/140
f 758/1181/116 769/1180/127 773/1214/131 763/1206/121
f 763/1206/121 773/1214/131 778/1222/136 767/1207/125
f 767/1207/125 778/1222/136 771/1191/129 759/1190/117
f 770/1188/128 793/1187/151 797/1242/155 775/1217/133
f 775/1217/133 797/1242/155 802/1252/160 779/1220/137
f 779/1220/137 802/1252/160 795/1320/153 771/1321/129
f 794/1195/152 783/1194/141 791/1235/149 799/1247/157
f 799/1247/157 791/1235/149 787/1232/145 803/1248/161
f 803/1248/161 787/1232/145 782/1231/140 795/1250/153
f 829/1286/187 781/1225/139 785/1228/143 832/1287/190
f 832/1287/190 785/1228/143 790/1322/148 836/1290/194
f 836/1294/194 790/1237/148 783/1194/141 830/1197/188
f 793/1187/151 841/1186/199 845/1305/203 796/1240/154
f 796/1240/154 845/1305/203 850/1316/208 800/1323/158
f 800/1244/158 850/1313/208 843/1196/201 794/1195/152
f 842/1183/200 831/1182/189 839/1296/197 847/1310/205
f 847/1310/205 839/1296/197 835/1295/193 851/1311/209
f 851/1315/209 835/1292/193 830/1197/188 843/1196/201
f 805/1254/163 829/1286/187 833/1289/191 808/1255/166
f 808/1258/166 833/1300/191 838/1299/196 812/1259/170
f 812/1259/170 838/1299/196 831/1182/189 806/1185/164
f 841/1186/199 817/1189/175 821/1273/179 844/1303/202
f 844/1306/202 821/1284/179 826/1283/184 848/1307/206
f 848/1307/206 826/1283/184 819/1184/177 842/1183/200
f 818/1179/176 807/1178/165 815/1267/173 823/1276/181
f 823/1279/181 815/1263/173 811/1262/169 827/1280/185
f 827/1280/185 811/1262/169 806/1185/164 819/1184/177
f 757/1198/115 805/1254/163 809/1257/167 760/1199/118
f 760/1199/118 809/1257/167 814/1268/172 764/1324/122
f 764/1203/122 814/1265/172 807/1178/165 758/1181/116
f 817/1189/175 770/1188/128 776/1219/134 820/1271/178
f 820/1271/178 776/1219/134 772/1325/130 824/1274/182
f 824/1278/182 772/1212/130 769/1180/127 818/1179/176
f 781/1225/139 829/1286/187 805/1254/163 757/1198/115
f 903/1178/255 914/1179/266 865/1180/221 854/1181/212
f 927/1182/279 938/1183/290 915/1184/267 902/1185/254
f 937/1186/289 889/1187/243 866/1188/222 913/1189/265
f 855/1190/213 867/1191/223 891/1192/245 878/1193/233
f 879/1194/234 890/1195/244 939/1196/291 926/1197/278
f 853/1198/211 856/1199/214 858/1200/120 857/1201/215
f 856/1202/214 860/1203/217 861/1204/218 858/1205/120
f 854/1181/212 859/1206/216 861/1204/218 860/1203/217
f 859/1206/216 863/1207/220 864/1208/126 861/1204/218
f 855/1190/213 862/1209/219 864/1208/126 863/1207/220
f 862/1210/219 857/1201/215 858/1200/120 864/1211/126
f 858/1205/120 861/1204/218 864/1208/126
f 865/1180/221 868/1212/224 870/1213/226 869/1214/225
f 868/1212/224 872/1215/228 873/1216/229 870/1213/226
f 866/1188/222 871/1217/227 873/1218/229 872/1219/228
f 871/1217/227 875/1220/231 876/1221/138 873/1218/229
f 867/1191/223 874/1222/230 876/1223/138 875/1224/231
f 874/1222/230 869/1214/225 870/1213/226 876/1223/138
f 870/1213/226 873/1216/229 876/1223/138
f 877/1225/232 880/1226/235 882/1227/144 881/1228/236
f 880/1226/235 884/1229/238 885/1230/239 882/1227/144
f 878/1231/233 883/1232/237 885/1233/239 884/1234/238
f 883/1232/237 887/1235/241 888/1236/242 885/1233/239
f 879/1194/234 886/1237/240 888/1236/242 887/1235/241
f 886/1237/240 881/1238/236 882/1239/144 888/1236/242
f 882/1239/144 885/1233/239 888/1236/242
f 889/1187/243 892/1240/246 894/1241/247 893/1242/155
f 892/1243/246 896/1244/249 897/1245/250 894/1246/247
f 890/1195/244 895/1247/248 897/1245/250 896/1244/249
f 895/1247/248 899/1248/252 900/1249/162 897/1245/250
f 891/1250/245 898/1251/251 900/1249/162 899/1248/252
f 898/1252/251 893/1242/155 894/1241/247 900/1253/162
f 894/1246/247 897/1245/250 900/1249/162
f 901/1254/253 904/1255/256 906/1256/258 905/1257/257
f 904/1258/256 908/1259/260 909/1260/261 906/1261/258
f 902/1185/254 907/1262/259 909/1260/261 908/1259/260
f 907/1262/259 911/1263/263 912/1264/264 909/1260/261
f 903/1178/255 910/1265/262 912/1266/264 911/1267/263
f 910/1268/262 905/1257/257 906/1256/258 912/1269/264
f 906/1256/258 909/1270/261 912/1269/264
f 913/1189/265 916/1271/268 918/1272/270 917/1273/269
f 916/1271/268 920/1274/272 921/1275/273 918/1272/270
f 914/1179/266 919/1276/271 921/1277/273 920/1278/272
f 919/1279/271 923/1280/275 924/1281/276 921/1282/273
f 915/1184/267 922/1283/274 924/1281/276 923/1280/275
f 922/1283/274 917/1284/269 918/1285/270 924/1281/276
f 918/1272/270 921/1275/273 924/1270/276
f 925/1286/277 928/1287/280 930/1288/282 929/1289/281
f 928/1287/280 932/1290/284 933/1291/285 930/1288/282
f 926/1197/278 931/1292/283 933/1293/285 932/1294/284
f 931/1295/283 935/1296/287 936/1297/288 933/1298/285
f 927/1182/279 934/1299/286 936/1297/288 935/1296/287
f 934/1299/286 929/1300/281 930/1301/282 936/1297/288
f 930/1288/282 933/1291/285 936/1302/288
f 937/1186/289 940/1303/292 942/1304/294 941/1305/293
f 940/1306/292 944/1307/296 945/1308/297 942/1309/294
f 938/1183/290 943/1310/295 945/1308/297 944/1307/296
f 943/1310/295 947/1311/299 948/1312/300 945/1308/297
f 939/1196/291 946/1313/298 948/1314/300 947/1315/299
f 946/1316/298 941/1305/293 942/1304/294 948/1317/300
f 942/1304/294 945/1302/297 948/1317/300
f 877/1225/232 853/1198/211 857/1201/215 880/1226/235
f 880/1226/235 857/1201/215 862/1210/219 884/1229/238
f 884/1229/238 862/1210/219 855/1318/213 878/1319/233
f 854/1181/212 865/1180/221 869/1214/225 859/1206/216
f 859/1206/216 869/1214/225 874/1222/230 863/1207/220
f 863/1207/220 874/1222/230 867/1191/223 855/1190/213
f 866/1188/222 889/1187/243 893/1242/155 871/1217/227
f 871/1217/227 893/1242/155 898/1252/251 875/1220/231
f 875/1220/231 898/1252/251 891/1320/245 867/1321/223
f 890/1195/244 879/1194/234 887/1235/241 895/1247/248
f 895/1247/248 887/1235/241 883/1232/237 899/1248/252
f 899/1248/252 883/1232/237 878/1231/233 891/1250/245
f 925/1286/277 877/1225/232 881/1228/236 928/1287/280
f 928/1287/280 881/1228/236 886/1322/240 932/1290/284
f 932/1294/284 886/1237/240 879/1194/234 926/1197/278
f 889/1187/243 937/1186/289 941/1305/293 892/1240/246
f 892/1240/246 941/1305/293 946/1316/298 896/1323/249
f 896/1244/249 946/1313/298 939/1196/291 890/1195/244
f 938/1183/290 927/1182/279 935/1296/287 943/1310/295
f 943/1310/295 935/1296/287 931/1295/283 947/1311/299
f 947/1315/299 931/1292/283 926/1197/278 939/1196/291
f 901/1254/253 925/1286/277 929/1289/281 904/1255/256
f 904/1258/256 929/1300/281 934/1299/286 908/1259/260
f 908/1259/260 934/1299/286 927/1182/279 902/1185/254
f 937/1186/289 913/1189/265 917/1273/269 940/1303/292
f 940/1306/292 917/1284/269 922/1283/274 944/1307/296
f 944/1307/296 922/1283/274 915/1184/267 938/1183/290
f 914/1179/266 903/1178/255 911/1267/263 919/1276/271
f 919/1279/271 911/1263/263 907/1262/259 923/1280/275
f 923/1280/275 907/1262/259 902/1185/254 915/1184/267
f 853/1198/211 901/1254/253 905/1257/257 856/1199/214
f 856/1199/214 905/1257/257 910/1268/262 860/1324/217
f 860/1203/217 910/1265/262 903/1178/255 854/1181/212
f 913/1189/265 866/1188/222 872/1219/228 916/1271/268
f 916/1271/268 872/1219/228 868/1325/224 920/1274/272
f 920/1278/272 868/1212/224 865/1180/221 914/1179/266
f 877/1225/232 925/1286/277 901/1254/253 853/1198/211
f 999/1178/351 1010/1179/362 961/1180/313 950/1181/302
f 1023/1182/375 1034/1183/386 1011/1184/363 998/1185/350
f 1033/1186/385 985/1187/337 962/1188/314 1009/1189/361
f 951/1190/303 963/1191/315 987/1192/339 974/1193/326
f 975/1194/327 986/1195/338 1035/1196/387 1022/1197/374
f 949/1198/301 952/1199/304 954/1200/306 953/1201/305
f 952/1202/304 956/1203/308 957/1204/309 954/1205/306
f 950/1181/302 955/1206/307 957/1204/309 956/1203/308
f 955/1206/307 959/1207/311 960/1208/312 957/1204/309
f 951/1190/303 958/1209/310 960/1208/312 959/1207/311
f 958/1210/310 953/1201/305 954/1200/306 960/1211/312
f 954/1205/306 957/1204/309 960/1208/312
f 961/1180/313 964/1212/316 966/1213/318 965/1214/317
f 964/1212/316 968/1215/320 969/1216/321 966/1213/318
f 962/1188/314 967/1217/319 969/1218/321 968/1219/320
f 967/1217/319 971/1220/323 972/1221/324 969/1218/321
f 963/1191/315 970/1222/322 972/1223/324 971/1224/323
f 970/1222/322 965/1214/317 966/1213/318 972/1223/324
f 966/1213/318 969/1216/321 972/1223/324
f 973/1225/325 976/1226/328 978/1227/330 977/1228/329
f 976/1226/328 980/1229/332 981/1230/333 978/1227/330
f 974/1231/326 979/1232/331 981/1233/333 980/1234/332
f 979/1232/331 983/1235/335 984/1236/336 981/1233/333
f 975/1194/327 982/1237/334 984/1236/336 983/1235/335
f 982/1237/334 977/1238/329 978/1239/330 984/1236/336
f 978/1239/330 981/1233/333 984/1236/336
f 985/1187/337 988/1240/340 990/1241/342 989/1242/341
f 988/1243/340 992/1244/344 993/1245/345 990/1246/342
f 986/1195/338 991/1247/343 993/1245/345 992/1244/344
f 991/1247/343 995/1248/347 996/1249/348 993/1245/345
f 987/1250/339 994/1251/346 996/1249/348 995/1248/347
f 994/1252/346 989/1242/341 990/1241/342 996/1253/348
f 990/1246/342 993/1245/345 996/1249/348
f 997/1254/349 1000/1255/352 1002/1256/354 1001/1257/353
f 1000/1258/352 1004/1259/356 1005/1260/357 1002/1261/354
f 998/1185/350 1003/1262/355 1005/1260/357 1004/1259/356
f 1003/1262/355 1007/1263/359 1008/1264/360 1005/1260/357
f 999/1178/351 1006/1265/358 1008/1266/360 1007/1267/359
f 1006/1268/358 1001/1257/353 1002/1256/354 1008/1269/360
f 1002/1256/354 1005/1270/357 1008/1269/360
f 1009/1189/361 1012/1271/364 1014/1272/366 1013/1273/365
f 1012/1271/364 1016/1274/368 1017/1275/369 1014/1272/366
f 1010/1179/362 1015/1276/367 1017/1277/369 1016/1278/368
f 1015/1279/367 1019/1280/371 1020/1281/372 1017/1282/369
f 1011/1184/363 1018/1283/370 1020/1281/372 1019/1280/371
f 1018/1283/370 1013/1284/365 1014/1285/366 1020/1281/372
f 1014/1272/366 1017/1275/369 1020/1270/372
f 1021/1286/373 1024/1287/376 1026/1288/378 1025/1289/377
f 1024/1287/376 1028/1290/380 1029/1291/381 1026/1288/378
f 1022/1197/374 1027/1292/379 1029/1293/381 1028/1294/380
f 1027/1295/379 1031/1296/383 1032/1297/384 1029/1298/381
f 1023/1182/375 1030/1299/382 1032/1297/384 1031/1296/383
f 1030/1299/382 1025/1300/377 1026/1301/378 1032/1297/384
f 1026/1288/378 1029/1291/381 1032/1302/384
f 1033/1186/385 1036/1303/388 1038/1304/390 1037/1305/389
f 1036/1306/388 1040/1307/392 1041/1308/393 1038/1309/390
f 1034/1183/386 1039/1310/391 1041/1308/393 1040/1307/392
f 1039/1310/391 1043/1311/395 1044/1312/396 1041/1308/393
f 1035/1196/387 1042/1313/394 1044/1314/396 1043/1315/395
f 1042/1316/394 1037/1305/389 1038/1304/390 1044/1317/396
f 1038/1304/390 1041/1302/393 1044/1317/396
f 973/1225/325 949/1198/301 953/1201/305 976/1226/328
f 976/1226/328 953/1201/305 958/1210/310 980/1229/332
f 980/1229/332 958/1210/310 951/1318/303 974/1319/326
f 950/1181/302 961/1180/313 965/1214/317 955/1206/307
f 955/1206/307 965/1214/317 970/1222/322 959/1207/311
f 959/1207/311 970/1222/322 963/1191/315 951/1190/303
f 962/1188/314 985/1187/337 989/1242/341 967/1217/319
f 967/1217/319 989/1242/341 994/1252/346 971/1220/323
f 971/1220/323 994/1252/346 987/1320/339 963/1321/315
f 986/1195/338 975/1194/327 983/1235/335 991/1247/343
f 991/1247/343 983/1235/335 979/1232/331 995/1248/347
f 995/1248/347 979/1232/331 974/1231/326 987/1250/339
f 1021/1286/373 973/1225/325 977/1228/329 1024/1287/376
f 1024/1287/376 977/1228/329 982/1322/334 1028/1290/380
f 1028/1294/380 982/1237/334 975/1194/327 1022/1197/374
f 985/1187/337 1033/1186/385 1037/1305/389 988/1240/340
f 988/1240/340 1037/1305/389 1042/1316/394 992/1323/344
f 992/1244/344 1042/1313/394 1035/1196/387 986/1195/338
f 1034/1183/386 1023/1182/375 1031/1296/383 1039/1310/391
f 1039/1310/391 1031/1296/383 1027/1295/379 1043/1311/395
f 1043/1315/395 1027/1292/379 1022/1197/374 1035/1196/387
f 997/1254/349 1021/1286/373 1025/1289/377 1000/1255/352
f 1000/1258/352 1025/1300/377 1030/1299/382 1004/1259/356
f 1004/1259/356 1030/1299/382 1023/1182/375 998/1185/350
f 1033/1186/385 1009/1189/361 1013/1273/365 1036/1303/388
f 1036/1306/388 1013/1284/365 1018/1283/370 1040/1307/392
f 1040/1307/392 1018/1283/370 1011/1184/363 1034/1183/386
f 1010/1179/362 999/1178/351 1007/1267/359 1015/1276/367
f 1015/1279/367 1007/1263/359 1003/1262/355 1019/1280/371
f 1019/1280/371 1003/1262/355 998/1185/350 1011/1184/363
f 949/1198/301 997/1254/349 1001/1257/353 952/1199/304
f 952/1199/304 1001/1257/353 1006/1268/358 956/1324/308
f 956/1203/308 1006/1265/358 999/1178/351 950/1181/302
f 1009/1189/361 962/1188/314 968/1219/320 1012/1271/364
f 1012/1271/364 968/1219/320 964/1325/316 1016/1274/368
f 1016/1278/368 964/1212/316 961/1180/313 1010/1179/362
f 973/1225/325 1021/1286/373 997/1254/349 949/1198/301
f 1095/1178/447 1106/1179/458 1057/1180/409 1046/1181/398
f 1119/1182/471 1130/1183/482 1107/1184/459 1094/1185/446
f 1129/1186/481 1081/1187/433 1058/1188/410 1105/1189/457
f 1047/1190/399 1059/1191/411 1083/1192/435 1070/1193/422
f 1071/1194/423 1082/1195/434 1131/1196/483 1118/1197/470
f 1045/1198/397 1048/1199/400 1050/1200/402 1049/1201/401
f 1048/1202/400 1052/1203/404 1053/1204/405 1050/1205/402
f 1046/1181/398 1051/1206/403 1053/1204/405 1052/1203/404
f 1051/1206/403 1055/1207/407 1056/1208/408 1053/1204/405
f 1047/1190/399 1054/1209/406 1056/1208/408 1055/1207/407
f 1054/1210/406 1049/1201/401 1050/1200/402 1056/1211/408
f 1050/1205/402 1053/1204/405 1056/1208/408
f 1057/1180/409 1060/1212/412 1062/1213/414 1061/1214/413
f 1060/1212/412 1064/1215/416 1065/1216/417 1062/1213/414
f 1058/1188/410 1063/1217/415 1065/1218/417 1064/1219/416
f 1063/1217/415 1067/1220/419 1068/1221/420 1065/1218/417
f 1059/1191/411 1066/1222/418 1068/1223/420 1067/1224/419
f 1066/1222/418 1061/1214/413 1062/1213/414 1068/1223/420
f 1062/1213/414 1065/1216/417 1068/1223/420
f 1069/1225/421 1072/1226/424 1074/1227/426 1073/1228/425
f 1072/1226/424 1076/1229/428 1077/1230/429 1074/1227/426
f 1070/1231/422 1075/1232/427 1077/1233/429 1076/1234/428
f 1075/1232/427 1079/1235/431 1080/1236/432 1077/1233/429
f 1071/1194/423 1078/1237/430 1080/1236/432 1079/1235/431
f 1078/1237/430 1073/1238/425 1074/1239/426 1080/1236/432
f 1074/1239/426 1077/1233/429 1080/1236/432
f 1081/1187/433 1084/1240/436 1086/1241/438 1085/1242/437
f 1084/1243/436 1088/1244/440 1089/1245/441 1086/1246/438
f 1082/1195/434 1087/1247/439 1089/1245/441 1088/1244/440
f 1087/1247/439 1091/1248/443 1092/1249/444 1089/1245/441
f 1083/1250/435 1090/1251/442 1092/1249/444 1091/1248/443
f 1090/1252/442 1085/1242/437 1086/1241/438 1092/1253/444
f 1086/1246/438 1089/1245/441 1092/1249/444
f 1093/1254/445 1096/1255/448 1098/1256/450 1097/1257/449
f 1096/1258/448 1100/1259/452 1101/1260/453 1098/1261/450
f 1094/1185/446 1099/1262/451 1101/1260/453 1100/1259/452
f 1099/1262/451 1103/1263/455 1104/1264/456 1101/1260/453
f 1095/1178/447 1102/1265/454 1104/1266/456 1103/1267/455
f 1102/1268/454 1097/1257/449 1098/1256/450 1104/1269/456
f 1098/1256/450 1101/1270/453 1104/1269/456
f 1105/1189/457 1108/1271/460 1110/1272/462 1109/1273/461
f 1108/1271/460 1112/1274/464 1113/1275/465 1110/1272/462
f 1106/1179/458 1111/1276/463 1113/1277/465 1112/1278/464
f 1111/1279/463 1115/1280/467 1116/1281/468 1113/1282/465
f 1107/1184/459 1114/1283/466 1116/1281/468 1115/1280/467
f 1114/1283/466 1109/1284/461 1110/1285/462 1116/1281/468
f 1110/1272/462 1113/1275/465 1116/1270/468
f 1117/1286/469 1120/1287/472 1122/1288/474 1121/1289/473
f 1120/1287/472 1124/1290/476 1125/1291/477 1122/1288/474
f 1118/1197/470 1123/1292/475 1125/1293/477 1124/1294/476
f 1123/1295/475 1127/1296/479 1128/1297/480 1125/1298/477
f 1119/1182/471 1126/1299/478 1128/1297/480 1127/1296/479
f 1126/1299/478 1121/1300/473 1122/1301/474 1128/1297/480
f 1122/1288/474 1125/1291/477 1128/1302/480
f 1129/1186/481 1132/1303/484 1134/1304/486 1133/1305/485
f 1132/1306/484 1136/1307/488 1137/1308/489 1134/1309/486
f 1130/1183/482 1135/1310/487 1137/1308/489 1136/1307/488
f 1135/1310/487 1139/1311/491 1140/1312/492 1137/1308/489
f 1131/1196/483 1138/1313/490 1140/1314/492 1139/1315/491
f 1138/1316/490 1133/1305/485 1134/1304/486 1140/1317/492
f 1134/1304/486 1137/1302/489 1140/1317/492
f 1069/1225/421 1045/1198/397 1049/1201/401 1072/1226/424
f 1072/1226/424 1049/1201/401 1054/1210/406 1076/1229/428
f 1076/1229/428 1054/1210/406 1047/1318/399 1070/1319/422
f 1046/1181/398 1057/1180/409 1061/1214/413 1051/1206/403
f 1051/1206/403 1061/1214/413 1066/1222/418 1055/1207/407
f 1055/1207/407 1066/1222/418 1059/1191/411 1047/1190/399
f 1058/1188/410 1081/1187/433 1085/1242/437 1063/1217/415
f 1063/1217/415 1085/1242/437 1090/1252/442 1067/1220/419
f 1067/1220/419 1090/1252/442 1083/1320/435 1059/1321/411
f 1082/1195/434 1071/1194/423 1079/1235/431 1087/1247/439
f 1087/1247/439 1079/1235/431 1075/1232/427 1091/1248/443
f 1091/1248/443 1075/1232/427 1070/1231/422 1083/1250/435
f 1117/1286/469 1069/1225/421 1073/1228/425 1120/1287/472
f 1120/1287/472 1073/1228/425 1078/1322/430 1124/1290/476
f 1124/1294/476 1078/1237/430 1071/1194/423 1118/1197/470
f 1081/1187/433 1129/1186/481 1133/1305/485 1084/1240/436
f 1084/1240/436 1133/1305/485 1138/1316/490 1088/1323/440
f 1088/1244/440 1138/1313/490 1131/1196/483 1082/1195/434
f 1130/1183/482 1119/1182/471 1127/1296/479 1135/1310/487
f 1135/1310/487 1127/1296/479 1123/1295/475 1139/1311/491
f 1139/1315/491 1123/1292/475 1118/1197/470 1131/1196/483
f 1093/1254/445 1117/1286/469 1121/1289/473 1096/1255/448
f 1096/1258/448 1121/1300/473 1126/1299/478 1100/1259/452
f 1100/1259/452 1126/1299/478 1119/1182/471 1094/1185/446
f 1129/1186/481 1105/1189/457 1109/1273/461 1132/1303/484
f 1132/1306/484 1109/1284/461 1114/1283/466 1136/1307/488
f 1136/1307/488 1114/1283/466 1107/1184/459 1130/1183/482
f 1106/1179/458 1095/1178/447 1103/1267/455 1111/1276/463
f 1111/1279/463 1103/1263/455 1099/1262/451 1115/1280/467
f 1115/1280/467 1099/1262/451 1094/1185/446 1107/1184/459
f 1045/1198/397 1093/1254/445 1097/1257/449 1048/1199/400
f 1048/1199/400 1097/1257/449 1102/1268/454 1052/1324/404
f 1052/1203/404 1102/1265/454 1095/1178/447 1046/1181/398
f 1105/1189/457 1058/1188/410 1064/1219/416 1108/1271/460
f 1108/1271/460 1064/1219/416 1060/1325/412 1112/1274/464
f 1112/1278/464 1060/1212/412 1057/1180/409 1106/1179/458
f 1069/1225/421 1117/1286/469 1093/1254/445 1045/1198/397
o NurbsPath
v -2.028745 10.514481 -0.000000
v -2.011298 10.466528 -0.000000
v -1.992178 10.395137 -0.000000
v -1.972045 10.302519 -0.000000
v -1.951504 10.190794 -0.000000
v -1.931101 10.062001 -0.000000
v -1.911328 9.918099 -0.000000
v -1.892622 9.760964 -0.000000
v -1.875360 9.592395 -0.000000
v -1.859865 9.414101 -0.000000
v -1.846405 9.227713 -0.000000
v -1.835188 9.034783 -0.000000
v -1.826369 8.836776 -0.000000
v -1.820047 8.635082 -0.000000
v -1.816261 8.431004 -0.000000
v -1.814998 8.225761 -0.000000
v -1.816187 8.020497 -0.000000
v -1.819699 7.816269 -0.000000
v -1.825351 7.614055 -0.000000
v -1.832904 7.414751 -0.000000
v -1.842062 7.219169 -0.000000
v -1.852471 7.028039 -0.000000
v -1.863724 6.842013 -0.000000
v -1.875356 6.661659 -0.000000
v -1.886845 6.487462 -0.000000
v -1.897614 6.319827 -0.000000
v -1.907029 6.159076 -0.000000
v -1.914401 6.005451 -0.000000
v -1.918983 5.859110 -0.000000
v -1.919974 5.720129 -0.000000
v -1.916513 5.588505 0.000000
v -1.907700 5.464167 0.000000
v -1.892620 5.347015 0.000000
v -1.870364 5.236941 0.000000
v -1.840024 5.133829 0.000000
v -1.800696 5.037544 0.000000
v -1.751475 4.947948 0.000000
v -1.691463 4.864886 0.000000
v -1.619761 4.788196 0.000000
v -1.535473 4.717705 0.000000
v -1.437706 4.653225 0.000000
v -1.325570 4.594561 0.000000
v -1.198177 4.541506 0.000000
v -1.054640 4.493841 0.000000
v -0.894077 4.451337 0.000000
v -0.715606 4.413754 0.000000
v -0.518349 4.380842 0.000000
v -0.301430 4.352335 0.000000
v -0.063975 4.327964 0.000000
v 0.194888 4.307442 0.000000
v 0.476027 4.290475 0.000000
v 0.780307 4.276757 0.000000
v 1.108595 4.265971 0.000000
v 1.461749 4.257787 0.000000
v 1.840632 4.251869 0.000000
v 2.246098 4.247864 0.000000
v 2.679001 4.245413 0.000000
v 3.140194 4.244143 0.000000
v 3.630526 4.243671 0.000000
v 4.150845 4.243603 0.000000
l 1141 1142
l 1142 1143
l 1143 1144
l 1144 1145
l 1145 1146
l 1146 1147
l 1147 1148
l 1148 1149
l 1149 1150
l 1150 1151
l 1151 1152
l 1152 1153
l 1153 1154
l 1154 1155
l 1155 1156
l 1156 1157
l 1157 1158
l 1158 1159
l 1159 1160
l 1160 1161
l 1161 1162
l 1162 1163
l 1163 1164
l 1164 1165
l 1165 1166
l 1166 1167
l 1167 1168
l 1168 1169
l 1169 1170
l 1170 1171
l 1171 1172
l 1172 1173
l 1173 1174
l 1174 1175
l 1175 1176
l 1176 1177
l 1177 1178
l 1178 1179
l 1179 1180
l 1180 1181
l 1181 1182
l 1182 1183
l 1183 1184
l 1184 1185
l 1185 1186
l 1186 1187
l 1187 1188
l 1188 1189
l 1189 1190
l 1190 1191
l 1191 1192
l 1192 1193
l 1193 1194
l 1194 1195
l 1195 1196
l 1196 1197
l 1197 1198
l 1198 1199
l 1199 1200
o NurbsPath.001
v -7.032845 3.921597 -0.487825
v -6.986041 3.884546 -0.487825
v -6.882872 3.844749 -0.487825
v -6.729835 3.802790 -0.487825
v -6.533112 3.759217 -0.487825
v -6.298570 3.714561 -0.487825
v -6.031764 3.669329 -0.487825
v -5.737933 3.624006 -0.487825
v -5.422001 3.579049 -0.487825
v -5.088576 3.534897 -0.487825
v -4.741959 3.491960 -0.487825
v -4.386124 3.450629 -0.487825
v -4.024739 3.411269 -0.487825
v -3.661158 3.374224 -0.487825
v -3.298416 3.339811 -0.487825
v -2.939237 3.308327 -0.487825
v -2.586027 3.280044 -0.487825
v -2.240881 3.255210 -0.487825
v -1.905578 3.234050 -0.487825
v -1.581582 3.216766 -0.487825
v -1.270041 3.203537 -0.487825
v -0.971792 3.194516 -0.487825
v -0.687356 3.189835 -0.487825
v -0.416940 3.189604 -0.487825
v -0.160433 3.193904 -0.487825
v 0.082588 3.202797 -0.487825
v 0.312858 3.216323 -0.487825
v 0.531430 3.234493 -0.487825
v 0.739672 3.257299 -0.487825
v 0.939264 3.284708 -0.487825
v 1.132201 3.316661 -0.487825
v 1.320742 3.353050 -0.487825
v 1.507265 3.393608 -0.487825
v 1.694212 3.437885 -0.487825
v 1.884091 3.485250 -0.487825
v 2.079479 3.534887 -0.487825
v 2.283016 3.585795 -0.487825
v 2.497412 3.636788 -0.487825
v 2.725441 3.686496 -0.487825
v 2.969941 3.733366 -0.487825
v 3.233821 3.775659 -0.487825
v 3.520053 3.811453 -0.487825
v 3.831678 3.838642 -0.487825
v 4.171802 3.854935 -0.487825
v 4.543593 3.857857 -0.487825
v 4.950294 3.844748 -0.487825
v 5.395206 3.812764 -0.487825
v 5.881703 3.758878 -0.487825
v 6.413219 3.679880 -0.487825
v 6.993261 3.572368 -0.487825
v 7.625397 3.432767 -0.487825
v 8.313260 3.257310 -0.487825
v 9.060557 3.042048 -0.487825
v 9.871053 2.782847 -0.487825
v 10.748586 2.475390 -0.487825
v 11.697057 2.115175 -0.487825
v 12.720427 1.697517 -0.487825
v 13.822739 1.217543 -0.487825
v 15.008085 0.670202 -0.487825
v 16.280638 0.050251 -0.487825
l 1201 1202
l 1202 1203
l 1203 1204
l 1204 1205
l 1205 1206
l 1206 1207
l 1207 1208
l 1208 1209
l 1209 1210
l 1210 1211
l 1211 1212
l 1212 1213
l 1213 1214
l 1214 1215
l 1215 1216
l 1216 1217
l 1217 1218
l 1218 1219
l 1219 1220
l 1220 1221
l 1221 1222
l 1222 1223
l 1223 1224
l 1224 1225
l 1225 1226
l 1226 1227
l 1227 1228
l 1228 1229
l 1229 1230
l 1230 1231
l 1231 1232
l 1232 1233
l 1233 1234
l 1234 1235
l 1235 1236
l 1236 1237
l 1237 1238
l 1238 1239
l 1239 1240
l 1240 1241
l 1241 1242
l 1242 1243
l 1243 1244
l 1244 1245
l 1245 1246
l 1246 1247
l 1247 1248
l 1248 1249
l 1249 1250
l 1250 1251
l 1251 1252
l 1252 1253
l 1253 1254
l 1254 1255
l 1255 1256
l 1256 1257
l 1257 1258
l 1258 1259
l 1259 1260
o Cube.002
v -0.421247 4.424416 13.084491
v -0.421643 4.471605 13.206363
v -0.488888 4.471597 13.084490
v -0.421300 4.430721 13.145346
v -0.454927 4.430666 13.084491
v -0.453539 4.436788 13.142775
v -0.455176 4.471550 13.190084
v -0.421446 4.448041 13.190083
v -0.453614 4.448983 13.174269
v -0.479787 4.448022 13.084491
v -0.479892 4.471586 13.145350
v -0.471041 4.449008 13.142772
v -0.423453 4.687137 13.206363
v -0.423849 4.734326 13.084491
v -0.489715 4.687134 13.084490
v -0.423651 4.710701 13.190083
v -0.456487 4.687086 13.190084
v -0.455225 4.709651 13.174271
v -0.456736 4.727973 13.084491
v -0.423797 4.728023 13.145348
v -0.455300 4.721847 13.142775
v -0.480847 4.687123 13.145350
v -0.480952 4.710687 13.084493
v -0.472348 4.709678 13.142770
v -0.421245 4.424424 -13.084491
v -0.488884 4.471607 -13.084491
v -0.421640 4.471613 -13.206366
v -0.454924 4.430674 -13.084491
v -0.421297 4.430729 -13.145347
v -0.453536 4.436796 -13.142774
v -0.479889 4.471595 -13.145349
v -0.479785 4.448030 -13.084492
v -0.471036 4.449016 -13.142772
v -0.421443 4.448050 -13.190083
v -0.455173 4.471560 -13.190083
v -0.453610 4.448991 -13.174268
v -0.423846 4.734335 -13.084491
v -0.423450 4.687145 -13.206365
v -0.489711 4.687145 -13.084490
v -0.423793 4.728030 -13.145347
v -0.456733 4.727981 -13.084491
v -0.455297 4.721855 -13.142776
v -0.456484 4.687095 -13.190083
v -0.423648 4.710709 -13.190083
v -0.455221 4.709660 -13.174269
v -0.480949 4.710695 -13.084493
v -0.480845 4.687131 -13.145350
v -0.472344 4.709687 -13.142772
v 0.505286 4.473765 13.084490
v 0.560863 4.527256 13.084491
v 0.500102 4.520669 13.206365
v 0.535120 4.483356 13.084490
v 0.504594 4.480030 13.145348
v 0.533130 4.489299 13.142772
v 0.552742 4.526384 13.145348
v 0.555520 4.502985 13.084491
v 0.547491 4.503120 13.142773
v 0.502690 4.497249 13.190083
v 0.530438 4.523974 13.190083
v 0.531735 4.501415 13.174269
v 0.471237 4.781811 13.084490
v 0.476422 4.734904 13.206366
v 0.535183 4.741261 13.084491
v 0.471930 4.775542 13.145346
v 0.501079 4.778714 13.084490
v 0.500546 4.772496 13.142773
v 0.505760 4.738096 13.190083
v 0.473833 4.758326 13.190083
v 0.501941 4.760380 13.174268
v 0.524551 4.763821 13.084490
v 0.527329 4.740419 13.145348
v 0.517071 4.762012 13.142772
v 0.505284 4.473776 -13.084490
v 0.500100 4.520681 -13.206366
v 0.560862 4.527267 -13.084491
v 0.504592 4.480042 -13.145349
v 0.535122 4.483365 -13.084490
v 0.533129 4.489310 -13.142772
v 0.530440 4.523983 -13.190082
v 0.502688 4.497260 -13.190081
v 0.531735 4.501423 -13.174267
v 0.555522 4.502993 -13.084491
v 0.552744 4.526393 -13.145349
v 0.547492 4.503130 -13.142772
v 0.471235 4.781822 -13.084490
v 0.535182 4.741271 -13.084491
v 0.476420 4.734916 -13.206365
v 0.501081 4.778723 -13.084490
v 0.471929 4.775555 -13.145349
v 0.500546 4.772505 -13.142772
v 0.527331 4.740428 -13.145347
v 0.524553 4.763829 -13.084491
v 0.517072 4.762024 -13.142772
v 0.473831 4.758338 -13.190083
v 0.505762 4.738105 -13.190082
v 0.501940 4.760390 -13.174266
v 1.021283 4.552788 13.084495
v 1.012172 4.599092 13.206367
v 0.952381 4.587537 13.084493
v 1.020066 4.558973 13.145352
v 0.990017 4.553180 13.084493
v 0.990132 4.559441 13.142777
v 0.982313 4.593335 13.190085
v 1.016722 4.575969 13.190087
v 0.987833 4.571417 13.174273
v 0.964726 4.565929 13.084491
v 0.960368 4.589087 13.145348
v 0.972327 4.568418 13.142775
v 0.970559 4.810575 13.206369
v 0.961448 4.856879 13.084495
v 0.912782 4.799408 13.084491
v 0.966009 4.833696 13.190087
v 0.941705 4.805014 13.190084
v 0.938669 4.827413 13.174273
v 0.934002 4.845168 13.084495
v 0.962665 4.850692 13.145350
v 0.936369 4.839390 13.142777
v 0.920499 4.800906 13.145348
v 0.916140 4.824065 13.084491
v 0.923793 4.824533 13.142775
v 1.021283 4.552796 -13.084495
v 0.952380 4.587545 -13.084491
v 1.012172 4.599100 -13.206367
v 0.990016 4.553192 -13.084492
v 1.020066 4.558981 -13.145350
v 0.990133 4.559450 -13.142776
v 0.960368 4.589096 -13.145349
v 0.964726 4.565938 -13.084491
v 0.972327 4.568428 -13.142774
v 1.016722 4.575978 -13.190085
v 0.982312 4.593346 -13.190084
v 0.987833 4.571426 -13.174273
v 0.961448 4.856886 -13.084493
v 0.970559 4.810583 -13.206367
v 0.912781 4.799416 -13.084492
v 0.962665 4.850701 -13.145350
v 0.934001 4.845179 -13.084491
v 0.936370 4.839398 -13.142776
v 0.941704 4.805026 -13.190085
v 0.966009 4.833705 -13.190086
v 0.938669 4.827423 -13.174273
v 0.916140 4.824073 -13.084490
v 0.920499 4.800915 -13.145347
v 0.923793 4.824543 -13.142773
v 1.991966 4.785748 13.084491
v 2.058187 4.850026 13.084491
v 1.980785 4.831598 13.206365
v 2.029021 4.801059 13.084491
v 1.990472 4.791875 13.145348
v 2.025954 4.806622 13.142775
v 2.047844 4.847568 13.145350
v 2.053327 4.824650 13.084495
v 2.043065 4.823232 13.142775
v 1.986368 4.808704 13.190083
v 2.019434 4.840804 13.190084
v 2.023093 4.818477 13.174271
v 1.918540 5.086847 13.084490
v 1.929721 5.041000 13.206366
v 2.008180 5.059684 13.084491
v 1.920033 5.080722 13.145348
v 1.959311 5.090083 13.084491
v 1.959086 5.083734 13.142775
v 1.968898 5.050335 13.190083
v 1.924138 5.063894 13.190083
v 1.961946 5.071877 13.174271
v 1.992213 5.080111 13.084495
v 1.997696 5.057192 13.145350
v 1.982249 5.076712 13.142773
v 1.991966 4.785759 -13.084491
v 1.980785 4.831606 -13.206365
v 2.058187 4.850038 -13.084491
v 1.990472 4.791884 -13.145349
v 2.029021 4.801067 -13.084491
v 2.025951 4.806633 -13.142774
v 2.019434 4.840814 -13.190083
v 1.986368 4.808713 -13.190083
v 2.023090 4.818487 -13.174272
v 2.053327 4.824657 -13.084493
v 2.047845 4.847574 -13.145350
v 2.043065 4.823241 -13.142774
v 1.918540 5.086856 -13.084491
v 2.008180 5.059696 -13.084491
v 1.929721 5.041009 -13.206365
v 1.959311 5.090092 -13.084492
v 1.920033 5.080732 -13.145347
v 1.959084 5.083744 -13.142774
v 1.997697 5.057199 -13.145350
v 1.992214 5.080117 -13.084493
v 1.982249 5.076722 -13.142774
v 1.924138 5.063903 -13.190083
v 1.968898 5.050344 -13.190083
v 1.961945 5.071889 -13.174271
v 2.672117 4.933481 13.084491
v 2.663550 4.979888 13.206365
v 2.581467 4.964181 13.084493
v 2.670973 4.939680 13.145348
v 2.630146 4.931878 13.084491
v 2.630739 4.938228 13.142775
v 2.622559 4.972055 13.190084
v 2.667828 4.956715 13.190084
v 2.628479 4.950213 13.174269
v 2.596872 4.943144 13.084493
v 2.592430 4.966287 13.145350
v 2.607313 4.946157 13.142775
v 2.624421 5.191845 13.206366
v 2.615854 5.238253 13.084491
v 2.540606 5.175812 13.084493
v 2.620143 5.215018 13.190084
v 2.582564 5.183852 13.190084
v 2.580153 5.206367 13.174271
v 2.574978 5.224028 13.084491
v 2.616999 5.232053 13.145350
v 2.577893 5.218351 13.142775
v 2.551800 5.177961 13.145350
v 2.547358 5.201103 13.084493
v 2.558447 5.202210 13.142775
v 2.672116 4.933489 -13.084492
v 2.581465 4.964193 -13.084492
v 2.663549 4.979897 -13.206366
v 2.630147 4.931889 -13.084491
v 2.670972 4.939690 -13.145347
v 2.630738 4.938236 -13.142774
v 2.592430 4.966295 -13.145350
v 2.596872 4.943152 -13.084493
v 2.607312 4.946170 -13.142773
v 2.667827 4.956725 -13.190083
v 2.622560 4.972066 -13.190085
v 2.628478 4.950222 -13.174269
v 2.615853 5.238261 -13.084491
v 2.624420 5.191854 -13.206366
v 2.540605 5.175823 -13.084492
v 2.616998 5.232062 -13.145349
v 2.574979 5.224039 -13.084492
v 2.577892 5.218360 -13.142773
v 2.582566 5.183862 -13.190083
v 2.620142 5.215028 -13.190083
v 2.580153 5.206376 -13.174269
v 2.547359 5.201112 -13.084493
v 2.551801 5.177969 -13.145350
v 2.558446 5.202222 -13.142772
v 3.874432 5.076833 13.084491
v 3.955738 5.127999 13.084490
v 3.871855 5.123952 13.206366
v 3.915800 5.085151 13.084493
v 3.874088 5.083128 13.145350
v 3.913726 5.091181 13.142773
v 3.944531 5.127464 13.145348
v 3.945644 5.103927 13.084493
v 3.934737 5.104402 13.142773
v 3.873142 5.100423 13.190084
v 3.913741 5.125985 13.190084
v 3.913110 5.103361 13.174269
v 3.857511 5.386292 13.084491
v 3.860087 5.339171 13.206366
v 3.945799 5.343308 13.084491
v 3.857855 5.379996 13.145350
v 3.900827 5.382086 13.084491
v 3.899319 5.375881 13.142773
v 3.902886 5.341250 13.190084
v 3.858801 5.362700 13.190084
v 3.899935 5.363701 13.174269
v 3.933234 5.366301 13.084491
v 3.934348 5.342762 13.145348
v 3.922134 5.364770 13.142775
v 3.874434 5.076841 -13.084491
v 3.871857 5.123962 -13.206366
v 3.955741 5.128008 -13.084491
v 3.874090 5.083137 -13.145349
v 3.915802 5.085160 -13.084491
v 3.913728 5.091192 -13.142773
v 3.913743 5.125994 -13.190084
v 3.873144 5.100432 -13.190084
v 3.913112 5.103371 -13.174268
v 3.945647 5.103933 -13.084491
v 3.944534 5.127471 -13.145349
v 3.934740 5.104410 -13.142772
v 3.857513 5.386301 -13.084491
v 3.945802 5.343318 -13.084490
v 3.860089 5.339180 -13.206366
v 3.900829 5.382095 -13.084491
v 3.857857 5.380005 -13.145349
v 3.899321 5.375892 -13.142773
v 3.934350 5.342769 -13.145350
v 3.933237 5.366308 -13.084491
v 3.922137 5.364779 -13.142772
v 3.858803 5.362710 -13.190083
v 3.902888 5.341259 -13.190083
v 3.899937 5.363711 -13.174268
v 4.585694 5.091704 13.084493
v 4.586381 5.138890 13.206366
v 4.503521 5.139387 13.084493
v 4.585786 5.098009 13.145348
v 4.544721 5.098748 13.084495
v 4.546539 5.104881 13.142772
v 4.545165 5.139631 13.190085
v 4.586038 5.115329 13.190084
v 4.546674 5.117077 13.174266
v 4.514444 5.115890 13.084491
v 4.514631 5.139454 13.145348
v 4.525224 5.116953 13.142773
v 4.589516 5.354407 13.206365
v 4.590202 5.401593 13.084493
v 4.505011 5.354921 13.084493
v 4.589859 5.377969 13.190084
v 4.547504 5.355157 13.190084
v 4.549546 5.377735 13.174268
v 4.547948 5.396042 13.084493
v 4.590111 5.395290 13.145348
v 4.549680 5.389929 13.142770
v 4.516348 5.354986 13.145348
v 4.516536 5.378551 13.084491
v 4.527566 5.377615 13.142770
v 4.585700 5.091708 -13.084492
v 4.503527 5.139396 -13.084492
v 4.586387 5.138896 -13.206366
v 4.544725 5.098753 -13.084492
v 4.585792 5.098013 -13.145350
v 4.546544 5.104886 -13.142772
v 4.514639 5.139462 -13.145350
v 4.514452 5.115898 -13.084491
v 4.525230 5.116959 -13.142772
v 4.586044 5.115334 -13.190084
v 4.545169 5.139638 -13.190085
v 4.546678 5.117081 -13.174268
v 4.590208 5.401597 -13.084492
v 4.589521 5.354412 -13.206366
v 4.505016 5.354929 -13.084492
v 4.590116 5.395295 -13.145350
v 4.547953 5.396049 -13.084493
v 4.549685 5.389934 -13.142772
v 4.547509 5.355164 -13.190085
v 4.589864 5.377974 -13.190084
v 4.549551 5.377739 -13.174268
v 4.516543 5.378559 -13.084491
v 4.516356 5.354995 -13.145347
v 4.527573 5.377622 -13.142772
v 5.752498 5.015494 13.084493
v 5.837460 5.053557 13.084491
v 5.757606 5.062408 13.206367
v 5.792939 5.017360 13.084493
v 5.753180 5.021762 13.145350
v 5.791935 5.023631 13.142773
v 5.826792 5.054742 13.145350
v 5.824126 5.031328 13.084493
v 5.813892 5.033467 13.142775
v 5.755055 5.038982 13.190083
v 5.797480 5.057993 13.190084
v 5.793288 5.035750 13.174269
v 5.786045 5.323595 13.084493
v 5.780937 5.276681 13.206366
v 5.862003 5.267694 13.084491
v 5.785362 5.317328 13.145350
v 5.825956 5.312832 13.084493
v 5.823559 5.306936 13.142773
v 5.821416 5.272200 13.190084
v 5.783487 5.300107 13.190084
v 5.822206 5.294815 13.174269
v 5.853839 5.292311 13.084493
v 5.851173 5.268898 13.145350
v 5.843188 5.292489 13.142775
v 5.752503 5.015500 -13.084492
v 5.757612 5.062414 -13.206366
v 5.837466 5.053563 -13.084492
v 5.753186 5.021767 -13.145350
v 5.792946 5.017366 -13.084493
v 5.791943 5.023639 -13.142773
v 5.797486 5.058000 -13.190085
v 5.755061 5.038988 -13.190084
v 5.793295 5.035759 -13.174268
v 5.824131 5.031333 -13.084493
v 5.826797 5.054746 -13.145350
v 5.813897 5.033475 -13.142773
v 5.786051 5.323601 -13.084492
v 5.862009 5.267698 -13.084491
v 5.780943 5.276687 -13.206366
v 5.825963 5.312840 -13.084491
v 5.785368 5.317333 -13.145350
v 5.823565 5.306944 -13.142774
v 5.851178 5.268902 -13.145350
v 5.853844 5.292316 -13.084492
v 5.843193 5.292497 -13.142772
v 5.783493 5.300113 -13.190083
v 5.821423 5.272206 -13.190084
v 5.822213 5.294825 -13.174268
vn -0.0640 -0.9967 0.0506
vn -0.2114 -0.3235 0.9223
vn -0.9794 -0.1889 0.0714
vn -0.0687 -0.9746 0.2130
vn -0.3646 -0.9298 0.0506
vn -0.3624 -0.9096 0.2032
vn -0.6918 -0.2509 0.6771
vn -0.1178 -0.8249 0.5529
vn -0.4971 -0.7221 0.4812
vn -0.7686 -0.6369 0.0601
vn -0.9350 -0.1931 0.2975
vn -0.7447 -0.6228 0.2398
vn -0.2308 0.3044 0.9241
vn -0.1209 0.9914 0.0508
vn -0.9813 0.1789 0.0710
vn -0.1672 0.8112 0.5603
vn -0.6958 0.2416 0.6763
vn -0.5058 0.7159 0.4813
vn -0.3724 0.9267 0.0507
vn -0.1245 0.9686 0.2154
vn -0.3703 0.9063 0.2036
vn -0.9374 0.1827 0.2965
vn -0.7757 0.6282 0.0599
vn -0.7523 0.6140 0.2391
vn -0.0640 -0.9967 -0.0506
vn -0.9794 -0.1889 -0.0714
vn -0.2114 -0.3235 -0.9223
vn -0.3646 -0.9298 -0.0506
vn -0.0687 -0.9746 -0.2130
vn -0.3624 -0.9096 -0.2032
vn -0.9350 -0.1931 -0.2975
vn -0.7686 -0.6369 -0.0601
vn -0.7447 -0.6228 -0.2398
vn -0.1178 -0.8249 -0.5529
vn -0.6919 -0.2509 -0.6770
vn -0.4971 -0.7221 -0.4811
vn -0.1209 0.9914 -0.0508
vn -0.2309 0.3044 -0.9241
vn -0.9813 0.1789 -0.0710
vn -0.1244 0.9686 -0.2154
vn -0.3724 0.9267 -0.0507
vn -0.3703 0.9063 -0.2036
vn -0.6958 0.2416 -0.6763
vn -0.1672 0.8112 -0.5603
vn -0.5058 0.7159 -0.4813
vn -0.7757 0.6282 -0.0599
vn -0.9374 0.1827 -0.2965
vn -0.7522 0.6140 -0.2391
vn 0.1764 -0.9830 0.0507
vn 0.9966 -0.0495 0.0652
vn 0.2648 -0.2919 0.9191
vn 0.4871 -0.8719 0.0504
vn 0.1790 -0.9604 0.2136
vn 0.4830 -0.8514 0.2043
vn 0.9592 -0.0591 0.2766
vn 0.8607 -0.5058 0.0574
vn 0.8372 -0.4952 0.2321
vn 0.2163 -0.8037 0.5544
vn 0.7437 -0.1483 0.6519
vn 0.6030 -0.6397 0.4766
vn 0.0256 0.9984 0.0506
vn 0.2198 0.3307 0.9178
vn 0.9575 0.2814 0.0639
vn 0.0321 0.9763 0.2141
vn 0.3049 0.9511 0.0495
vn 0.3059 0.9312 0.1980
vn 0.6958 0.3201 0.6429
vn 0.0976 0.8242 0.5579
vn 0.4618 0.7574 0.4617
vn 0.7293 0.6819 0.0550
vn 0.9203 0.2819 0.2712
vn 0.7114 0.6672 0.2210
vn 0.1764 -0.9830 -0.0507
vn 0.2647 -0.2920 -0.9191
vn 0.9966 -0.0495 -0.0652
vn 0.1790 -0.9604 -0.2136
vn 0.4871 -0.8719 -0.0505
vn 0.4830 -0.8515 -0.2043
vn 0.7436 -0.1484 -0.6519
vn 0.2163 -0.8037 -0.5543
vn 0.6029 -0.6398 -0.4766
vn 0.8607 -0.5058 -0.0574
vn 0.9592 -0.0591 -0.2766
vn 0.8372 -0.4952 -0.2321
vn 0.0257 0.9984 -0.0506
vn 0.9575 0.2814 -0.0638
vn 0.2198 0.3307 -0.9178
vn 0.3049 0.9511 -0.0495
vn 0.0322 0.9763 -0.2141
vn 0.3059 0.9312 -0.1980
vn 0.9203 0.2819 -0.2712
vn 0.7293 0.6819 -0.0550
vn 0.7113 0.6672 -0.2210
vn 0.0976 0.8242 -0.5579
vn 0.6958 0.3201 -0.6430
vn 0.4618 0.7573 -0.4618
vn 0.1071 -0.9930 0.0506
vn -0.1702 -0.3593 0.9176
vn -0.9336 -0.3523 0.0648
vn 0.0977 -0.9721 0.2131
vn -0.2194 -0.9744 0.0497
vn -0.2213 -0.9550 0.1976
vn -0.6644 -0.3757 0.6461
vn 0.0175 -0.8329 0.5532
vn -0.3893 -0.7955 0.4643
vn -0.6625 -0.7470 0.0563
vn -0.8949 -0.3521 0.2740
vn -0.6445 -0.7310 0.2240
vn -0.3040 0.2492 0.9195
vn -0.3104 0.9492 0.0508
vn -0.9976 -0.0261 0.0638
vn -0.3255 0.7599 0.5627
vn -0.7586 0.0841 0.6461
vn -0.6649 0.5776 0.4737
vn -0.5678 0.8216 0.0502
vn -0.3094 0.9259 0.2167
vn -0.5615 0.8017 0.2047
vn -0.9621 -0.0165 0.2720
vn -0.9062 0.4192 0.0557
vn -0.8833 0.4099 0.2274
vn 0.1071 -0.9930 -0.0506
vn -0.9336 -0.3523 -0.0648
vn -0.1702 -0.3593 -0.9176
vn -0.2194 -0.9744 -0.0497
vn 0.0977 -0.9721 -0.2130
vn -0.2213 -0.9550 -0.1975
vn -0.8949 -0.3521 -0.2740
vn -0.6624 -0.7470 -0.0563
vn -0.6445 -0.7310 -0.2240
vn 0.0175 -0.8329 -0.5532
vn -0.6644 -0.3757 -0.6461
vn -0.3893 -0.7955 -0.4643
vn -0.3104 0.9492 -0.0508
vn -0.3040 0.2492 -0.9195
vn -0.9976 -0.0261 -0.0638
vn -0.3094 0.9259 -0.2167
vn -0.5678 0.8217 -0.0502
vn -0.5615 0.8018 -0.2047
vn -0.7586 0.0841 -0.6461
vn -0.3255 0.7599 -0.5627
vn -0.6648 0.5776 -0.4737
vn -0.9062 0.4192 -0.0557
vn -0.9621 -0.0165 -0.2720
vn -0.8833 0.4100 -0.2274
vn 0.3052 -0.9509 0.0510
vn 0.9961 0.0267 0.0839
vn 0.2549 -0.2621 0.9308
vn 0.5310 -0.8458 0.0521
vn 0.3029 -0.9279 0.2174
vn 0.5217 -0.8265 0.2114
vn 0.9408 0.0122 0.3388
vn 0.8709 -0.4868 0.0676
vn 0.8360 -0.4789 0.2678
vn 0.3047 -0.7693 0.5615
vn 0.6799 -0.0989 0.7266
vn 0.6037 -0.6145 0.5079
vn -0.1538 0.9868 0.0509
vn 0.1083 0.3535 0.9291
vn 0.8909 0.4464 0.0836
vn -0.1447 0.9657 0.2155
vn 0.1015 0.9935 0.0513
vn 0.1013 0.9739 0.2030
vn 0.5561 0.4128 0.7213
vn -0.0709 0.8273 0.5573
vn 0.2611 0.8299 0.4930
vn 0.5353 0.8421 0.0658
vn 0.8360 0.4348 0.3347
vn 0.5102 0.8220 0.2529
vn 0.3053 -0.9509 -0.0510
vn 0.2549 -0.2621 -0.9308
vn 0.9961 0.0267 -0.0839
vn 0.3029 -0.9279 -0.2174
vn 0.5310 -0.8458 -0.0521
vn 0.5217 -0.8265 -0.2114
vn 0.6799 -0.0989 -0.7266
vn 0.3048 -0.7693 -0.5615
vn 0.6037 -0.6145 -0.5079
vn 0.8709 -0.4868 -0.0676
vn 0.9408 0.0122 -0.3388
vn 0.8360 -0.4789 -0.2679
vn -0.1538 0.9868 -0.0509
vn 0.8909 0.4464 -0.0837
vn 0.1083 0.3535 -0.9292
vn 0.1015 0.9935 -0.0513
vn -0.1447 0.9657 -0.2155
vn 0.1013 0.9739 -0.2030
vn 0.8360 0.4348 -0.3347
vn 0.5353 0.8421 -0.0658
vn 0.5102 0.8220 -0.2529
vn -0.0709 0.8273 -0.5573
vn 0.5561 0.4128 -0.7213
vn 0.2611 0.8299 -0.4930
vn 0.0770 -0.9957 0.0510
vn -0.1306 -0.3376 0.9322
vn -0.9072 -0.4115 0.0870
vn 0.0698 -0.9737 0.2167
vn -0.1363 -0.9893 0.0516
vn -0.1353 -0.9695 0.2045
vn -0.5602 -0.3846 0.7337
vn 0.0066 -0.8272 0.5618
vn -0.2868 -0.8185 0.4978
vn -0.5626 -0.8240 0.0672
vn -0.8489 -0.3999 0.3456
vn -0.5356 -0.8040 0.2582
vn -0.2238 0.2905 0.9303
vn -0.2205 0.9741 0.0509
vn -0.9955 0.0325 0.0885
vn -0.2338 0.7986 0.5546
vn -0.6561 0.1439 0.7408
vn -0.5542 0.6567 0.5114
vn -0.4753 0.8783 0.0523
vn -0.2202 0.9514 0.2151
vn -0.4669 0.8587 0.2114
vn -0.9346 0.0460 0.3526
vn -0.8302 0.5531 0.0701
vn -0.7928 0.5442 0.2745
vn 0.0770 -0.9957 -0.0510
vn -0.9072 -0.4115 -0.0870
vn -0.1306 -0.3376 -0.9322
vn -0.1364 -0.9893 -0.0516
vn 0.0697 -0.9737 -0.2167
vn -0.1354 -0.9695 -0.2045
vn -0.8489 -0.4000 -0.3456
vn -0.5626 -0.8240 -0.0672
vn -0.5357 -0.8040 -0.2582
vn 0.0066 -0.8272 -0.5618
vn -0.5602 -0.3846 -0.7337
vn -0.2868 -0.8185 -0.4978
vn -0.2205 0.9741 -0.0509
vn -0.2238 0.2905 -0.9303
vn -0.9955 0.0325 -0.0885
vn -0.2202 0.9514 -0.2151
vn -0.4753 0.8783 -0.0523
vn -0.4669 0.8587 -0.2114
vn -0.6561 0.1439 -0.7408
vn -0.2338 0.7986 -0.5546
vn -0.5542 0.6568 -0.5114
vn -0.8302 0.5531 -0.0701
vn -0.9346 0.0460 -0.3526
vn -0.7927 0.5442 -0.2745
vn 0.1577 -0.9862 0.0510
vn 0.9802 -0.1777 0.0879
vn 0.2032 -0.2963 0.9332
vn 0.3555 -0.9332 0.0520
vn 0.1590 -0.9631 0.2172
vn 0.3505 -0.9130 0.2086
vn 0.9190 -0.1806 0.3504
vn 0.7441 -0.6646 0.0686
vn 0.7114 -0.6499 0.2674
vn 0.1830 -0.8057 0.5633
vn 0.6320 -0.2357 0.7383
vn 0.4647 -0.7271 0.5054
vn -0.0099 0.9987 0.0508
vn 0.1480 0.3366 0.9299
vn 0.9567 0.2774 0.0885
vn -0.0047 0.9769 0.2136
vn 0.2594 0.9644 0.0519
vn 0.2562 0.9442 0.2069
vn 0.6021 0.3020 0.7391
vn 0.0423 0.8327 0.5521
vn 0.3852 0.7734 0.5035
vn 0.6664 0.7424 0.0689
vn 0.8948 0.2754 0.3514
vn 0.6346 0.7256 0.2661
vn 0.1577 -0.9862 -0.0510
vn 0.2032 -0.2964 -0.9332
vn 0.9802 -0.1777 -0.0879
vn 0.1590 -0.9631 -0.2172
vn 0.3555 -0.9332 -0.0520
vn 0.3505 -0.9130 -0.2086
vn 0.6320 -0.2357 -0.7383
vn 0.1830 -0.8057 -0.5633
vn 0.4646 -0.7271 -0.5054
vn 0.7441 -0.6646 -0.0686
vn 0.9190 -0.1807 -0.3504
vn 0.7114 -0.6500 -0.2674
vn -0.0099 0.9987 -0.0508
vn 0.9567 0.2774 -0.0885
vn 0.1480 0.3366 -0.9299
vn 0.2594 0.9644 -0.0519
vn -0.0047 0.9769 -0.2136
vn 0.2562 0.9442 -0.2069
vn 0.8948 0.2753 -0.3514
vn 0.6664 0.7424 -0.0689
vn 0.6346 0.7256 -0.2661
vn 0.0423 0.8327 -0.5521
vn 0.6021 0.3021 -0.7391
vn 0.3852 0.7734 -0.5035
vn -0.1173 -0.9918 0.0510
vn -0.1941 -0.3075 0.9315
vn -0.9721 -0.2177 0.0873
vn -0.1199 -0.9689 0.2164
vn -0.3228 -0.9450 0.0520
vn -0.3190 -0.9246 0.2081
vn -0.6267 -0.2585 0.7351
vn -0.1514 -0.8142 0.5606
vn -0.4418 -0.7421 0.5041
vn -0.7130 -0.6978 0.0684
vn -0.9116 -0.2183 0.3483
vn -0.6816 -0.6818 0.2657
vn -0.1657 0.3269 0.9304
vn -0.0327 0.9982 0.0508
vn -0.9684 0.2337 0.0875
vn -0.0793 0.8285 0.5543
vn -0.6174 0.2778 0.7359
vn -0.4172 0.7574 0.5023
vn -0.2989 0.9529 0.0517
vn -0.0369 0.9761 0.2141
vn -0.2948 0.9329 0.2069
vn -0.9074 0.2345 0.3488
vn -0.7051 0.7058 0.0684
vn -0.6729 0.6904 0.2656
vn -0.1173 -0.9918 -0.0510
vn -0.9721 -0.2177 -0.0873
vn -0.1940 -0.3075 -0.9316
vn -0.3228 -0.9450 -0.0520
vn -0.1199 -0.9689 -0.2164
vn -0.3191 -0.9246 -0.2081
vn -0.9116 -0.2183 -0.3483
vn -0.7131 -0.6978 -0.0683
vn -0.6817 -0.6817 -0.2657
vn -0.1513 -0.8141 -0.5606
vn -0.6267 -0.2584 -0.7351
vn -0.4418 -0.7421 -0.5041
vn -0.0327 0.9982 -0.0508
vn -0.1657 0.3269 -0.9304
vn -0.9683 0.2338 -0.0876
vn -0.0369 0.9761 -0.2141
vn -0.2989 0.9529 -0.0518
vn -0.2948 0.9329 -0.2069
vn -0.6174 0.2778 -0.7359
vn -0.0793 0.8285 -0.5543
vn -0.4172 0.7574 -0.5024
vn -0.7051 0.7058 -0.0684
vn -0.9074 0.2346 -0.3488
vn -0.6729 0.6904 -0.2656
vn -0.0087 -0.9987 0.0509
vn 0.9402 -0.3301 0.0841
vn 0.1586 -0.3301 0.9305
vn 0.2195 -0.9743 0.0515
vn -0.0030 -0.9764 0.2158
vn 0.2178 -0.9543 0.2047
vn 0.8836 -0.3245 0.3375
vn 0.6379 -0.7673 0.0661
vn 0.6108 -0.7491 0.2566
vn 0.0503 -0.8271 0.5598
vn 0.6015 -0.3369 0.7243
vn 0.3601 -0.7902 0.4958
vn 0.1609 0.9857 0.0509
vn 0.2115 0.3018 0.9296
vn 0.9910 0.1037 0.0851
vn 0.1623 0.9631 0.2148
vn 0.4169 0.9074 0.0520
vn 0.4107 0.8874 0.2093
vn 0.6571 0.1899 0.7295
vn 0.1870 0.8104 0.5553
vn 0.5158 0.6919 0.5052
vn 0.7934 0.6048 0.0680
vn 0.9330 0.1121 0.3420
vn 0.7599 0.5928 0.2667
vn -0.0087 -0.9987 -0.0509
vn 0.1586 -0.3301 -0.9305
vn 0.9402 -0.3301 -0.0841
vn -0.0030 -0.9764 -0.2158
vn 0.2195 -0.9743 -0.0515
vn 0.2178 -0.9543 -0.2047
vn 0.6015 -0.3369 -0.7243
vn 0.0504 -0.8271 -0.5598
vn 0.3601 -0.7902 -0.4958
vn 0.6379 -0.7673 -0.0661
vn 0.8836 -0.3246 -0.3375
vn 0.6108 -0.7491 -0.2566
vn 0.1608 0.9857 -0.0509
vn 0.9910 0.1037 -0.0851
vn 0.2114 0.3018 -0.9296
vn 0.4169 0.9074 -0.0520
vn 0.1623 0.9631 -0.2148
vn 0.4107 0.8874 -0.2093
vn 0.9330 0.1121 -0.3420
vn 0.7935 0.6048 -0.0680
vn 0.7599 0.5928 -0.2667
vn 0.1870 0.8104 -0.5553
vn 0.6571 0.1899 -0.7295
vn 0.5158 0.6919 -0.5052
vt 0.206190 0.002132
vt 0.218392 0.002132
vt 0.218392 0.067331
vt 0.206190 0.067331
vt 0.201561 0.995997
vt 0.189359 0.995997
vt 0.189359 0.004003
vt 0.201561 0.004003
vt 0.132879 0.829790
vt 0.086644 0.829790
vt 0.086644 0.003335
vt 0.132879 0.003335
vt 0.206190 0.072799
vt 0.218392 0.072799
vt 0.218392 0.275941
vt 0.206190 0.275941
vt 0.206190 0.281409
vt 0.218392 0.281409
vt 0.218392 0.346609
vt 0.206190 0.346609
vt 0.183838 0.003335
vt 0.183838 0.001413
vt 0.185371 0.001494
vt 0.185439 0.003335
vt 0.203876 0.067805
vt 0.204856 0.067458
vt 0.204913 0.069743
vt 0.204222 0.069987
vt 0.206190 0.069716
vt 0.206190 0.071723
vt 0.204913 0.071156
vt 0.204856 0.072195
vt 0.186616 0.003335
vt 0.186200 0.001494
vt 0.219726 0.067458
vt 0.219670 0.069743
vt 0.218392 0.069716
vt 0.220707 0.067805
vt 0.220360 0.069987
vt 0.085043 0.003335
vt 0.085111 0.001494
vt 0.086644 0.001413
vt 0.083866 0.003335
vt 0.084282 0.001494
vt 0.218392 0.071723
vt 0.219670 0.071156
vt 0.219726 0.072195
vt 0.183838 0.829790
vt 0.185439 0.829790
vt 0.185371 0.831631
vt 0.183838 0.831712
vt 0.186616 0.829790
vt 0.186200 0.831631
vt 0.206190 0.275941
vt 0.206190 0.277018
vt 0.204913 0.277585
vt 0.204856 0.276545
vt 0.206190 0.279025
vt 0.204913 0.278998
vt 0.204856 0.281283
vt 0.203876 0.280936
vt 0.204222 0.278753
vt 0.086644 0.831712
vt 0.085111 0.831631
vt 0.085043 0.829790
vt 0.220707 0.280936
vt 0.219726 0.281283
vt 0.219670 0.278998
vt 0.220360 0.278753
vt 0.218392 0.279025
vt 0.218392 0.277018
vt 0.219670 0.277585
vt 0.218392 0.275941
vt 0.219726 0.276545
vt 0.083866 0.829790
vt 0.084282 0.831631
vt 0.137603 0.003335
vt 0.136002 0.003335
vt 0.136070 0.001494
vt 0.137603 0.001413
vt 0.203876 0.004003
vt 0.202895 0.004003
vt 0.202839 0.001793
vt 0.203529 0.001793
vt 0.201561 0.001696
vt 0.201561 0.000000
vt 0.202839 0.000600
vt 0.204856 0.002258
vt 0.204913 0.000218
vt 0.206190 0.000000
vt 0.137603 0.000000
vt 0.136070 0.000500
vt 0.135241 0.001494
vt 0.132879 0.001413
vt 0.134412 0.001494
vt 0.134480 0.003335
vt 0.132879 0.000000
vt 0.134412 0.000500
vt 0.218392 0.000000
vt 0.219670 0.000218
vt 0.219726 0.002258
vt 0.189359 0.000000
vt 0.189359 0.001696
vt 0.188082 0.001793
vt 0.188082 0.000600
vt 0.188025 0.004003
vt 0.187045 0.004003
vt 0.187391 0.001793
vt 0.137603 0.829790
vt 0.137603 0.831712
vt 0.136070 0.831631
vt 0.136002 0.829790
vt 0.137603 0.833125
vt 0.136070 0.832625
vt 0.206190 0.348741
vt 0.204913 0.348522
vt 0.204856 0.346483
vt 0.201561 1.000000
vt 0.201561 0.998304
vt 0.202839 0.998207
vt 0.202839 0.999400
vt 0.202895 0.995997
vt 0.203876 0.995997
vt 0.203529 0.998207
vt 0.135241 0.831631
vt 0.134480 0.829790
vt 0.134412 0.831631
vt 0.132879 0.831712
vt 0.187045 0.995997
vt 0.188025 0.995997
vt 0.188082 0.998207
vt 0.187391 0.998207
vt 0.189359 0.998304
vt 0.189359 1.000000
vt 0.188082 0.999400
vt 0.219726 0.346483
vt 0.219670 0.348522
vt 0.218392 0.348741
vt 0.132879 0.833125
vt 0.134412 0.832625
vt 0.187045 0.003335
vt 0.187045 0.829790
vt 0.083438 0.829790
vt 0.083438 0.003335
vt 0.183838 0.833125
vt 0.086644 0.833125
vt 0.183838 0.000000
vt 0.086644 0.000000
s 1
usemtl Plank
f 1311/1326/543 1322/1327/554 1273/1328/505 1262/1329/494
f 1335/1330/567 1346/1331/578 1323/1332/555 1310/1333/542
f 1345/1334/577 1297/1335/529 1274/1336/506 1321/1337/553
f 1263/1338/495 1275/1339/507 1299/1340/531 1286/1341/518
f 1287/1342/519 1298/1343/530 1347/1344/579 1334/1345/566
f 1261/1346/493 1264/1347/496 1266/1348/498 1265/1349/497
f 1264/1350/496 1268/1351/500 1269/1352/501 1266/1353/498
f 1262/1329/494 1267/1354/499 1269/1352/501 1268/1351/500
f 1267/1354/499 1271/1355/503 1272/1356/504 1269/1352/501
f 1263/1338/495 1270/1357/502 1272/1356/504 1271/1355/503
f 1270/1358/502 1265/1349/497 1266/1348/498 1272/1359/504
f 1266/1353/498 1269/1352/501 1272/1356/504
f 1273/1328/505 1276/1360/508 1278/1361/510 1277/1362/509
f 1276/1360/508 1280/1363/512 1281/1364/513 1278/1361/510
f 1274/1336/506 1279/1365/511 1281/1366/513 1280/1367/512
f 1279/1365/511 1283/1368/515 1284/1369/516 1281/1366/513
f 1275/1339/507 1282/1370/514 1284/1371/516 1283/1372/515
f 1282/1370/514 1277/1362/509 1278/1361/510 1284/1371/516
f 1278/1361/510 1281/1364/513 1284/1371/516
f 1285/1373/517 1288/1374/520 1290/1375/522 1289/1376/521
f 1288/1374/520 1292/1377/524 1293/1378/525 1290/1375/522
f 1286/1379/518 1291/1380/523 1293/1381/525 1292/1382/524
f 1291/1380/523 1295/1383/527 1296/1384/528 1293/1381/525
f 1287/1342/519 1294/1385/526 1296/1384/528 1295/1383/527
f 1294/1385/526 1289/1386/521 1290/1387/522 1296/1384/528
f 1290/1387/522 1293/1381/525 1296/1384/528
f 1297/1335/529 1300/1388/532 1302/1389/534 1301/1390/533
f 1300/1391/532 1304/1392/536 1305/1393/537 1302/1394/534
f 1298/1343/530 1303/1395/535 1305/1393/537 1304/1392/536
f 1303/1395/535 1307/1396/539 1308/1397/540 1305/1393/537
f 1299/1398/531 1306/1399/538 1308/1397/540 1307/1396/539
f 1306/1400/538 1301/1390/533 1302/1389/534 1308/1401/540
f 1302/1394/534 1305/1393/537 1308/1397/540
f 1309/1402/541 1312/1403/544 1314/1404/546 1313/1405/545
f 1312/1406/544 1316/1407/548 1317/1408/549 1314/1409/546
f 1310/1333/542 1315/1410/547 1317/1408/549 1316/1407/548
f 1315/1410/547 1319/1411/551 1320/1412/552 1317/1408/549
f 1311/1326/543 1318/1413/550 1320/1414/552 1319/1415/551
f 1318/1416/550 1313/1405/545 1314/1404/546 1320/1417/552
f 1314/1404/546 1317/1418/549 1320/1417/552
f 1321/1337/553 1324/1419/556 1326/1420/558 1325/1421/557
f 1324/1419/556 1328/1422/560 1329/1423/561 1326/1420/558
f 1322/1327/554 1327/1424/559 1329/1425/561 1328/1426/560
f 1327/1427/559 1331/1428/563 1332/1429/564 1329/1430/561
f 1323/1332/555 1330/1431/562 1332/1429/564 1331/1428/563
f 1330/1431/562 1325/1432/557 1326/1433/558 1332/1429/564
f 1326/1420/558 1329/1423/561 1332/1418/564
f 1333/1434/565 1336/1435/568 1338/1436/570 1337/1437/569
f 1336/1435/568 1340/1438/572 1341/1439/573 1338/1436/570
f 1334/1345/566 1339/1440/571 1341/1441/573 1340/1442/572
f 1339/1443/571 1343/1444/575 1344/1445/576 1341/1446/573
f 1335/1330/567 1342/1447/574 1344/1445/576 1343/1444/575
f 1342/1447/574 1337/1448/569 1338/1449/570 1344/1445/576
f 1338/1436/570 1341/1439/573 1344/1450/576
f 1345/1334/577 1348/1451/580 1350/1452/582 1349/1453/581
f 1348/1454/580 1352/1455/584 1353/1456/585 1350/1457/582
f 1346/1331/578 1351/1458/583 1353/1456/585 1352/1455/584
f 1351/1458/583 1355/1459/587 1356/1460/588 1353/1456/585
f 1347/1344/579 1354/1461/586 1356/1462/588 1355/1463/587
f 1354/1464/586 1349/1453/581 1350/1452/582 1356/1465/588
f 1350/1452/582 1353/1450/585 1356/1465/588
f 1285/1373/517 1261/1346/493 1265/1349/497 1288/1374/520
f 1288/1374/520 1265/1349/497 1270/1358/502 1292/1377/524
f 1292/1377/524 1270/1358/502 1263/1466/495 1286/1467/518
f 1262/1329/494 1273/1328/505 1277/1362/509 1267/1354/499
f 1267/1354/499 1277/1362/509 1282/1370/514 1271/1355/503
f 1271/1355/503 1282/1370/514 1275/1339/507 1263/1338/495
f 1274/1336/506 1297/1335/529 1301/1390/533 1279/1365/511
f 1279/1365/511 1301/1390/533 1306/1400/538 1283/1368/515
f 1283/1368/515 1306/1400/538 1299/1468/531 1275/1469/507
f 1298/1343/530 1287/1342/519 1295/1383/527 1303/1395/535
f 1303/1395/535 1295/1383/527 1291/1380/523 1307/1396/539
f 1307/1396/539 1291/1380/523 1286/1379/518 1299/1398/531
f 1333/1434/565 1285/1373/517 1289/1376/521 1336/1435/568
f 1336/1435/568 1289/1376/521 1294/1470/526 1340/1438/572
f 1340/1442/572 1294/1385/526 1287/1342/519 1334/1345/566
f 1297/1335/529 1345/1334/577 1349/1453/581 1300/1388/532
f 1300/1388/532 1349/1453/581 1354/1464/586 1304/1471/536
f 1304/1392/536 1354/1461/586 1347/1344/579 1298/1343/530
f 1346/1331/578 1335/1330/567 1343/1444/575 1351/1458/583
f 1351/1458/583 1343/1444/575 1339/1443/571 1355/1459/587
f 1355/1463/587 1339/1440/571 1334/1345/566 1347/1344/579
f 1309/1402/541 1333/1434/565 1337/1437/569 1312/1403/544
f 1312/1406/544 1337/1448/569 1342/1447/574 1316/1407/548
f 1316/1407/548 1342/1447/574 1335/1330/567 1310/1333/542
f 1345/1334/577 1321/1337/553 1325/1421/557 1348/1451/580
f 1348/1454/580 1325/1432/557 1330/1431/562 1352/1455/584
f 1352/1455/584 1330/1431/562 1323/1332/555 1346/1331/578
f 1322/1327/554 1311/1326/543 1319/1415/551 1327/1424/559
f 1327/1427/559 1319/1411/551 1315/1410/547 1331/1428/563
f 1331/1428/563 1315/1410/547 1310/1333/542 1323/1332/555
f 1261/1346/493 1309/1402/541 1313/1405/545 1264/1347/496
f 1264/1347/496 1313/1405/545 1318/1416/550 1268/1472/500
f 1268/1351/500 1318/1413/550 1311/1326/543 1262/1329/494
f 1321/1337/553 1274/1336/506 1280/1367/512 1324/1419/556
f 1324/1419/556 1280/1367/512 1276/1473/508 1328/1422/560
f 1328/1426/560 1276/1360/508 1273/1328/505 1322/1327/554
f 1285/1373/517 1333/1434/565 1309/1402/541 1261/1346/493
f 1407/1326/639 1418/1327/650 1369/1328/601 1358/1329/590
f 1431/1330/663 1442/1331/674 1419/1332/651 1406/1333/638
f 1441/1334/673 1393/1335/625 1370/1336/602 1417/1337/649
f 1359/1338/591 1371/1339/603 1395/1340/627 1382/1341/614
f 1383/1342/615 1394/1343/626 1443/1344/675 1430/1345/662
f 1357/1346/589 1360/1347/592 1362/1348/594 1361/1349/593
f 1360/1350/592 1364/1351/596 1365/1352/597 1362/1353/594
f 1358/1329/590 1363/1354/595 1365/1352/597 1364/1351/596
f 1363/1354/595 1367/1355/599 1368/1356/600 1365/1352/597
f 1359/1338/591 1366/1357/598 1368/1356/600 1367/1355/599
f 1366/1358/598 1361/1349/593 1362/1348/594 1368/1359/600
f 1362/1353/594 1365/1352/597 1368/1356/600
f 1369/1328/601 1372/1360/604 1374/1361/606 1373/1362/605
f 1372/1360/604 1376/1363/608 1377/1364/609 1374/1361/606
f 1370/1336/602 1375/1365/607 1377/1366/609 1376/1367/608
f 1375/1365/607 1379/1368/611 1380/1369/612 1377/1366/609
f 1371/1339/603 1378/1370/610 1380/1371/612 1379/1372/611
f 1378/1370/610 1373/1362/605 1374/1361/606 1380/1371/612
f 1374/1361/606 1377/1364/609 1380/1371/612
f 1381/1373/613 1384/1374/616 1386/1375/618 1385/1376/617
f 1384/1374/616 1388/1377/620 1389/1378/621 1386/1375/618
f 1382/1379/614 1387/1380/619 1389/1381/621 1388/1382/620
f 1387/1380/619 1391/1383/623 1392/1384/624 1389/1381/621
f 1383/1342/615 1390/1385/622 1392/1384/624 1391/1383/623
f 1390/1385/622 1385/1386/617 1386/1387/618 1392/1384/624
f 1386/1387/618 1389/1381/621 1392/1384/624
f 1393/1335/625 1396/1388/628 1398/1389/630 1397/1390/629
f 1396/1391/628 1400/1392/632 1401/1393/633 1398/1394/630
f 1394/1343/626 1399/1395/631 1401/1393/633 1400/1392/632
f 1399/1395/631 1403/1396/635 1404/1397/636 1401/1393/633
f 1395/1398/627 1402/1399/634 1404/1397/636 1403/1396/635
f 1402/1400/634 1397/1390/629 1398/1389/630 1404/1401/636
f 1398/1394/630 1401/1393/633 1404/1397/636
f 1405/1402/637 1408/1403/640 1410/1404/642 1409/1405/641
f 1408/1406/640 1412/1407/644 1413/1408/645 1410/1409/642
f 1406/1333/638 1411/1410/643 1413/1408/645 1412/1407/644
f 1411/1410/643 1415/1411/647 1416/1412/648 1413/1408/645
f 1407/1326/639 1414/1413/646 1416/1414/648 1415/1415/647
f 1414/1416/646 1409/1405/641 1410/1404/642 1416/1417/648
f 1410/1404/642 1413/1418/645 1416/1417/648
f 1417/1337/649 1420/1419/652 1422/1420/654 1421/1421/653
f 1420/1419/652 1424/1422/656 1425/1423/657 1422/1420/654
f 1418/1327/650 1423/1424/655 1425/1425/657 1424/1426/656
f 1423/1427/655 1427/1428/659 1428/1429/660 1425/1430/657
f 1419/1332/651 1426/1431/658 1428/1429/660 1427/1428/659
f 1426/1431/658 1421/1432/653 1422/1433/654 1428/1429/660
f 1422/1420/654 1425/1423/657 1428/1418/660
f 1429/1434/661 1432/1435/664 1434/1436/666 1433/1437/665
f 1432/1435/664 1436/1438/668 1437/1439/669 1434/1436/666
f 1430/1345/662 1435/1440/667 1437/1441/669 1436/1442/668
f 1435/1443/667 1439/1444/671 1440/1445/672 1437/1446/669
f 1431/1330/663 1438/1447/670 1440/1445/672 1439/1444/671
f 1438/1447/670 1433/1448/665 1434/1449/666 1440/1445/672
f 1434/1436/666 1437/1439/669 1440/1450/672
f 1441/1334/673 1444/1451/676 1446/1452/678 1445/1453/677
f 1444/1454/676 1448/1455/680 1449/1456/681 1446/1457/678
f 1442/1331/674 1447/1458/679 1449/1456/681 1448/1455/680
f 1447/1458/679 1451/1459/683 1452/1460/684 1449/1456/681
f 1443/1344/675 1450/1461/682 1452/1462/684 1451/1463/683
f 1450/1464/682 1445/1453/677 1446/1452/678 1452/1465/684
f 1446/1452/678 1449/1450/681 1452/1465/684
f 1381/1373/613 1357/1346/589 1361/1349/593 1384/1374/616
f 1384/1374/616 1361/1349/593 1366/1358/598 1388/1377/620
f 1388/1377/620 1366/1358/598 1359/1466/591 1382/1467/614
f 1358/1329/590 1369/1328/601 1373/1362/605 1363/1354/595
f 1363/1354/595 1373/1362/605 1378/1370/610 1367/1355/599
f 1367/1355/599 1378/1370/610 1371/1339/603 1359/1338/591
f 1370/1336/602 1393/1335/625 1397/1390/629 1375/1365/607
f 1375/1365/607 1397/1390/629 1402/1400/634 1379/1368/611
f 1379/1368/611 1402/1400/634 1395/1468/627 1371/1469/603
f 1394/1343/626 1383/1342/615 1391/1383/623 1399/1395/631
f 1399/1395/631 1391/1383/623 1387/1380/619 1403/1396/635
f 1403/1396/635 1387/1380/619 1382/1379/614 1395/1398/627
f 1429/1434/661 1381/1373/613 1385/1376/617 1432/1435/664
f 1432/1435/664 1385/1376/617 1390/1470/622 1436/1438/668
f 1436/1442/668 1390/1385/622 1383/1342/615 1430/1345/662
f 1393/1335/625 1441/1334/673 1445/1453/677 1396/1388/628
f 1396/1388/628 1445/1453/677 1450/1464/682 1400/1471/632
f 1400/1392/632 1450/1461/682 1443/1344/675 1394/1343/626
f 1442/1331/674 1431/1330/663 1439/1444/671 1447/1458/679
f 1447/1458/679 1439/1444/671 1435/1443/667 1451/1459/683
f 1451/1463/683 1435/1440/667 1430/1345/662 1443/1344/675
f 1405/1402/637 1429/1434/661 1433/1437/665 1408/1403/640
f 1408/1406/640 1433/1448/665 1438/1447/670 1412/1407/644
f 1412/1407/644 1438/1447/670 1431/1330/663 1406/1333/638
f 1441/1334/673 1417/1337/649 1421/1421/653 1444/1451/676
f 1444/1454/676 1421/1432/653 1426/1431/658 1448/1455/680
f 1448/1455/680 1426/1431/658 1419/1332/651 1442/1331/674
f 1418/1327/650 1407/1326/639 1415/1415/647 1423/1424/655
f 1423/1427/655 1415/1411/647 1411/1410/643 1427/1428/659
f 1427/1428/659 1411/1410/643 1406/1333/638 1419/1332/651
f 1357/1346/589 1405/1402/637 1409/1405/641 1360/1347/592
f 1360/1347/592 1409/1405/641 1414/1416/646 1364/1472/596
f 1364/1351/596 1414/1413/646 1407/1326/639 1358/1329/590
f 1417/1337/649 1370/1336/602 1376/1367/608 1420/1419/652
f 1420/1419/652 1376/1367/608 1372/1473/604 1424/1422/656
f 1424/1426/656 1372/1360/604 1369/1328/601 1418/1327/650
f 1381/1373/613 1429/1434/661 1405/1402/637 1357/1346/589
f 1503/1326/735 1514/1327/746 1465/1328/697 1454/1329/686
f 1527/1330/759 1538/1331/770 1515/1332/747 1502/1333/734
f 1537/1334/769 1489/1335/721 1466/1336/698 1513/1337/745
f 1455/1338/687 1467/1339/699 1491/1340/723 1478/1341/710
f 1479/1342/711 1490/1343/722 1539/1344/771 1526/1345/758
f 1453/1346/685 1456/1347/688 1458/1348/690 1457/1349/689
f 1456/1350/688 1460/1351/692 1461/1352/693 1458/1353/690
f 1454/1329/686 1459/1354/691 1461/1352/693 1460/1351/692
f 1459/1354/691 1463/1355/695 1464/1356/696 1461/1352/693
f 1455/1338/687 1462/1357/694 1464/1356/696 1463/1355/695
f 1462/1358/694 1457/1349/689 1458/1348/690 1464/1359/696
f 1458/1353/690 1461/1352/693 1464/1356/696
f 1465/1328/697 1468/1360/700 1470/1361/702 1469/1362/701
f 1468/1360/700 1472/1363/704 1473/1364/705 1470/1361/702
f 1466/1336/698 1471/1365/703 1473/1366/705 1472/1367/704
f 1471/1365/703 1475/1368/707 1476/1369/708 1473/1366/705
f 1467/1339/699 1474/1370/706 1476/1371/708 1475/1372/707
f 1474/1370/706 1469/1362/701 1470/1361/702 1476/1371/708
f 1470/1361/702 1473/1364/705 1476/1371/708
f 1477/1373/709 1480/1374/712 1482/1375/714 1481/1376/713
f 1480/1374/712 1484/1377/716 1485/1378/717 1482/1375/714
f 1478/1379/710 1483/1380/715 1485/1381/717 1484/1382/716
f 1483/1380/715 1487/1383/719 1488/1384/720 1485/1381/717
f 1479/1342/711 1486/1385/718 1488/1384/720 1487/1383/719
f 1486/1385/718 1481/1386/713 1482/1387/714 1488/1384/720
f 1482/1387/714 1485/1381/717 1488/1384/720
f 1489/1335/721 1492/1388/724 1494/1389/726 1493/1390/725
f 1492/1391/724 1496/1392/728 1497/1393/729 1494/1394/726
f 1490/1343/722 1495/1395/727 1497/1393/729 1496/1392/728
f 1495/1395/727 1499/1396/731 1500/1397/732 1497/1393/729
f 1491/1398/723 1498/1399/730 1500/1397/732 1499/1396/731
f 1498/1400/730 1493/1390/725 1494/1389/726 1500/1401/732
f 1494/1394/726 1497/1393/729 1500/1397/732
f 1501/1402/733 1504/1403/736 1506/1404/738 1505/1405/737
f 1504/1406/736 1508/1407/740 1509/1408/741 1506/1409/738
f 1502/1333/734 1507/1410/739 1509/1408/741 1508/1407/740
f 1507/1410/739 1511/1411/743 1512/1412/744 1509/1408/741
f 1503/1326/735 1510/1413/742 1512/1414/744 1511/1415/743
f 1510/1416/742 1505/1405/737 1506/1404/738 1512/1417/744
f 1506/1404/738 1509/1418/741 1512/1417/744
f 1513/1337/745 1516/1419/748 1518/1420/750 1517/1421/749
f 1516/1419/748 1520/1422/752 1521/1423/753 1518/1420/750
f 1514/1327/746 1519/1424/751 1521/1425/753 1520/1426/752
f 1519/1427/751 1523/1428/755 1524/1429/756 1521/1430/753
f 1515/1332/747 1522/1431/754 1524/1429/756 1523/1428/755
f 1522/1431/754 1517/1432/749 1518/1433/750 1524/1429/756
f 1518/1420/750 1521/1423/753 1524/1418/756
f 1525/1434/757 1528/1435/760 1530/1436/762 1529/1437/761
f 1528/1435/760 1532/1438/764 1533/1439/765 1530/1436/762
f 1526/1345/758 1531/1440/763 1533/1441/765 1532/1442/764
f 1531/1443/763 1535/1444/767 1536/1445/768 1533/1446/765
f 1527/1330/759 1534/1447/766 1536/1445/768 1535/1444/767
f 1534/1447/766 1529/1448/761 1530/1449/762 1536/1445/768
f 1530/1436/762 1533/1439/765 1536/1450/768
f 1537/1334/769 1540/1451/772 1542/1452/774 1541/1453/773
f 1540/1454/772 1544/1455/776 1545/1456/777 1542/1457/774
f 1538/1331/770 1543/1458/775 1545/1456/777 1544/1455/776
f 1543/1458/775 1547/1459/779 1548/1460/780 1545/1456/777
f 1539/1344/771 1546/1461/778 1548/1462/780 1547/1463/779
f 1546/1464/778 1541/1453/773 1542/1452/774 1548/1465/780
f 1542/1452/774 1545/1450/777 1548/1465/780
f 1477/1373/709 1453/1346/685 1457/1349/689 1480/1374/712
f 1480/1374/712 1457/1349/689 1462/1358/694 1484/1377/716
f 1484/1377/716 1462/1358/694 1455/1466/687 1478/1467/710
f 1454/1329/686 1465/1328/697 1469/1362/701 1459/1354/691
f 1459/1354/691 1469/1362/701 1474/1370/706 1463/1355/695
f 1463/1355/695 1474/1370/706 1467/1339/699 1455/1338/687
f 1466/1336/698 1489/1335/721 1493/1390/725 1471/1365/703
f 1471/1365/703 1493/1390/725 1498/1400/730 1475/1368/707
f 1475/1368/707 1498/1400/730 1491/1468/723 1467/1469/699
f 1490/1343/722 1479/1342/711 1487/1383/719 1495/1395/727
f 1495/1395/727 1487/1383/719 1483/1380/715 1499/1396/731
f 1499/1396/731 1483/1380/715 1478/1379/710 1491/1398/723
f 1525/1434/757 1477/1373/709 1481/1376/713 1528/1435/760
f 1528/1435/760 1481/1376/713 1486/1470/718 1532/1438/764
f 1532/1442/764 1486/1385/718 1479/1342/711 1526/1345/758
f 1489/1335/721 1537/1334/769 1541/1453/773 1492/1388/724
f 1492/1388/724 1541/1453/773 1546/1464/778 1496/1471/728
f 1496/1392/728 1546/1461/778 1539/1344/771 1490/1343/722
f 1538/1331/770 1527/1330/759 1535/1444/767 1543/1458/775
f 1543/1458/775 1535/1444/767 1531/1443/763 1547/1459/779
f 1547/1463/779 1531/1440/763 1526/1345/758 1539/1344/771
f 1501/1402/733 1525/1434/757 1529/1437/761 1504/1403/736
f 1504/1406/736 1529/1448/761 1534/1447/766 1508/1407/740
f 1508/1407/740 1534/1447/766 1527/1330/759 1502/1333/734
f 1537/1334/769 1513/1337/745 1517/1421/749 1540/1451/772
f 1540/1454/772 1517/1432/749 1522/1431/754 1544/1455/776
f 1544/1455/776 1522/1431/754 1515/1332/747 1538/1331/770
f 1514/1327/746 1503/1326/735 1511/1415/743 1519/1424/751
f 1519/1427/751 1511/1411/743 1507/1410/739 1523/1428/755
f 1523/1428/755 1507/1410/739 1502/1333/734 1515/1332/747
f 1453/1346/685 1501/1402/733 1505/1405/737 1456/1347/688
f 1456/1347/688 1505/1405/737 1510/1416/742 1460/1472/692
f 1460/1351/692 1510/1413/742 1503/1326/735 1454/1329/686
f 1513/1337/745 1466/1336/698 1472/1367/704 1516/1419/748
f 1516/1419/748 1472/1367/704 1468/1473/700 1520/1422/752
f 1520/1426/752 1468/1360/700 1465/1328/697 1514/1327/746
f 1477/1373/709 1525/1434/757 1501/1402/733 1453/1346/685
f 1599/1326/831 1610/1327/842 1561/1328/793 1550/1329/782
f 1623/1330/855 1634/1331/866 1611/1332/843 1598/1333/830
f 1633/1334/865 1585/1335/817 1562/1336/794 1609/1337/841
f 1551/1338/783 1563/1339/795 1587/1340/819 1574/1341/806
f 1575/1342/807 1586/1343/818 1635/1344/867 1622/1345/854
f 1549/1346/781 1552/1347/784 1554/1348/786 1553/1349/785
f 1552/1350/784 1556/1351/788 1557/1352/789 1554/1353/786
f 1550/1329/782 1555/1354/787 1557/1352/789 1556/1351/788
f 1555/1354/787 1559/1355/791 1560/1356/792 1557/1352/789
f 1551/1338/783 1558/1357/790 1560/1356/792 1559/1355/791
f 1558/1358/790 1553/1349/785 1554/1348/786 1560/1359/792
f 1554/1353/786 1557/1352/789 1560/1356/792
f 1561/1328/793 1564/1360/796 1566/1361/798 1565/1362/797
f 1564/1360/796 1568/1363/800 1569/1364/801 1566/1361/798
f 1562/1336/794 1567/1365/799 1569/1366/801 1568/1367/800
f 1567/1365/799 1571/1368/803 1572/1369/804 1569/1366/801
f 1563/1339/795 1570/1370/802 1572/1371/804 1571/1372/803
f 1570/1370/802 1565/1362/797 1566/1361/798 1572/1371/804
f 1566/1361/798 1569/1364/801 1572/1371/804
f 1573/1373/805 1576/1374/808 1578/1375/810 1577/1376/809
f 1576/1374/808 1580/1377/812 1581/1378/813 1578/1375/810
f 1574/1379/806 1579/1380/811 1581/1381/813 1580/1382/812
f 1579/1380/811 1583/1383/815 1584/1384/816 1581/1381/813
f 1575/1342/807 1582/1385/814 1584/1384/816 1583/1383/815
f 1582/1385/814 1577/1386/809 1578/1387/810 1584/1384/816
f 1578/1387/810 1581/1381/813 1584/1384/816
f 1585/1335/817 1588/1388/820 1590/1389/822 1589/1390/821
f 1588/1391/820 1592/1392/824 1593/1393/825 1590/1394/822
f 1586/1343/818 1591/1395/823 1593/1393/825 1592/1392/824
f 1591/1395/823 1595/1396/827 1596/1397/828 1593/1393/825
f 1587/1398/819 1594/1399/826 1596/1397/828 1595/1396/827
f 1594/1400/826 1589/1390/821 1590/1389/822 1596/1401/828
f 1590/1394/822 1593/1393/825 1596/1397/828
f 1597/1402/829 1600/1403/832 1602/1404/834 1601/1405/833
f 1600/1406/832 1604/1407/836 1605/1408/837 1602/1409/834
f 1598/1333/830 1603/1410/835 1605/1408/837 1604/1407/836
f 1603/1410/835 1607/1411/839 1608/1412/840 1605/1408/837
f 1599/1326/831 1606/1413/838 1608/1414/840 1607/1415/839
f 1606/1416/838 1601/1405/833 1602/1404/834 1608/1417/840
f 1602/1404/834 1605/1418/837 1608/1417/840
f 1609/1337/841 1612/1419/844 1614/1420/846 1613/1421/845
f 1612/1419/844 1616/1422/848 1617/1423/849 1614/1420/846
f 1610/1327/842 1615/1424/847 1617/1425/849 1616/1426/848
f 1615/1427/847 1619/1428/851 1620/1429/852 1617/1430/849
f 1611/1332/843 1618/1431/850 1620/1429/852 1619/1428/851
f 1618/1431/850 1613/1432/845 1614/1433/846 1620/1429/852
f 1614/1420/846 1617/1423/849 1620/1418/852
f 1621/1434/853 1624/1435/856 1626/1436/858 1625/1437/857
f 1624/1435/856 1628/1438/860 1629/1439/861 1626/1436/858
f 1622/1345/854 1627/1440/859 1629/1441/861 1628/1442/860
f 1627/1443/859 1631/1444/863 1632/1445/864 1629/1446/861
f 1623/1330/855 1630/1447/862 1632/1445/864 1631/1444/863
f 1630/1447/862 1625/1448/857 1626/1449/858 1632/1445/864
f 1626/1436/858 1629/1439/861 1632/1450/864
f 1633/1334/865 1636/1451/868 1638/1452/870 1637/1453/869
f 1636/1454/868 1640/1455/872 1641/1456/873 1638/1457/870
f 1634/1331/866 1639/1458/871 1641/1456/873 1640/1455/872
f 1639/1458/871 1643/1459/875 1644/1460/876 1641/1456/873
f 1635/1344/867 1642/1461/874 1644/1462/876 1643/1463/875
f 1642/1464/874 1637/1453/869 1638/1452/870 1644/1465/876
f 1638/1452/870 1641/1450/873 1644/1465/876
f 1573/1373/805 1549/1346/781 1553/1349/785 1576/1374/808
f 1576/1374/808 1553/1349/785 1558/1358/790 1580/1377/812
f 1580/1377/812 1558/1358/790 1551/1466/783 1574/1467/806
f 1550/1329/782 1561/1328/793 1565/1362/797 1555/1354/787
f 1555/1354/787 1565/1362/797 1570/1370/802 1559/1355/791
f 1559/1355/791 1570/1370/802 1563/1339/795 1551/1338/783
f 1562/1336/794 1585/1335/817 1589/1390/821 1567/1365/799
f 1567/1365/799 1589/1390/821 1594/1400/826 1571/1368/803
f 1571/1368/803 1594/1400/826 1587/1468/819 1563/1469/795
f 1586/1343/818 1575/1342/807 1583/1383/815 1591/1395/823
f 1591/1395/823 1583/1383/815 1579/1380/811 1595/1396/827
f 1595/1396/827 1579/1380/811 1574/1379/806 1587/1398/819
f 1621/1434/853 1573/1373/805 1577/1376/809 1624/1435/856
f 1624/1435/856 1577/1376/809 1582/1470/814 1628/1438/860
f 1628/1442/860 1582/1385/814 1575/1342/807 1622/1345/854
f 1585/1335/817 1633/1334/865 1637/1453/869 1588/1388/820
f 1588/1388/820 1637/1453/869 1642/1464/874 1592/1471/824
f 1592/1392/824 1642/1461/874 1635/1344/867 1586/1343/818
f 1634/1331/866 1623/1330/855 1631/1444/863 1639/1458/871
f 1639/1458/871 1631/1444/863 1627/1443/859 1643/1459/875
f 1643/1463/875 1627/1440/859 1622/1345/854 1635/1344/867
f 1597/1402/829 1621/1434/853 1625/1437/857 1600/1403/832
f 1600/1406/832 1625/1448/857 1630/1447/862 1604/1407/836
f 1604/1407/836 1630/1447/862 1623/1330/855 1598/1333/830
f 1633/1334/865 1609/1337/841 1613/1421/845 1636/1451/868
f 1636/1454/868 1613/1432/845 1618/1431/850 1640/1455/872
f 1640/1455/872 1618/1431/850 1611/1332/843 1634/1331/866
f 1610/1327/842 1599/1326/831 1607/1415/839 1615/1424/847
f 1615/1427/847 1607/1411/839 1603/1410/835 1619/1428/851
f 1619/1428/851 1603/1410/835 1598/1333/830 1611/1332/843
f 1549/1346/781 1597/1402/829 1601/1405/833 1552/1347/784
f 1552/1347/784 1601/1405/833 1606/1416/838 1556/1472/788
f 1556/1351/788 1606/1413/838 1599/1326/831 1550/1329/782
f 1609/1337/841 1562/1336/794 1568/1367/800 1612/1419/844
f 1612/1419/844 1568/1367/800 1564/1473/796 1616/1422/848
f 1616/1426/848 1564/1360/796 1561/1328/793 1610/1327/842
f 1573/1373/805 1621/1434/853 1597/1402/829 1549/1346/781
