# Blender 4.3.2
# www.blender.org
mtllib Bench_baking.mtl
o Bake
v -5.824356 13.370144 10.999953
v -6.251841 13.042030 10.999954
v -6.271248 11.392097 10.999954
v -6.545879 12.577756 11.001360
v -5.777142 12.573457 10.999952
v -6.540561 11.862127 10.999953
v -5.774330 11.024057 10.999954
v -5.020532 13.567535 10.999953
v -5.003218 12.542658 10.999953
v -4.176107 13.359751 10.999953
v -4.201128 12.410100 10.999953
v -4.992550 11.688464 10.999953
v -4.189796 11.597308 10.999953
v -4.957568 10.765711 10.999953
v -4.207290 10.699016 10.999953
v -3.376399 12.892124 11.004637
v -3.425972 12.184074 10.999954
v -3.373789 11.521235 10.999953
v -3.267796 10.823920 10.999954
v -2.837022 12.383551 10.999953
v -2.771084 11.989181 10.999953
v -2.728325 12.259609 10.999954
v -2.614822 12.115406 10.999954
v -2.607187 11.465916 10.999953
v -2.112892 11.191258 10.999954
v -2.428959 10.833676 10.999954
v -3.823309 10.072970 10.999954
v -1.815231 9.849228 10.999953
v -3.628813 9.462334 10.999954
v -3.006423 9.418550 10.999954
v -2.231459 9.385566 10.999954
v -1.791087 8.905647 10.999954
v -2.953814 8.570333 10.999954
v -3.003790 7.675792 10.999955
v -2.240668 8.489744 10.999955
v -2.288275 7.592278 10.999955
v -1.847500 8.000160 10.999954
v -3.101856 6.755031 10.999955
v -2.331032 6.707211 10.999955
v -1.912752 7.107784 10.999955
v -3.264775 5.804975 10.999956
v -2.302469 5.822651 10.999956
v -3.936701 5.846018 10.999955
v -4.350992 4.923043 10.999956
v -3.463468 4.822008 10.999956
v -2.194371 4.817230 10.999956
v -1.677084 4.307572 10.999955
v -3.495620 8.618271 10.999954
v -3.511171 7.756637 10.999954
v -3.642313 6.834353 10.999955
v -1.922742 6.284381 10.999955
v -1.317168 4.972591 10.999956
v -1.590251 5.352646 10.999956
v -4.955964 3.886726 10.999956
v -3.707077 3.778027 10.999956
v -2.396007 3.766332 10.999956
v -1.085282 4.756687 10.999956
v -0.783077 4.584276 10.999956
v -0.244973 4.456063 10.999956
v 0.589373 4.530095 10.999956
v 1.567634 4.813196 10.999956
v 2.262360 4.998260 10.999956
v 3.323080 5.166437 10.999955
v 4.137869 5.213535 10.999955
v 5.266185 5.111694 10.999955
v 5.966359 4.817781 10.999956
v -0.829512 3.782946 10.999956
v -0.167402 3.797255 10.999956
v 0.722659 3.913766 10.999956
v 1.616448 4.084288 10.999956
v 2.331837 4.217755 10.999955
v 3.548743 4.295219 10.999955
v 4.337620 4.277350 10.999955
v 5.333054 4.270678 10.999955
v 6.415337 4.345334 10.999956
v -5.379715 2.673331 10.999956
v -3.887764 2.769855 10.999956
v -2.545559 2.841526 10.999956
v -0.831019 2.997228 10.999956
v -5.107452 1.268111 10.999956
v -3.885455 2.004729 10.999957
v -4.831584 0.788755 10.999957
v -3.649589 1.020556 10.999956
v -2.616533 2.131265 10.999956
v -2.545907 1.175898 10.999957
v -1.131742 1.340370 10.999956
v -0.695555 0.805841 10.999957
v -0.200072 0.092882 10.999956
v -1.172673 0.085689 10.999956
v -2.420301 0.753605 10.999957
v -2.209710 0.072579 10.999956
v -2.304109 0.388763 10.999957
v -3.483952 0.604464 10.999956
v -3.337611 0.044975 10.999956
v -3.364590 0.287243 10.999957
v -4.504759 0.343658 10.999957
v -4.243621 0.012940 11.000137
v -4.330233 0.099859 10.999956
v -0.773670 2.061910 10.999957
v -5.278391 1.717495 10.999956
v -0.059553 3.145250 10.999956
v 0.037019 2.521487 10.999956
v 0.827719 3.336338 10.999956
v 0.915291 2.846757 10.999956
v 1.723932 3.500652 10.999956
v 1.928995 3.061080 10.999956
v 2.434129 3.578294 10.999956
v 2.580862 3.094420 10.999956
v 4.404540 3.450541 10.999956
v 4.396936 2.771416 10.999956
v 5.389979 3.423059 10.999956
v 5.331979 2.686598 10.999956
v 6.604100 3.368118 10.999956
v 6.370352 2.477520 10.999956
v -3.795574 1.486513 10.999956
v -2.618071 1.633724 10.999957
v -1.124442 1.693977 10.999956
v 2.807517 5.092300 10.999955
v 2.929893 4.281576 10.999955
v 3.637921 3.507322 10.999956
v -5.824344 13.370234 8.999928
v 3.650129 2.820683 10.999956
v 3.270910 2.780272 10.999956
v 3.021871 3.563417 10.999956
v 3.032466 2.972860 10.999956
v 4.223641 1.801149 10.999956
v 5.047419 1.627406 10.999957
v 4.349768 2.242949 10.999956
v 5.205825 2.102044 10.999956
v 3.393975 2.519510 10.999956
v 3.342158 2.121902 10.999956
v 3.660007 2.311335 10.999956
v 3.192623 1.835581 10.999956
v 3.546559 1.925703 10.999956
v 6.106220 1.868425 10.999956
v 5.873635 1.420247 10.999956
v 3.362234 1.607353 10.999957
v 2.960562 1.567312 10.999956
v 4.037407 1.418358 10.999956
v 4.842941 1.214764 10.999957
v 5.652022 0.993890 10.999956
v 3.074250 1.288617 10.999956
v 2.588509 1.286195 10.999956
v 3.804376 1.060489 10.999957
v 4.630112 0.843805 10.999957
v 5.185748 0.130008 10.999956
v 5.224905 0.189994 10.999957
v 2.678058 0.942905 10.999956
v 3.548855 0.716521 10.999957
v 4.444767 0.540865 10.999956
v 5.295344 0.320604 10.999957
v 5.433666 0.585787 10.999956
v 2.001429 0.899534 10.999956
v 1.892449 0.074359 10.999956
v 1.001083 0.073344 10.999956
v 3.334645 0.388574 10.999957
v 3.281022 0.098546 10.999956
v 4.318715 0.306003 10.999957
v 4.267174 0.116880 10.999956
v -5.776687 11.803160 10.999954
v -2.364308 11.723139 10.999954
v -3.116209 10.134613 10.999954
v -2.300936 10.174253 10.999954
v -1.913152 10.534996 10.999954
v 1.369327 0.432559 10.999957
v 2.230955 0.551975 10.999956
v -0.348420 0.469234 10.999956
v -1.303929 0.444180 10.999957
v -1.448800 3.793806 10.999956
v -1.580442 2.924455 10.999956
v -1.665393 2.198162 10.999956
v -1.743913 1.694890 10.999956
v -1.697494 1.258572 10.999957
v -1.497072 0.836517 10.999957
v 3.026879 3.284291 10.999956
v -2.582631 2.470534 10.999956
v -0.807820 2.618870 10.999956
v 2.518334 3.300616 10.999956
v 0.882968 3.027462 10.999956
v -0.005740 2.797668 10.999956
v -5.328916 2.194126 10.999956
v 4.400786 3.115313 10.999956
v 3.644262 3.150649 10.999956
v -1.627004 2.526369 10.999956
v -3.886537 2.363222 10.999956
v 1.828200 3.277144 10.999956
v 5.362716 3.076887 10.999956
v 6.500452 2.973211 10.999956
v -6.251828 13.042120 8.999929
v -6.271235 11.392186 8.999929
v -6.545867 12.577845 9.001335
v -5.777130 12.573545 8.999928
v -6.540549 11.862215 8.999929
v -5.774318 11.024146 8.999929
v -5.020519 13.567623 8.999928
v -5.003206 12.542746 8.999928
v -4.176095 13.359840 8.999928
v -4.201115 12.410189 8.999928
v -4.992538 11.688553 8.999928
v -4.189784 11.597397 8.999928
v -4.957556 10.765799 8.999928
v -4.207277 10.699104 8.999928
v -3.376387 12.892213 9.004612
v -3.425960 12.184164 8.999929
v -3.373777 11.521324 8.999928
v -3.267784 10.824009 8.999929
v -2.837010 12.383639 8.999928
v -2.771071 11.989269 8.999928
v -2.728313 12.259699 8.999929
v -2.614810 12.115494 8.999929
v -2.607175 11.466003 8.999929
v -2.112880 11.191347 8.999929
v -2.428947 10.833765 8.999929
v -3.823297 10.073059 8.999929
v -1.815219 9.849317 8.999929
v -3.628801 9.462423 8.999929
v -3.006410 9.418640 8.999930
v -2.231447 9.385654 8.999930
v -1.791075 8.905736 8.999929
v -2.953802 8.570421 8.999930
v -3.003778 7.675880 8.999930
v -2.240655 8.489834 8.999930
v -2.288263 7.592367 8.999930
v -1.847487 8.000248 8.999929
v -3.101844 6.755120 8.999930
v -2.331020 6.707300 8.999930
v -1.912740 7.107873 8.999930
v -3.264763 5.805063 8.999931
v -2.302456 5.822740 8.999931
v -3.936689 5.846107 8.999930
v -4.350980 4.923131 8.999931
v -3.463455 4.822096 8.999931
v -2.194359 4.817318 8.999931
v -1.677072 4.307661 8.999930
v -3.495608 8.618360 8.999930
v -3.511159 7.756725 8.999930
v -3.642301 6.834442 8.999930
v -1.922729 6.284470 8.999930
v -1.317155 4.972680 8.999931
v -1.590239 5.352734 8.999931
v -4.955952 3.886815 8.999931
v -3.707065 3.778115 8.999931
v -2.395994 3.766420 8.999931
v -1.085270 4.756775 8.999931
v -0.783065 4.584364 8.999931
v -0.244961 4.456152 8.999931
v 0.589385 4.530183 8.999931
v 1.567647 4.813284 8.999931
v 2.262372 4.998348 8.999931
v 3.323092 5.166526 8.999930
v 4.137882 5.213624 8.999930
v 5.266198 5.111783 8.999930
v 5.966372 4.817870 8.999931
v -0.829499 3.783035 8.999931
v -0.167390 3.797343 8.999931
v 0.722671 3.913854 8.999931
v 1.616460 4.084376 8.999931
v 2.331849 4.217844 8.999931
v 3.548755 4.295308 8.999930
v 4.337633 4.277439 8.999930
v 5.333066 4.270766 8.999930
v 6.415349 4.345422 8.999931
v -5.379703 2.673420 8.999931
v -3.887751 2.769944 8.999931
v -2.545547 2.841614 8.999931
v -0.831007 2.997317 8.999931
v -5.107440 1.268199 8.999932
v -3.885442 2.004818 8.999932
v -4.831572 0.788844 8.999932
v -3.649577 1.020645 8.999931
v -2.616520 2.131354 8.999932
v -2.545894 1.175987 8.999932
v -1.131730 1.340458 8.999932
v -0.695543 0.805930 8.999932
v -0.200060 0.092971 8.999932
v -1.172661 0.085778 8.999932
v -2.420289 0.753694 8.999932
v -2.209698 0.072668 8.999932
v -2.304097 0.388851 8.999932
v -3.483939 0.604552 8.999931
v -3.337599 0.045063 8.999932
v -3.364577 0.287331 8.999932
v -4.504747 0.343746 8.999932
v -4.243608 0.013029 9.000113
v -4.330221 0.099947 8.999932
v -0.773657 2.061999 8.999932
v -5.278378 1.717584 8.999932
v -0.059541 3.145339 8.999931
v 0.037031 2.521575 8.999932
v 0.827731 3.336426 8.999931
v 0.915303 2.846846 8.999931
v 1.723944 3.500741 8.999931
v 1.929007 3.061168 8.999931
v 2.434142 3.578383 8.999931
v 2.580874 3.094508 8.999931
v 4.404552 3.450629 8.999931
v 4.396948 2.771505 8.999931
v 5.389991 3.423148 8.999931
v 5.331991 2.686687 8.999931
v 6.604112 3.368207 8.999931
v 6.370364 2.477609 8.999931
v -3.795562 1.486601 8.999931
v -2.618059 1.633813 8.999932
v -1.124430 1.694066 8.999932
v 2.807529 5.092389 8.999930
v 2.929906 4.281664 8.999930
v 3.637933 3.507411 8.999931
v 3.650141 2.820772 8.999931
v 3.270922 2.780361 8.999931
v 3.021883 3.563505 8.999931
v 3.032478 2.972948 8.999932
v 4.223653 1.801237 8.999931
v 5.047431 1.627495 8.999932
v 4.349781 2.243038 8.999931
v 5.205837 2.102133 8.999932
v 3.393987 2.519598 8.999932
v 3.342171 2.121991 8.999932
v 3.660019 2.311424 8.999931
v 3.192636 1.835669 8.999931
v 3.546571 1.925792 8.999931
v 6.106232 1.868514 8.999931
v 5.873647 1.420336 8.999931
v 3.362246 1.607442 8.999932
v 2.960575 1.567401 8.999931
v 4.037419 1.418447 8.999931
v 4.842954 1.214852 8.999932
v 5.652034 0.993979 8.999931
v 3.074262 1.288706 8.999932
v 2.588521 1.286284 8.999932
v 3.804388 1.060578 8.999932
v 4.630125 0.843894 8.999932
v 5.185760 0.130097 8.999932
v 5.224916 0.190083 8.999932
v 2.678071 0.942994 8.999932
v 3.548867 0.716610 8.999932
v 4.444779 0.540954 8.999932
v 5.295357 0.320693 8.999932
v 5.433678 0.585876 8.999931
v 2.001441 0.899623 8.999932
v 1.892462 0.074448 8.999932
v 1.001095 0.073432 8.999932
v 3.334658 0.388663 8.999932
v 3.281034 0.098634 8.999932
v 4.318727 0.306091 8.999932
v 4.267186 0.116969 8.999932
v -5.776675 11.803249 8.999929
v -2.364295 11.723227 8.999929
v -3.116197 10.134701 8.999929
v -2.300924 10.174342 8.999929
v -1.913140 10.535084 8.999929
v 1.369339 0.432648 8.999932
v 2.230967 0.552063 8.999932
v -0.348408 0.469323 8.999932
v -1.303917 0.444268 8.999932
v -1.448787 3.793895 8.999931
v -1.580429 2.924544 8.999932
v -1.665381 2.198250 8.999931
v -1.743900 1.694979 8.999932
v -1.697482 1.258661 8.999932
v -1.497060 0.836606 8.999932
v 3.026891 3.284379 8.999931
v -2.582619 2.470622 8.999931
v -0.807808 2.618958 8.999932
v 2.518346 3.300705 8.999931
v 0.882980 3.027551 8.999931
v -0.005728 2.797757 8.999931
v -5.328904 2.194215 8.999931
v 4.400799 3.115401 8.999931
v 3.644275 3.150737 8.999931
v -1.626992 2.526457 8.999931
v -3.886524 2.363311 8.999932
v 1.828212 3.277232 8.999931
v 5.362728 3.076975 8.999931
v 6.500464 2.973299 8.999931
v -5.824356 13.370144 -10.999954
v -6.251840 13.042030 -10.999954
v -6.271247 11.392097 -10.999954
v -6.545879 12.577756 -11.001358
v -5.777141 12.573456 -10.999952
v -6.540561 11.862127 -10.999954
v -5.774330 11.024057 -10.999952
v -5.020531 13.567535 -10.999956
v -5.003217 12.542658 -10.999952
v -4.176107 13.359751 -10.999954
v -4.201127 12.410100 -10.999952
v -4.992550 11.688463 -10.999954
v -4.189796 11.597307 -10.999954
v -4.957568 10.765711 -10.999952
v -4.207289 10.699016 -10.999952
v -3.376399 12.892124 -11.004637
v -3.425972 12.184074 -10.999956
v -3.373789 11.521235 -10.999954
v -3.267796 10.823920 -10.999952
v -2.837022 12.383551 -10.999952
v -2.771083 11.989181 -10.999956
v -2.728325 12.259609 -10.999952
v -2.614822 12.115406 -10.999956
v -2.607187 11.465916 -10.999954
v -2.112892 11.191257 -10.999954
v -2.428959 10.833676 -10.999952
v -3.823309 10.072970 -10.999954
v -1.815231 9.849228 -10.999954
v -3.628813 9.462334 -10.999954
v -3.006423 9.418550 -10.999952
v -2.231459 9.385565 -10.999956
v -1.791087 8.905647 -10.999956
v -2.953814 8.570333 -10.999954
v -3.003790 7.675792 -10.999956
v -2.240668 8.489744 -10.999954
v -2.288275 7.592278 -10.999956
v -1.847499 8.000159 -10.999954
v -3.101856 6.755032 -10.999954
v -2.331032 6.707211 -10.999954
v -1.912752 7.107784 -10.999956
v -3.264775 5.804975 -10.999956
v -2.302469 5.822651 -10.999956
v -3.936701 5.846018 -10.999956
v -4.350992 4.923043 -10.999958
v -3.463468 4.822008 -10.999958
v -2.194371 4.817230 -10.999958
v -1.677084 4.307573 -10.999956
v -3.495620 8.618271 -10.999954
v -3.511171 7.756637 -10.999956
v -3.642313 6.834353 -10.999954
v -1.922741 6.284381 -10.999958
v -1.317167 4.972591 -10.999954
v -1.590251 5.352646 -10.999954
v -4.955963 3.886726 -10.999956
v -3.707077 3.778027 -10.999956
v -2.396006 3.766332 -10.999956
v -1.085282 4.756687 -10.999958
v -0.783077 4.584276 -10.999958
v -0.244973 4.456063 -10.999956
v 0.589373 4.530095 -10.999956
v 1.567634 4.813196 -10.999958
v 2.262360 4.998260 -10.999954
v 3.323080 5.166438 -10.999954
v 4.137869 5.213536 -10.999954
v 5.266185 5.111694 -10.999954
v 5.966359 4.817781 -10.999958
v -0.829512 3.782946 -10.999956
v -0.167402 3.797255 -10.999956
v 0.722659 3.913766 -10.999956
v 1.616447 4.084288 -10.999956
v 2.331836 4.217755 -10.999956
v 3.548742 4.295219 -10.999956
v 4.337620 4.277350 -10.999956
v 5.333053 4.270678 -10.999956
v 6.415337 4.345334 -10.999956
v -5.379714 2.673331 -10.999956
v -3.887763 2.769855 -10.999956
v -2.545559 2.841526 -10.999956
v -0.831019 2.997229 -10.999958
v -5.107452 1.268111 -10.999956
v -3.885454 2.004730 -10.999958
v -4.831583 0.788756 -10.999956
v -3.649589 1.020557 -10.999956
v -2.616533 2.131266 -10.999960
v -2.545907 1.175899 -10.999956
v -1.131742 1.340370 -10.999958
v -0.695555 0.805842 -10.999956
v -0.200072 0.092883 -10.999958
v -1.172673 0.085690 -10.999958
v -2.420301 0.753606 -10.999956
v -2.209710 0.072580 -10.999958
v -2.304109 0.388763 -10.999958
v -3.483952 0.604464 -10.999956
v -3.337611 0.044976 -10.999958
v -3.364589 0.287243 -10.999958
v -4.504759 0.343658 -10.999958
v -4.243620 0.012941 -11.000139
v -4.330233 0.099860 -10.999958
v -0.773670 2.061910 -10.999958
v -5.278390 1.717496 -10.999958
v -0.059553 3.145251 -10.999958
v 0.037019 2.521487 -10.999956
v 0.827719 3.336338 -10.999958
v 0.915291 2.846758 -10.999956
v 1.723932 3.500653 -10.999958
v 1.928995 3.061080 -10.999958
v 2.434129 3.578295 -10.999954
v 2.580862 3.094420 -10.999958
v 4.404539 3.450541 -10.999958
v 4.396935 2.771416 -10.999956
v 5.389978 3.423060 -10.999958
v 5.331978 2.686599 -10.999956
v 6.604100 3.368119 -10.999954
v 6.370352 2.477521 -10.999956
v -3.795574 1.486513 -10.999958
v -2.618071 1.633724 -10.999958
v -1.124442 1.693978 -10.999958
v 2.807516 5.092301 -10.999954
v 2.929893 4.281576 -10.999956
v 3.637920 3.507323 -10.999958
v -5.824344 13.370232 -8.999928
v 3.650129 2.820684 -10.999956
v 3.270909 2.780272 -10.999956
v 3.021871 3.563417 -10.999954
v 3.032466 2.972860 -10.999958
v 4.223640 1.801149 -10.999958
v 5.047418 1.627406 -10.999958
v 4.349768 2.242950 -10.999956
v 5.205824 2.102044 -10.999958
v 3.393974 2.519510 -10.999956
v 3.342158 2.121902 -10.999958
v 3.660007 2.311335 -10.999956
v 3.192623 1.835581 -10.999958
v 3.546558 1.925703 -10.999958
v 6.106219 1.868426 -10.999958
v 5.873634 1.420248 -10.999958
v 3.362233 1.607354 -10.999958
v 2.960562 1.567313 -10.999958
v 4.037407 1.418358 -10.999958
v 4.842941 1.214764 -10.999956
v 5.652021 0.993891 -10.999956
v 3.074249 1.288617 -10.999956
v 2.588508 1.286195 -10.999956
v 3.804376 1.060489 -10.999956
v 4.630112 0.843806 -10.999956
v 5.185748 0.130009 -10.999958
v 5.224904 0.189995 -10.999958
v 2.678058 0.942906 -10.999956
v 3.548854 0.716522 -10.999960
v 4.444767 0.540866 -10.999956
v 5.295344 0.320605 -10.999958
v 5.433665 0.585788 -10.999956
v 2.001428 0.899535 -10.999956
v 1.892449 0.074360 -10.999958
v 1.001083 0.073345 -10.999958
v 3.334645 0.388575 -10.999958
v 3.281022 0.098547 -10.999958
v 4.318714 0.306004 -10.999958
v 4.267173 0.116881 -10.999958
v -5.776687 11.803160 -10.999954
v -2.364308 11.723139 -10.999954
v -3.116209 10.134613 -10.999954
v -2.300936 10.174253 -10.999954
v -1.913152 10.534996 -10.999956
v 1.369326 0.432560 -10.999958
v 2.230955 0.551975 -10.999956
v -0.348420 0.469235 -10.999958
v -1.303929 0.444180 -10.999958
v -1.448800 3.793807 -10.999956
v -1.580442 2.924456 -10.999956
v -1.665393 2.198162 -10.999956
v -1.743912 1.694890 -10.999958
v -1.697494 1.258572 -10.999956
v -1.497072 0.836518 -10.999956
v 3.026879 3.284291 -10.999958
v -2.582631 2.470534 -10.999956
v -0.807820 2.618870 -10.999956
v 2.518334 3.300617 -10.999958
v 0.882968 3.027462 -10.999958
v -0.005740 2.797668 -10.999956
v -5.328916 2.194127 -10.999956
v 4.400786 3.115313 -10.999958
v 3.644262 3.150649 -10.999958
v -1.627004 2.526369 -10.999956
v -3.886536 2.363223 -10.999956
v 1.828200 3.277144 -10.999958
v 5.362716 3.076887 -10.999958
v 6.500452 2.973211 -10.999958
v -6.251828 13.042118 -8.999929
v -6.271235 11.392186 -8.999929
v -6.545866 12.577845 -9.001335
v -5.777129 12.573545 -8.999928
v -6.540548 11.862215 -8.999928
v -5.774317 11.024146 -8.999929
v -5.020519 13.567623 -8.999929
v -5.003205 12.542746 -8.999928
v -4.176095 13.359838 -8.999928
v -4.201115 12.410189 -8.999929
v -4.992537 11.688553 -8.999928
v -4.189784 11.597397 -8.999928
v -4.957555 10.765799 -8.999929
v -4.207277 10.699104 -8.999929
v -3.376386 12.892212 -9.004614
v -3.425960 12.184164 -8.999929
v -3.373777 11.521324 -8.999928
v -3.267783 10.824009 -8.999929
v -2.837010 12.383638 -8.999929
v -2.771071 11.989269 -8.999929
v -2.728313 12.259699 -8.999929
v -2.614810 12.115494 -8.999929
v -2.607175 11.466003 -8.999929
v -2.112880 11.191347 -8.999931
v -2.428947 10.833765 -8.999929
v -3.823297 10.073059 -8.999929
v -1.815219 9.849316 -8.999929
v -3.628801 9.462423 -8.999931
v -3.006410 9.418640 -8.999929
v -2.231447 9.385654 -8.999929
v -1.791075 8.905736 -8.999929
v -2.953802 8.570421 -8.999929
v -3.003778 7.675880 -8.999929
v -2.240655 8.489834 -8.999931
v -2.288263 7.592367 -8.999929
v -1.847487 8.000248 -8.999931
v -3.101843 6.755120 -8.999931
v -2.331020 6.707300 -8.999931
v -1.912740 7.107872 -8.999931
v -3.264763 5.805063 -8.999931
v -2.302456 5.822740 -8.999931
v -3.936689 5.846107 -8.999931
v -4.350979 4.923131 -8.999931
v -3.463455 4.822096 -8.999931
v -2.194359 4.817318 -8.999931
v -1.677072 4.307661 -8.999929
v -3.495608 8.618360 -8.999929
v -3.511159 7.756725 -8.999929
v -3.642301 6.834442 -8.999931
v -1.922729 6.284470 -8.999931
v -1.317155 4.972680 -8.999931
v -1.590239 5.352735 -8.999931
v -4.955951 3.886815 -8.999933
v -3.707065 3.778116 -8.999933
v -2.395994 3.766420 -8.999933
v -1.085270 4.756775 -8.999931
v -0.783065 4.584364 -8.999931
v -0.244961 4.456152 -8.999929
v 0.589385 4.530183 -8.999929
v 1.567646 4.813285 -8.999931
v 2.262372 4.998348 -8.999931
v 3.323092 5.166526 -8.999931
v 4.137881 5.213624 -8.999931
v 5.266197 5.111783 -8.999931
v 5.966371 4.817870 -8.999931
v -0.829499 3.783035 -8.999933
v -0.167390 3.797343 -8.999933
v 0.722671 3.913855 -8.999933
v 1.616460 4.084376 -8.999931
v 2.331849 4.217844 -8.999931
v 3.548754 4.295308 -8.999929
v 4.337632 4.277439 -8.999929
v 5.333066 4.270766 -8.999929
v 6.415349 4.345423 -8.999931
v -5.379702 2.673420 -8.999931
v -3.887751 2.769944 -8.999931
v -2.545547 2.841614 -8.999929
v -0.831007 2.997317 -8.999933
v -5.107440 1.268200 -8.999931
v -3.885442 2.004818 -8.999931
v -4.831571 0.788844 -8.999933
v -3.649577 1.020646 -8.999933
v -2.616520 2.131354 -8.999933
v -2.545894 1.175987 -8.999933
v -1.131729 1.340459 -8.999933
v -0.695543 0.805931 -8.999933
v -0.200060 0.092972 -8.999931
v -1.172661 0.085779 -8.999931
v -2.420289 0.753695 -8.999933
v -2.209698 0.072669 -8.999931
v -2.304096 0.388852 -8.999931
v -3.483939 0.604553 -8.999933
v -3.337599 0.045064 -8.999931
v -3.364577 0.287332 -8.999931
v -4.504747 0.343747 -8.999931
v -4.243608 0.013030 -9.000113
v -4.330220 0.099948 -8.999931
v -0.773657 2.061999 -8.999931
v -5.278378 1.717585 -8.999931
v -0.059541 3.145339 -8.999931
v 0.037031 2.521575 -8.999933
v 0.827731 3.336426 -8.999931
v 0.915303 2.846846 -8.999929
v 1.723944 3.500741 -8.999931
v 1.929007 3.061168 -8.999931
v 2.434141 3.578383 -8.999931
v 2.580874 3.094509 -8.999931
v 4.404552 3.450629 -8.999931
v 4.396948 2.771505 -8.999931
v 5.389991 3.423148 -8.999931
v 5.331990 2.686687 -8.999931
v 6.604112 3.368207 -8.999931
v 6.370364 2.477609 -8.999931
v -3.795561 1.486602 -8.999931
v -2.618058 1.633813 -8.999931
v -1.124430 1.694066 -8.999931
v 2.807528 5.092389 -8.999931
v 2.929905 4.281664 -8.999929
v 3.637932 3.507411 -8.999931
v 3.650141 2.820772 -8.999931
v 3.270922 2.780361 -8.999931
v 3.021883 3.563506 -8.999931
v 3.032478 2.972949 -8.999933
v 4.223653 1.801238 -8.999931
v 5.047430 1.627495 -8.999931
v 4.349780 2.243038 -8.999933
v 5.205836 2.102133 -8.999931
v 3.393986 2.519599 -8.999933
v 3.342170 2.121991 -8.999931
v 3.660019 2.311424 -8.999933
v 3.192635 1.835670 -8.999931
v 3.546571 1.925792 -8.999931
v 6.106232 1.868514 -8.999931
v 5.873646 1.420336 -8.999931
v 3.362245 1.607442 -8.999933
v 2.960574 1.567401 -8.999931
v 4.037419 1.418447 -8.999933
v 4.842953 1.214853 -8.999933
v 5.652034 0.993979 -8.999933
v 3.074262 1.288706 -8.999931
v 2.588521 1.286284 -8.999931
v 3.804388 1.060578 -8.999933
v 4.630124 0.843894 -8.999933
v 5.185760 0.130098 -8.999931
v 5.224916 0.190084 -8.999933
v 2.678071 0.942995 -8.999933
v 3.548866 0.716611 -8.999933
v 4.444779 0.540955 -8.999933
v 5.295356 0.320693 -8.999931
v 5.433678 0.585876 -8.999933
v 2.001441 0.899624 -8.999933
v 1.892462 0.074449 -8.999931
v 1.001095 0.073433 -8.999931
v 3.334657 0.388664 -8.999931
v 3.281034 0.098635 -8.999931
v 4.318727 0.306092 -8.999931
v 4.267186 0.116970 -8.999931
v -5.776674 11.803249 -8.999928
v -2.364295 11.723227 -8.999928
v -3.116197 10.134701 -8.999928
v -2.300924 10.174342 -8.999928
v -1.913140 10.535084 -8.999929
v 1.369339 0.432649 -8.999931
v 2.230967 0.552064 -8.999933
v -0.348408 0.469324 -8.999931
v -1.303917 0.444269 -8.999931
v -1.448787 3.793895 -8.999933
v -1.580429 2.924544 -8.999931
v -1.665381 2.198251 -8.999933
v -1.743900 1.694979 -8.999931
v -1.697482 1.258661 -8.999931
v -1.497060 0.836607 -8.999933
v 3.026891 3.284379 -8.999931
v -2.582618 2.470623 -8.999933
v -0.807808 2.618958 -8.999933
v 2.518346 3.300705 -8.999931
v 0.882980 3.027551 -8.999931
v -0.005728 2.797757 -8.999931
v -5.328904 2.194215 -8.999933
v 4.400798 3.115401 -8.999931
v 3.644274 3.150737 -8.999931
v -1.626992 2.526458 -8.999933
v -3.886524 2.363311 -8.999933
v 1.828212 3.277233 -8.999931
v 5.362728 3.076975 -8.999931
v 6.500464 2.973300 -8.999931
v -1.973068 3.187577 9.048000
v -1.973068 4.387577 9.047999
v -1.973068 3.187577 -9.048000
v -1.973068 4.387577 -9.048002
v -0.192735 3.187577 9.048000
v -0.192735 4.387577 9.047999
v -0.192735 3.187577 -9.048000
v -0.192735 4.387577 -9.048002
v -2.811994 12.215578 13.084492
v -2.769146 12.235355 13.206365
v -2.794140 12.304022 13.084494
v -2.806269 12.218220 13.145348
v -2.818751 12.252523 13.084493
v -2.812657 12.253624 13.142773
v -2.781627 12.269655 13.190084
v -2.790541 12.225479 13.190084
v -2.801584 12.258735 13.174268
v -2.812194 12.284989 13.084493
v -2.790798 12.294865 13.145350
v -2.808038 12.276497 13.142773
v -2.573445 12.325678 13.206367
v -2.530597 12.345455 13.084494
v -2.598439 12.394342 13.084494
v -2.552049 12.335554 13.190084
v -2.585927 12.359982 13.190084
v -2.564902 12.367971 13.174269
v -2.548803 12.377114 13.084493
v -2.536321 12.342812 13.145350
v -2.553828 12.373083 13.142775
v -2.595097 12.385187 13.145351
v -2.573701 12.395063 13.084493
v -2.571356 12.385733 13.142775
v -2.811988 12.215582 -13.084494
v -2.794135 12.304022 -13.084494
v -2.769140 12.235357 -13.206367
v -2.818746 12.252526 -13.084494
v -2.806264 12.218224 -13.145351
v -2.812652 12.253626 -13.142775
v -2.790793 12.294867 -13.145351
v -2.812188 12.284992 -13.084494
v -2.808033 12.276499 -13.142775
v -2.790536 12.225483 -13.190084
v -2.781622 12.269659 -13.190084
v -2.801579 12.258737 -13.174271
v -2.530591 12.345457 -13.084494
v -2.573440 12.325682 -13.206366
v -2.598433 12.394345 -13.084494
v -2.536316 12.342815 -13.145350
v -2.548798 12.377117 -13.084494
v -2.553824 12.373086 -13.142775
v -2.585922 12.359983 -13.190084
v -2.552044 12.335557 -13.190084
v -2.564897 12.367975 -13.174269
v -2.573696 12.395065 -13.084494
v -2.595092 12.385189 -13.145350
v -2.571351 12.385736 -13.142775
v -2.451684 11.225269 13.084492
v -2.383846 11.176350 13.084494
v -2.408836 11.245045 13.206366
v -2.433482 11.193607 13.084494
v -2.445960 11.227909 13.145348
v -2.428448 11.197609 13.142774
v -2.387184 11.185535 13.145350
v -2.408580 11.175659 13.084493
v -2.410917 11.184989 13.142775
v -2.430232 11.235168 13.190084
v -2.396358 11.210742 13.190084
v -2.417376 11.202720 13.174269
v -2.170287 11.355145 13.084494
v -2.213135 11.335367 13.206367
v -2.188145 11.266672 13.084494
v -2.176011 11.352503 13.145350
v -2.163534 11.318200 13.084492
v -2.169620 11.317068 13.142774
v -2.200657 11.301067 13.190084
v -2.191740 11.345243 13.190084
v -2.180694 11.311956 13.174269
v -2.170087 11.285733 13.084492
v -2.191483 11.275858 13.145350
v -2.174235 11.294226 13.142774
v -2.451679 11.225271 -13.084496
v -2.408831 11.245047 -13.206367
v -2.383841 11.176353 -13.084496
v -2.445955 11.227913 -13.145351
v -2.433477 11.193612 -13.084494
v -2.428443 11.197612 -13.142776
v -2.396353 11.210745 -13.190086
v -2.430227 11.235172 -13.190086
v -2.417370 11.202722 -13.174269
v -2.408575 11.175663 -13.084494
v -2.387179 11.185539 -13.145351
v -2.410912 11.184994 -13.142776
v -2.170282 11.355146 -13.084494
v -2.188140 11.266674 -13.084496
v -2.213130 11.335371 -13.206366
v -2.163529 11.318203 -13.084496
v -2.176006 11.352504 -13.145350
v -2.169616 11.317071 -13.142776
v -2.191478 11.275861 -13.145351
v -2.170082 11.285736 -13.084494
v -2.174230 11.294230 -13.142776
v -2.191734 11.345245 -13.190086
v -2.200653 11.301068 -13.190086
v -2.180688 11.311960 -13.174269
v -2.237587 10.636827 13.084492
v -2.194739 10.656605 13.206365
v -2.219728 10.725289 13.084494
v -2.231863 10.639471 13.145348
v -2.244341 10.673764 13.084494
v -2.238253 10.674877 13.142775
v -2.207217 10.690899 13.190084
v -2.216135 10.646729 13.190084
v -2.227180 10.679989 13.174269
v -2.237786 10.706236 13.084493
v -2.216390 10.716110 13.145350
v -2.233638 10.697739 13.142775
v -1.999038 10.746929 13.206367
v -1.956190 10.766703 13.084494
v -2.024027 10.815611 13.084494
v -1.977642 10.756804 13.190084
v -2.011517 10.781223 13.190084
v -1.990499 10.789226 13.174269
v -1.974393 10.798355 13.084492
v -1.961915 10.764061 13.145350
v -1.979425 10.794336 13.142774
v -2.020689 10.806432 13.145350
v -1.999293 10.816309 13.084492
v -1.996957 10.806974 13.142774
v -2.237582 10.636831 -13.084494
v -2.219723 10.725290 -13.084494
v -2.194734 10.656608 -13.206367
v -2.244337 10.673767 -13.084494
v -2.231858 10.639473 -13.145351
v -2.238248 10.674880 -13.142775
v -2.216385 10.716114 -13.145351
v -2.237781 10.706238 -13.084494
v -2.233634 10.697742 -13.142775
v -2.216130 10.646730 -13.190084
v -2.207213 10.690899 -13.190084
v -2.227175 10.679991 -13.174269
v -1.956185 10.766707 -13.084494
v -1.999033 10.746931 -13.206366
v -2.024022 10.815613 -13.084494
v -1.961910 10.764065 -13.145350
v -1.974388 10.798361 -13.084494
v -1.979420 10.794339 -13.142775
v -2.011513 10.781225 -13.190084
v -1.977637 10.756806 -13.190084
v -1.990493 10.789228 -13.174269
v -1.999289 10.816312 -13.084494
v -2.020684 10.806436 -13.145350
v -1.996951 10.806978 -13.142775
v -2.037882 9.658311 13.084492
v -1.983564 9.591148 13.084492
v -1.990937 9.663118 13.206366
v -2.027943 9.623154 13.084492
v -2.031611 9.658952 13.145347
v -2.022007 9.625271 13.142775
v -1.984550 9.600761 13.145347
v -2.008007 9.598501 13.084492
v -2.007968 9.607915 13.142773
v -2.014378 9.660717 13.190083
v -1.987256 9.627177 13.190084
v -2.009871 9.626473 13.174271
v -1.729574 9.689890 13.084492
v -1.776520 9.685081 13.206364
v -1.769001 9.611639 13.084492
v -1.735846 9.689247 13.145347
v -1.732077 9.652435 13.084492
v -1.738332 9.653389 13.142774
v -1.772765 9.648407 13.190084
v -1.753078 9.687483 13.190083
v -1.750468 9.652185 13.174269
v -1.746551 9.623713 13.084490
v -1.770007 9.621450 13.145347
v -1.748520 9.633165 13.142773
v -2.037879 9.658312 -13.084492
v -1.990932 9.663121 -13.206364
v -1.983560 9.591148 -13.084494
v -2.031607 9.658956 -13.145348
v -2.027940 9.623155 -13.084494
v -2.022000 9.625275 -13.142776
v -1.987253 9.627183 -13.190084
v -2.014375 9.660720 -13.190083
v -2.009864 9.626476 -13.174271
v -2.008000 9.598502 -13.084492
v -1.984544 9.600763 -13.145348
v -2.007964 9.607918 -13.142775
v -1.729571 9.689892 -13.084492
v -1.768997 9.611639 -13.084492
v -1.776517 9.685083 -13.206366
v -1.732074 9.652437 -13.084494
v -1.735842 9.689251 -13.145348
v -1.738325 9.653391 -13.142776
v -1.770000 9.621452 -13.145348
v -1.746544 9.623714 -13.084492
v -1.748516 9.633168 -13.142775
v -1.753074 9.687485 -13.190083
v -1.772762 9.648411 -13.190086
v -1.750461 9.652189 -13.174273
v -1.990811 9.041698 13.084491
v -1.943684 9.044168 13.206367
v -1.947897 9.116572 13.084494
v -1.984515 9.042027 13.145350
v -1.986614 9.078075 13.084493
v -1.980411 9.076885 13.142773
v -1.945789 9.080320 13.190084
v -1.967217 9.042933 13.190084
v -1.968234 9.077555 13.174266
v -1.970860 9.105558 13.084490
v -1.947333 9.106897 13.145348
v -1.969320 9.096234 13.142773
v -1.728441 9.055449 13.206366
v -1.681314 9.057919 13.084491
v -1.732715 9.128977 13.084492
v -1.704909 9.056683 13.190084
v -1.730576 9.092163 13.190084
v -1.707952 9.091846 13.174267
v -1.689751 9.094410 13.084493
v -1.687610 9.057589 13.145350
v -1.695774 9.092516 13.142773
v -1.732144 9.119150 13.145348
v -1.708617 9.120492 13.084490
v -1.709057 9.110878 13.142773
v -1.990809 9.041698 -13.084494
v -1.947893 9.116572 -13.084492
v -1.943682 9.044168 -13.206366
v -1.986609 9.078076 -13.084494
v -1.984514 9.042029 -13.145351
v -1.980406 9.076887 -13.142773
v -1.947330 9.106901 -13.145348
v -1.970857 9.105560 -13.084490
v -1.969316 9.096237 -13.142775
v -1.967215 9.042934 -13.190084
v -1.945784 9.080322 -13.190084
v -1.968229 9.077558 -13.174267
v -1.681313 9.057920 -13.084494
v -1.728440 9.055450 -13.206367
v -1.732710 9.128977 -13.084494
v -1.687608 9.057590 -13.145351
v -1.689746 9.094411 -13.084494
v -1.695770 9.092519 -13.142773
v -1.730571 9.092165 -13.190084
v -1.704907 9.056684 -13.190084
v -1.707947 9.091848 -13.174267
v -1.708614 9.120493 -13.084490
v -1.732140 9.119155 -13.145348
v -1.709053 9.110882 -13.142773
v -1.971554 7.998336 13.084492
v -1.925616 7.925082 13.084494
v -1.924366 7.997731 13.206367
v -1.965872 7.962059 13.084492
v -1.965250 7.998255 13.145350
v -1.959722 7.963499 13.142774
v -1.925448 7.934786 13.145347
v -1.949010 7.935170 13.084490
v -1.947851 7.944569 13.142772
v -1.947929 7.998034 13.190084
v -1.924989 7.961454 13.190084
v -1.947528 7.963321 13.174269
v -1.661657 7.994370 13.084492
v -1.708845 7.994973 13.206366
v -1.710108 7.921469 13.084493
v -1.667961 7.994449 13.145350
v -1.668592 7.957664 13.084492
v -1.674688 7.959311 13.142774
v -1.709475 7.958268 13.190083
v -1.685281 7.994671 13.190084
v -1.686882 7.959490 13.174269
v -1.686377 7.930904 13.084490
v -1.709938 7.931285 13.145346
v -1.687209 7.940471 13.142773
v -1.971545 7.998337 -13.084494
v -1.924358 7.997734 -13.206367
v -1.925609 7.925082 -13.084494
v -1.965241 7.998257 -13.145350
v -1.965866 7.962059 -13.084492
v -1.959717 7.963501 -13.142776
v -1.924984 7.961456 -13.190083
v -1.947922 7.998035 -13.190086
v -1.947523 7.963323 -13.174269
v -1.949005 7.935171 -13.084492
v -1.925443 7.934789 -13.145348
v -1.947845 7.944571 -13.142775
v -1.661649 7.994370 -13.084494
v -1.710101 7.921469 -13.084496
v -1.708837 7.994975 -13.206367
v -1.668586 7.957665 -13.084492
v -1.667953 7.994451 -13.145350
v -1.674683 7.959313 -13.142776
v -1.709933 7.931290 -13.145348
v -1.686371 7.930906 -13.084492
v -1.687204 7.940474 -13.142773
v -1.685274 7.994673 -13.190086
v -1.709469 7.958271 -13.190084
v -1.686877 7.959492 -13.174269
v -1.989787 7.377320 13.084491
v -1.942642 7.375234 13.206364
v -1.939497 7.447907 13.084489
v -1.983488 7.377041 13.145346
v -1.981793 7.413269 13.084491
v -1.975746 7.411473 13.142769
v -1.940944 7.411525 13.190083
v -1.966183 7.376275 13.190083
v -1.963562 7.410953 13.174265
v -1.963408 7.439175 13.084489
v -1.939864 7.438199 13.145346
v -1.962768 7.429713 13.142769
v -1.727314 7.365708 13.206364
v -1.680168 7.363625 13.084489
v -1.724138 7.439077 13.084489
v -1.703771 7.364668 13.190083
v -1.725601 7.402331 13.190083
v -1.703126 7.399817 13.174265
v -1.684751 7.400588 13.084491
v -1.686467 7.363903 13.145346
v -1.690942 7.399296 13.142769
v -1.724510 7.429270 13.145346
v -1.700965 7.428294 13.084489
v -1.702323 7.418798 13.142769
v -1.989786 7.377321 -13.084490
v -1.939490 7.447907 -13.084490
v -1.942640 7.375237 -13.206366
v -1.981789 7.413271 -13.084494
v -1.983486 7.377042 -13.145348
v -1.975742 7.411475 -13.142771
v -1.939858 7.438200 -13.145348
v -1.963403 7.439176 -13.084490
v -1.962763 7.429715 -13.142771
v -1.966182 7.376276 -13.190084
v -1.940939 7.411528 -13.190084
v -1.963558 7.410954 -13.174267
v -1.680167 7.363625 -13.084494
v -1.727312 7.365710 -13.206366
v -1.724131 7.439077 -13.084490
v -1.686465 7.363904 -13.145348
v -1.684747 7.400590 -13.084494
v -1.690938 7.399298 -13.142771
v -1.725596 7.402334 -13.190084
v -1.703770 7.364670 -13.190084
v -1.703122 7.399818 -13.174267
v -1.700961 7.428295 -13.084490
v -1.724505 7.429271 -13.145348
v -1.702318 7.418798 -13.142771
v -2.052363 6.328027 13.084492
v -2.009555 6.251779 13.084494
v -2.005259 6.325138 13.206367
v -2.048219 6.290936 13.084492
v -2.046069 6.327641 13.145350
v -2.042016 6.292123 13.142775
v -2.008984 6.261579 13.145350
v -2.032508 6.262946 13.084492
v -2.030953 6.272420 13.142773
v -2.028780 6.326580 13.190084
v -2.007404 6.288507 13.190084
v -2.029842 6.291399 13.174271
v -1.743022 6.309052 13.084494
v -1.790125 6.311941 13.206367
v -1.794374 6.239373 13.084492
v -1.749315 6.309440 13.145350
v -1.751431 6.273277 13.084492
v -1.757455 6.275170 13.142775
v -1.792246 6.275705 13.190084
v -1.766604 6.310500 13.190084
v -1.769630 6.275895 13.174271
v -1.770283 6.247700 13.084492
v -1.793808 6.249068 13.145348
v -1.770726 6.257165 13.142773
v -2.052357 6.328029 -13.084496
v -2.005254 6.325140 -13.206367
v -2.009552 6.251781 -13.084494
v -2.046064 6.327642 -13.145350
v -2.048216 6.290936 -13.084492
v -2.042011 6.292125 -13.142776
v -2.007401 6.288508 -13.190084
v -2.028775 6.326582 -13.190086
v -2.029836 6.291400 -13.174273
v -2.032501 6.262948 -13.084492
v -2.008976 6.261580 -13.145346
v -2.030949 6.272421 -13.142775
v -1.743016 6.309054 -13.084494
v -1.794370 6.239375 -13.084496
v -1.790120 6.311944 -13.206367
v -1.751427 6.273277 -13.084492
v -1.749310 6.309440 -13.145350
v -1.757450 6.275173 -13.142776
v -1.793800 6.249068 -13.145350
v -1.770276 6.247701 -13.084492
v -1.770722 6.257167 -13.142775
v -1.766599 6.310502 -13.190086
v -1.792243 6.275707 -13.190084
v -1.769624 6.275897 -13.174273
v -0.421248 4.424416 13.084492
v -0.421643 4.471604 13.206363
v -0.488888 4.471597 13.084490
v -0.421300 4.430721 13.145346
v -0.454927 4.430666 13.084492
v -0.453539 4.436788 13.142774
v -0.455177 4.471550 13.190084
v -0.421446 4.448040 13.190082
v -0.453614 4.448983 13.174269
v -0.479787 4.448022 13.084492
v -0.479892 4.471587 13.145350
v -0.471041 4.449008 13.142771
v -0.423453 4.687136 13.206362
v -0.423849 4.734326 13.084492
v -0.489715 4.687134 13.084490
v -0.423651 4.710701 13.190082
v -0.456487 4.687086 13.190084
v -0.455225 4.709651 13.174271
v -0.456736 4.727973 13.084492
v -0.423796 4.728023 13.145347
v -0.455300 4.721847 13.142774
v -0.480847 4.687123 13.145350
v -0.480953 4.710688 13.084492
v -0.472348 4.709678 13.142769
v -0.421244 4.424424 -13.084492
v -0.488884 4.471607 -13.084490
v -0.421640 4.471613 -13.206364
v -0.454923 4.430674 -13.084490
v -0.421297 4.430729 -13.145346
v -0.453536 4.436796 -13.142775
v -0.479889 4.471595 -13.145346
v -0.479785 4.448030 -13.084492
v -0.471036 4.449016 -13.142771
v -0.421443 4.448050 -13.190083
v -0.455172 4.471560 -13.190081
v -0.453611 4.448991 -13.174267
v -0.423846 4.734336 -13.084492
v -0.423450 4.687146 -13.206364
v -0.489711 4.687145 -13.084492
v -0.423793 4.728030 -13.145346
v -0.456733 4.727981 -13.084492
v -0.455297 4.721855 -13.142776
v -0.456484 4.687096 -13.190083
v -0.423648 4.710710 -13.190083
v -0.455221 4.709660 -13.174269
v -0.480950 4.710695 -13.084494
v -0.480845 4.687131 -13.145350
v -0.472344 4.709687 -13.142773
v 0.505286 4.473765 13.084490
v 0.560862 4.527256 13.084492
v 0.500102 4.520669 13.206365
v 0.535120 4.483356 13.084490
v 0.504594 4.480031 13.145348
v 0.533129 4.489299 13.142771
v 0.552741 4.526385 13.145348
v 0.555520 4.502985 13.084492
v 0.547491 4.503120 13.142773
v 0.502690 4.497249 13.190083
v 0.530439 4.523974 13.190083
v 0.531735 4.501415 13.174269
v 0.471237 4.781811 13.084490
v 0.476422 4.734904 13.206366
v 0.535183 4.741261 13.084492
v 0.471930 4.775542 13.145346
v 0.501079 4.778714 13.084490
v 0.500546 4.772496 13.142773
v 0.505760 4.738096 13.190082
v 0.473833 4.758326 13.190082
v 0.501941 4.760381 13.174267
v 0.524551 4.763821 13.084490
v 0.527330 4.740419 13.145347
v 0.517071 4.762012 13.142771
v 0.505284 4.473776 -13.084490
v 0.500100 4.520682 -13.206364
v 0.560862 4.527267 -13.084490
v 0.504592 4.480042 -13.145346
v 0.535122 4.483365 -13.084490
v 0.533128 4.489309 -13.142771
v 0.530441 4.523983 -13.190081
v 0.502688 4.497260 -13.190079
v 0.531735 4.501423 -13.174267
v 0.555522 4.502993 -13.084490
v 0.552743 4.526393 -13.145346
v 0.547492 4.503130 -13.142771
v 0.471235 4.781822 -13.084492
v 0.535182 4.741271 -13.084492
v 0.476421 4.734916 -13.206364
v 0.501081 4.778723 -13.084492
v 0.471929 4.775554 -13.145348
v 0.500545 4.772506 -13.142773
v 0.527331 4.740428 -13.145346
v 0.524553 4.763830 -13.084492
v 0.517072 4.762023 -13.142773
v 0.473831 4.758338 -13.190083
v 0.505762 4.738105 -13.190083
v 0.501940 4.760389 -13.174267
v 1.021283 4.552788 13.084495
v 1.012171 4.599091 13.206367
v 0.952381 4.587537 13.084493
v 1.020066 4.558974 13.145353
v 0.990017 4.553180 13.084493
v 0.990132 4.559441 13.142778
v 0.982313 4.593335 13.190084
v 1.016721 4.575969 13.190086
v 0.987833 4.571417 13.174273
v 0.964727 4.565929 13.084492
v 0.960368 4.589087 13.145348
v 0.972328 4.568419 13.142775
v 0.970559 4.810575 13.206369
v 0.961448 4.856879 13.084494
v 0.912782 4.799408 13.084492
v 0.966009 4.833696 13.190086
v 0.941705 4.805014 13.190084
v 0.938669 4.827413 13.174273
v 0.934002 4.845168 13.084494
v 0.962665 4.850692 13.145350
v 0.936369 4.839390 13.142777
v 0.920499 4.800906 13.145347
v 0.916139 4.824065 13.084492
v 0.923793 4.824533 13.142774
v 1.021283 4.552796 -13.084494
v 0.952380 4.587545 -13.084492
v 1.012171 4.599100 -13.206367
v 0.990016 4.553192 -13.084490
v 1.020066 4.558981 -13.145348
v 0.990133 4.559449 -13.142775
v 0.960368 4.589096 -13.145348
v 0.964727 4.565938 -13.084490
v 0.972328 4.568428 -13.142775
v 1.016721 4.575979 -13.190086
v 0.982312 4.593346 -13.190084
v 0.987833 4.571427 -13.174271
v 0.961448 4.856887 -13.084494
v 0.970559 4.810584 -13.206367
v 0.912780 4.799416 -13.084492
v 0.962665 4.850701 -13.145350
v 0.934001 4.845180 -13.084492
v 0.936370 4.839398 -13.142776
v 0.941704 4.805026 -13.190086
v 0.966009 4.833705 -13.190086
v 0.938669 4.827423 -13.174273
v 0.916139 4.824073 -13.084492
v 0.920499 4.800915 -13.145346
v 0.923793 4.824543 -13.142775
v 1.991966 4.785748 13.084492
v 2.058186 4.850026 13.084492
v 1.980785 4.831598 13.206364
v 2.029021 4.801059 13.084492
v 1.990471 4.791875 13.145347
v 2.025954 4.806622 13.142774
v 2.047843 4.847568 13.145350
v 2.053327 4.824650 13.084494
v 2.043065 4.823232 13.142774
v 1.986368 4.808704 13.190082
v 2.019433 4.840804 13.190084
v 2.023093 4.818478 13.174271
v 1.918539 5.086847 13.084490
v 1.929721 5.041000 13.206366
v 2.008180 5.059684 13.084492
v 1.920033 5.080723 13.145348
v 1.959311 5.090083 13.084492
v 1.959086 5.083734 13.142774
v 1.968898 5.050335 13.190083
v 1.924138 5.063894 13.190083
v 1.961946 5.071878 13.174271
v 1.992213 5.080111 13.084495
v 1.997696 5.057192 13.145351
v 1.982249 5.076712 13.142773
v 1.991966 4.785759 -13.084492
v 1.980785 4.831606 -13.206364
v 2.058186 4.850038 -13.084492
v 1.990471 4.791884 -13.145348
v 2.029021 4.801067 -13.084492
v 2.025951 4.806633 -13.142776
v 2.019433 4.840814 -13.190083
v 1.986368 4.808713 -13.190083
v 2.023090 4.818487 -13.174273
v 2.053327 4.824657 -13.084494
v 2.047844 4.847574 -13.145350
v 2.043065 4.823241 -13.142776
v 1.918539 5.086856 -13.084492
v 2.008180 5.059696 -13.084492
v 1.929721 5.041009 -13.206364
v 1.959311 5.090092 -13.084492
v 1.920033 5.080732 -13.145346
v 1.959083 5.083744 -13.142775
v 1.997697 5.057199 -13.145350
v 1.992214 5.080117 -13.084492
v 1.982249 5.076722 -13.142775
v 1.924138 5.063903 -13.190083
v 1.968898 5.050344 -13.190083
v 1.961945 5.071888 -13.174271
v 2.672117 4.933481 13.084492
v 2.663550 4.979888 13.206365
v 2.581467 4.964181 13.084493
v 2.670973 4.939681 13.145348
v 2.630145 4.931878 13.084492
v 2.630739 4.938228 13.142775
v 2.622559 4.972055 13.190084
v 2.667828 4.956716 13.190084
v 2.628479 4.950213 13.174269
v 2.596872 4.943144 13.084493
v 2.592430 4.966287 13.145351
v 2.607313 4.946157 13.142775
v 2.624421 5.191845 13.206366
v 2.615854 5.238254 13.084492
v 2.540606 5.175812 13.084492
v 2.620142 5.215018 13.190084
v 2.582564 5.183852 13.190084
v 2.580153 5.206367 13.174271
v 2.574977 5.224028 13.084492
v 2.616999 5.232053 13.145349
v 2.577892 5.218351 13.142774
v 2.551800 5.177962 13.145350
v 2.547358 5.201103 13.084492
v 2.558447 5.202210 13.142774
v 2.672116 4.933489 -13.084492
v 2.581465 4.964193 -13.084492
v 2.663549 4.979897 -13.206364
v 2.630146 4.931889 -13.084492
v 2.670972 4.939689 -13.145346
v 2.630738 4.938237 -13.142775
v 2.592430 4.966294 -13.145350
v 2.596872 4.943153 -13.084492
v 2.607312 4.946170 -13.142773
v 2.667827 4.956725 -13.190083
v 2.622560 4.972066 -13.190084
v 2.628478 4.950222 -13.174269
v 2.615853 5.238262 -13.084492
v 2.624420 5.191854 -13.206364
v 2.540605 5.175823 -13.084492
v 2.616998 5.232062 -13.145346
v 2.574979 5.224039 -13.084492
v 2.577891 5.218360 -13.142773
v 2.582566 5.183863 -13.190083
v 2.620142 5.215029 -13.190083
v 2.580153 5.206376 -13.174269
v 2.547358 5.201112 -13.084492
v 2.551801 5.177969 -13.145348
v 2.558446 5.202222 -13.142773
v 3.874432 5.076833 13.084492
v 3.955738 5.127999 13.084490
v 3.871855 5.123952 13.206366
v 3.915800 5.085151 13.084492
v 3.874087 5.083128 13.145349
v 3.913726 5.091181 13.142773
v 3.944530 5.127464 13.145347
v 3.945644 5.103927 13.084492
v 3.934737 5.104402 13.142773
v 3.873141 5.100423 13.190084
v 3.913741 5.125985 13.190084
v 3.913109 5.103361 13.174269
v 3.857511 5.386292 13.084492
v 3.860087 5.339170 13.206366
v 3.945798 5.343308 13.084492
v 3.857854 5.379997 13.145350
v 3.900827 5.382086 13.084492
v 3.899319 5.375881 13.142773
v 3.902886 5.341250 13.190084
v 3.858801 5.362700 13.190084
v 3.899935 5.363702 13.174269
v 3.933234 5.366302 13.084492
v 3.934347 5.342762 13.145348
v 3.922134 5.364770 13.142775
v 3.874434 5.076841 -13.084492
v 3.871857 5.123963 -13.206364
v 3.955741 5.128008 -13.084492
v 3.874089 5.083137 -13.145346
v 3.915802 5.085160 -13.084492
v 3.913728 5.091192 -13.142773
v 3.913743 5.125994 -13.190083
v 3.873144 5.100433 -13.190083
v 3.913111 5.103370 -13.174267
v 3.945647 5.103933 -13.084492
v 3.944534 5.127471 -13.145346
v 3.934740 5.104410 -13.142773
v 3.857513 5.386301 -13.084492
v 3.945802 5.343318 -13.084488
v 3.860089 5.339180 -13.206364
v 3.900829 5.382095 -13.084492
v 3.857856 5.380005 -13.145346
v 3.899321 5.375892 -13.142773
v 3.934350 5.342768 -13.145346
v 3.933237 5.366308 -13.084492
v 3.922137 5.364778 -13.142773
v 3.858802 5.362710 -13.190083
v 3.902888 5.341259 -13.190083
v 3.899937 5.363711 -13.174267
v 4.585694 5.091704 13.084492
v 4.586381 5.138890 13.206366
v 4.503521 5.139387 13.084492
v 4.585786 5.098009 13.145347
v 4.544721 5.098748 13.084494
v 4.546539 5.104881 13.142771
v 4.545165 5.139631 13.190084
v 4.586038 5.115328 13.190084
v 4.546673 5.117077 13.174265
v 4.514444 5.115890 13.084492
v 4.514631 5.139454 13.145347
v 4.525223 5.116953 13.142773
v 4.589515 5.354407 13.206365
v 4.590202 5.401594 13.084493
v 4.505011 5.354921 13.084493
v 4.589859 5.377969 13.190084
v 4.547504 5.355157 13.190084
v 4.549545 5.377735 13.174267
v 4.547947 5.396042 13.084493
v 4.590111 5.395290 13.145348
v 4.549680 5.389929 13.142769
v 4.516347 5.354986 13.145348
v 4.516535 5.378551 13.084492
v 4.527566 5.377615 13.142769
v 4.585700 5.091708 -13.084492
v 4.503527 5.139396 -13.084492
v 4.586387 5.138896 -13.206364
v 4.544725 5.098753 -13.084492
v 4.585792 5.098013 -13.145350
v 4.546543 5.104886 -13.142773
v 4.514639 5.139462 -13.145348
v 4.514451 5.115899 -13.084492
v 4.525230 5.116959 -13.142773
v 4.586043 5.115335 -13.190083
v 4.545169 5.139639 -13.190084
v 4.546678 5.117081 -13.174267
v 4.590208 5.401597 -13.084494
v 4.589521 5.354412 -13.206364
v 4.505016 5.354929 -13.084492
v 4.590116 5.395295 -13.145348
v 4.547952 5.396049 -13.084494
v 4.549684 5.389934 -13.142775
v 4.547508 5.355164 -13.190083
v 4.589864 5.377974 -13.190083
v 4.549550 5.377738 -13.174265
v 4.516543 5.378559 -13.084490
v 4.516356 5.354995 -13.145346
v 4.527573 5.377622 -13.142771
v 5.752497 5.015494 13.084493
v 5.837460 5.053557 13.084492
v 5.757605 5.062408 13.206367
v 5.792938 5.017359 13.084493
v 5.753180 5.021763 13.145350
v 5.791935 5.023632 13.142773
v 5.826791 5.054742 13.145350
v 5.824126 5.031328 13.084493
v 5.813892 5.033467 13.142775
v 5.755054 5.038982 13.190083
v 5.797479 5.057993 13.190084
v 5.793288 5.035751 13.174269
v 5.786045 5.323595 13.084493
v 5.780936 5.276681 13.206366
v 5.862002 5.267694 13.084492
v 5.785362 5.317328 13.145350
v 5.825956 5.312832 13.084493
v 5.823558 5.306936 13.142773
v 5.821416 5.272200 13.190084
v 5.783487 5.300106 13.190084
v 5.822205 5.294816 13.174269
v 5.853838 5.292311 13.084493
v 5.851173 5.268898 13.145350
v 5.843188 5.292489 13.142775
v 5.752503 5.015500 -13.084492
v 5.757611 5.062415 -13.206364
v 5.837466 5.053563 -13.084492
v 5.753186 5.021767 -13.145348
v 5.792945 5.017366 -13.084492
v 5.791942 5.023639 -13.142773
v 5.797486 5.058000 -13.190084
v 5.755061 5.038988 -13.190083
v 5.793295 5.035759 -13.174269
v 5.824131 5.031333 -13.084492
v 5.826796 5.054746 -13.145350
v 5.813897 5.033475 -13.142773
v 5.786051 5.323601 -13.084492
v 5.862009 5.267698 -13.084492
v 5.780942 5.276687 -13.206364
v 5.825963 5.312840 -13.084492
v 5.785368 5.317333 -13.145346
v 5.823565 5.306944 -13.142773
v 5.851177 5.268902 -13.145346
v 5.853843 5.292316 -13.084492
v 5.843193 5.292497 -13.142773
v 5.783493 5.300113 -13.190083
v 5.821423 5.272206 -13.190083
v 5.822213 5.294825 -13.174267
vn -0.0000 -0.0000 -1.0000
vn 0.0041 0.0026 -1.0000
vn -0.0014 0.0042 -1.0000
vn -0.0041 -0.0026 1.0000
vn -0.0009 0.0009 -1.0000
vn -0.0000 -0.0000 1.0000
vn -0.0000 -0.0006 -1.0000
vn -0.0009 -0.0009 -1.0000
vn 0.0014 -0.0042 1.0000
vn 0.0009 -0.0009 1.0000
vn -0.0000 0.0006 1.0000
vn 0.0009 0.0009 1.0000
vn 0.9944 0.1054 -0.0000
vn 0.6283 0.7779 -0.0000
vn -0.0174 0.9998 -0.0000
vn -0.9819 -0.1897 -0.0000
vn -0.9041 -0.4274 -0.0000
vn 0.9441 -0.3297 -0.0000
vn -0.2318 -0.9728 -0.0000
vn -0.7249 -0.6889 -0.0000
vn -0.9418 -0.3361 -0.0000
vn -0.7238 0.6900 -0.0000
vn 0.8636 -0.5042 -0.0000
vn -0.9981 0.0622 -0.0000
vn -0.9672 0.2539 -0.0000
vn -0.9900 -0.1414 -0.0000
vn -0.4932 0.8699 -0.0000
vn -0.8873 0.4612 -0.0000
vn -0.8428 -0.5382 -0.0000
vn -0.9998 0.0206 -0.0000
vn -0.0353 0.9994 -0.0000
vn 0.9123 -0.4095 -0.0000
vn 0.8667 0.4988 -0.0000
vn -0.7858 -0.6185 -0.0000
vn 0.8448 -0.5350 -0.0000
vn -0.8121 -0.5835 -0.0000
vn 0.6028 -0.7979 -0.0000
vn 0.5952 0.8036 -0.0000
vn -0.6814 -0.7319 -0.0000
vn -0.9973 0.0729 -0.0000
vn 0.2385 -0.9711 -0.0000
vn 1.0000 0.0074 -0.0000
vn -0.6860 -0.7276 -0.0000
vn 0.2574 -0.9663 -0.0000
vn 0.1423 -0.9898 -0.0000
vn -0.3473 0.9378 -0.0000
vn -0.6961 -0.7179 -0.0000
vn -0.7518 -0.6594 -0.0000
vn -0.9303 -0.3667 -0.0000
vn 0.3016 0.9534 -0.0000
vn 0.0884 -0.9961 -0.0000
vn -0.0511 0.9987 -0.0000
vn -0.2389 -0.9710 -0.0000
vn -0.8817 0.4718 -0.0000
vn 0.7084 0.7059 -0.0000
vn -0.2069 0.9784 -0.0000
vn 0.2780 -0.9606 -0.0000
vn 0.9043 0.4268 -0.0000
vn -0.8374 0.5466 -0.0000
vn 0.5500 -0.8351 -0.0000
vn 0.9916 -0.1292 -0.0000
vn 0.0885 0.9961 -0.0000
vn 0.8864 -0.4629 -0.0000
vn 0.8524 0.5228 -0.0000
vn 0.0577 -0.9983 -0.0000
vn 0.9878 0.1559 -0.0000
vn 0.9528 0.3035 -0.0000
vn -0.0011 1.0000 -0.0000
vn 0.9998 -0.0180 -0.0000
vn -0.9175 0.3978 -0.0000
vn 0.2599 0.9656 -0.0000
vn -0.0126 0.9999 -0.0000
vn -0.0186 0.9998 -0.0000
vn -0.4955 -0.8686 -0.0000
vn 0.1700 -0.9854 -0.0000
vn -0.0143 0.9999 -0.0000
vn -0.0899 -0.9960 -0.0000
vn 0.9900 -0.1408 -0.0000
vn -0.8876 0.4606 -0.0000
vn -0.0245 0.9997 -0.0000
vn -0.8802 0.4747 -0.0000
vn -0.9999 0.0121 -0.0000
vn -0.0074 1.0000 -0.0000
vn -0.9567 -0.2912 -0.0000
vn 0.6089 -0.7933 -0.0000
vn 0.8060 0.5919 -0.0000
vn -0.8866 0.4625 -0.0000
vn -0.9997 -0.0256 -0.0000
vn -0.5048 -0.8632 -0.0000
vn 0.8131 0.5821 -0.0000
vn -0.3871 -0.9221 -0.0000
vn 0.7563 -0.6542 -0.0000
vn 0.9584 -0.2855 -0.0000
vn 0.9347 0.3555 -0.0000
vn 0.5942 -0.8043 -0.0000
vn 0.8677 0.4971 -0.0000
vn -0.7748 -0.6322 -0.0000
vn 0.6983 -0.7158 -0.0000
vn 0.0041 0.0026 1.0000
vn -0.0014 0.0042 1.0000
vn -0.0041 -0.0026 -1.0000
vn -0.0009 0.0009 1.0000
vn -0.0000 -0.0006 1.0000
vn -0.0009 -0.0009 1.0000
vn 0.0014 -0.0042 -1.0000
vn 0.0009 -0.0009 -1.0000
vn -0.0000 0.0006 -1.0000
vn 0.0009 0.0009 -1.0000
vn -1.0000 -0.0000 -0.0000
vn 1.0000 -0.0000 -0.0000
vn -0.0000 -1.0000 -0.0000
vn -0.0000 1.0000 -0.0000
vn -0.1885 -0.2799 0.9413
vn 0.3468 -0.0784 0.9347
vn 0.1886 0.2799 0.9413
vn -0.3468 0.0784 0.9346
vn 0.2260 -0.9709 -0.0792
vn 0.5811 -0.8102 -0.0769
vn 0.5811 -0.8102 0.0769
vn 0.2260 -0.9709 0.0792
vn 0.9640 0.2608 -0.0514
vn 0.9049 0.4223 -0.0522
vn 0.9049 0.4223 0.0522
vn 0.9640 0.2608 0.0514
vn -0.5809 0.8103 0.0768
vn -0.2265 0.9708 0.0790
vn -0.2265 0.9708 -0.0790
vn -0.5809 0.8103 -0.0768
vn -0.3468 0.0784 -0.9346
vn 0.1886 0.2799 -0.9413
vn 0.3468 -0.0784 -0.9347
vn -0.1886 -0.2799 -0.9413
vn -0.9640 -0.2608 0.0514
vn -0.9404 -0.2480 0.2327
vn -0.9771 0.0101 0.2123
vn -0.9987 0.0092 0.0509
vn -0.7707 -0.1307 0.6236
vn -0.8331 0.2107 0.5114
vn -0.4839 0.4794 0.7321
vn -0.5586 0.7609 0.3301
vn -0.8570 0.4450 0.2598
vn -0.8831 0.4649 0.0635
vn 0.6605 0.4020 0.6342
vn 0.4486 0.7157 0.5353
vn -0.0235 0.6650 0.7465
vn 0.8774 0.4176 0.2360
vn 0.7223 0.6548 0.2226
vn 0.7409 0.6695 0.0537
vn 0.2877 0.9553 0.0684
vn 0.2843 0.9181 0.2761
vn -0.2006 0.9193 0.3386
vn -0.9640 -0.2608 -0.0514
vn -0.9987 0.0092 -0.0509
vn -0.9771 0.0101 -0.2123
vn -0.9404 -0.2480 -0.2327
vn -0.8831 0.4649 -0.0634
vn -0.8570 0.4450 -0.2598
vn -0.5586 0.7609 -0.3301
vn -0.4839 0.4794 -0.7321
vn -0.8331 0.2107 -0.5114
vn -0.7708 -0.1307 -0.6236
vn 0.8774 0.4176 -0.2360
vn 0.7223 0.6548 -0.2226
vn 0.7409 0.6695 -0.0537
vn 0.6605 0.4020 -0.6342
vn 0.4486 0.7157 -0.5353
vn -0.0235 0.6650 -0.7465
vn -0.2007 0.9193 -0.3385
vn 0.2843 0.9181 -0.2761
vn 0.2877 0.9553 -0.0684
vn -0.9050 -0.4223 0.0522
vn -0.7409 -0.6695 0.0537
vn -0.7221 -0.6550 0.2225
vn -0.8775 -0.4175 0.2360
vn -0.2880 -0.9552 0.0684
vn -0.2839 -0.9183 0.2760
vn 0.2007 -0.9193 0.3387
vn 0.0236 -0.6649 0.7466
vn -0.4483 -0.7158 0.5354
vn -0.6605 -0.4018 0.6342
vn 0.9404 0.2480 0.2327
vn 0.9772 -0.0101 0.2123
vn 0.9987 -0.0092 0.0508
vn 0.7707 0.1307 0.6236
vn 0.8330 -0.2110 0.5115
vn 0.4837 -0.4794 0.7322
vn 0.5585 -0.7609 0.3302
vn 0.8570 -0.4451 0.2597
vn 0.8832 -0.4647 0.0634
vn -0.9050 -0.4223 -0.0522
vn -0.8775 -0.4175 -0.2360
vn -0.7221 -0.6550 -0.2225
vn -0.7409 -0.6695 -0.0537
vn -0.6605 -0.4019 -0.6342
vn -0.4483 -0.7158 -0.5354
vn 0.0236 -0.6649 -0.7466
vn 0.2006 -0.9193 -0.3387
vn -0.2839 -0.9183 -0.2760
vn -0.2880 -0.9552 -0.0684
vn 0.9987 -0.0092 -0.0508
vn 0.9772 -0.0101 -0.2123
vn 0.9404 0.2480 -0.2326
vn 0.8832 -0.4647 -0.0634
vn 0.8570 -0.4451 -0.2597
vn 0.5585 -0.7609 -0.3302
vn 0.4837 -0.4794 -0.7322
vn 0.8330 -0.2110 -0.5115
vn 0.7707 0.1307 -0.6236
vn -0.2538 -0.2373 0.9377
vn 0.3137 -0.1474 0.9380
vn 0.2101 0.2628 0.9417
vn -0.3396 0.1012 0.9351
vn -0.0985 -0.9921 -0.0778
vn 0.2900 -0.9538 -0.0787
vn 0.2900 -0.9538 0.0786
vn -0.0985 -0.9921 0.0777
vn 0.9963 0.0691 -0.0518
vn 0.9324 0.3576 -0.0522
vn 0.9324 0.3576 0.0522
vn 0.9963 0.0691 0.0518
vn -0.5811 0.8102 0.0769
vn -0.2261 0.9709 0.0792
vn -0.2261 0.9709 -0.0791
vn -0.5810 0.8102 -0.0768
vn -0.3396 0.1012 -0.9351
vn 0.2101 0.2628 -0.9417
vn 0.3138 -0.1474 -0.9380
vn -0.2538 -0.2374 -0.9377
vn -0.9807 -0.1886 0.0511
vn -0.9565 -0.1773 0.2318
vn -0.9772 0.0100 0.2123
vn -0.7780 -0.0726 0.6241
vn -0.8330 0.2108 0.5115
vn -0.4838 0.4794 0.7322
vn -0.5586 0.7609 0.3302
vn -0.8832 0.4647 0.0634
vn 0.6893 0.3536 0.6324
vn 0.4485 0.7158 0.5353
vn 0.9047 0.3552 0.2355
vn 0.7222 0.6549 0.2226
vn 0.2880 0.9552 0.0684
vn -0.2005 0.9193 0.3387
vn -0.9807 -0.1886 -0.0511
vn -0.9987 0.0092 -0.0508
vn -0.9772 0.0100 -0.2123
vn -0.9565 -0.1773 -0.2318
vn -0.8832 0.4648 -0.0634
vn -0.5586 0.7609 -0.3302
vn -0.4838 0.4794 -0.7322
vn -0.8330 0.2108 -0.5115
vn -0.7780 -0.0726 -0.6241
vn 0.9047 0.3552 -0.2355
vn 0.7222 0.6549 -0.2226
vn 0.6893 0.3536 -0.6324
vn 0.4485 0.7157 -0.5353
vn -0.2005 0.9193 -0.3387
vn 0.2842 0.9181 -0.2761
vn 0.2880 0.9552 -0.0684
vn -0.9702 -0.2369 0.0515
vn -0.8867 -0.4595 0.0522
vn -0.8660 -0.4503 0.2173
vn -0.9430 -0.2374 0.2334
vn -0.5519 -0.8313 0.0653
vn -0.5379 -0.8000 0.2660
vn -0.1040 -0.9369 0.3336
vn -0.1839 -0.6485 0.7386
vn -0.6331 -0.5716 0.5219
vn -0.7323 -0.2626 0.6283
vn 0.9704 0.0605 0.2338
vn 0.9409 -0.2590 0.2184
vn 0.9632 -0.2636 0.0525
vn 0.7787 -0.0246 0.6269
vn 0.7361 -0.4260 0.5260
vn 0.3092 -0.5959 0.7411
vn 0.2860 -0.8972 0.3365
vn 0.6907 -0.6706 0.2705
vn 0.7110 -0.7000 0.0666
vn -0.9702 -0.2369 -0.0515
vn -0.9429 -0.2374 -0.2334
vn -0.8660 -0.4503 -0.2173
vn -0.8867 -0.4595 -0.0523
vn -0.7323 -0.2626 -0.6283
vn -0.6331 -0.5716 -0.5219
vn -0.1840 -0.6485 -0.7386
vn -0.1040 -0.9369 -0.3337
vn -0.5379 -0.7999 -0.2660
vn -0.5519 -0.8313 -0.0653
vn 0.9632 -0.2636 -0.0525
vn 0.9409 -0.2589 -0.2184
vn 0.9704 0.0605 -0.2338
vn 0.7110 -0.7000 -0.0666
vn 0.6907 -0.6707 -0.2705
vn 0.2860 -0.8972 -0.3365
vn 0.3091 -0.5959 -0.7411
vn 0.7361 -0.4260 -0.5260
vn 0.7787 -0.0245 -0.6269
vn -0.2847 -0.1964 0.9383
vn 0.2864 -0.1946 0.9381
vn 0.2789 0.2054 0.9381
vn -0.2920 0.1854 0.9383
vn -0.2103 -0.9745 -0.0780
vn 0.1800 -0.9805 -0.0784
vn 0.1800 -0.9805 0.0784
vn -0.2103 -0.9745 0.0780
vn 0.9950 -0.0849 -0.0520
vn 0.9910 0.1233 -0.0520
vn 0.9910 0.1233 0.0520
vn 0.9950 -0.0849 0.0520
vn -0.2494 0.9652 0.0780
vn 0.1403 0.9870 0.0785
vn 0.1403 0.9870 -0.0785
vn -0.2494 0.9653 -0.0779
vn -0.2919 0.1854 -0.9383
vn 0.2789 0.2054 -0.9381
vn 0.2865 -0.1947 -0.9381
vn -0.2847 -0.1964 -0.9383
vn -0.9974 0.0491 0.0519
vn -0.9704 0.0546 0.2351
vn -0.9266 0.3065 0.2178
vn -0.9485 0.3123 0.0524
vn -0.7672 0.1190 0.6303
vn -0.7148 0.4640 0.5232
vn -0.2819 0.6114 0.7394
vn -0.2467 0.9096 0.3343
vn -0.6564 0.7055 0.2671
vn -0.6753 0.7346 0.0657
vn 0.7577 0.1738 0.6290
vn 0.6602 0.5374 0.5247
vn 0.2134 0.6375 0.7403
vn 0.9637 0.1267 0.2350
vn 0.8877 0.4055 0.2179
vn 0.9089 0.4137 0.0524
vn 0.5927 0.8027 0.0663
vn 0.5772 0.7709 0.2694
vn 0.1448 0.9307 0.3359
vn -0.9974 0.0491 -0.0519
vn -0.9485 0.3123 -0.0524
vn -0.9266 0.3066 -0.2178
vn -0.9704 0.0547 -0.2351
vn -0.6753 0.7346 -0.0656
vn -0.6564 0.7055 -0.2672
vn -0.2467 0.9096 -0.3343
vn -0.2818 0.6114 -0.7394
vn -0.7147 0.4641 -0.5232
vn -0.7672 0.1190 -0.6303
vn 0.9637 0.1266 -0.2350
vn 0.8877 0.4055 -0.2179
vn 0.9089 0.4137 -0.0524
vn 0.7577 0.1737 -0.6290
vn 0.6603 0.5374 -0.5247
vn 0.2134 0.6375 -0.7403
vn 0.1448 0.9307 -0.3359
vn 0.5772 0.7709 -0.2694
vn 0.5927 0.8027 -0.0663
vn -0.9948 -0.0877 0.0519
vn -0.9353 -0.3500 0.0524
vn -0.9136 -0.3434 0.2178
vn -0.9676 -0.0921 0.2350
vn -0.6455 -0.7609 0.0657
vn -0.6278 -0.7310 0.2674
vn -0.2099 -0.9187 0.3345
vn -0.2571 -0.6221 0.7395
vn -0.6956 -0.4921 0.5234
vn -0.7621 -0.1484 0.6302
vn 0.9679 -0.0893 0.2350
vn 0.9033 -0.3696 0.2179
vn 0.9248 -0.3769 0.0524
vn 0.7637 -0.1445 0.6291
vn 0.6812 -0.5107 0.5245
vn 0.2388 -0.6285 0.7402
vn 0.1821 -0.9242 0.3357
vn 0.6075 -0.7474 0.2691
vn 0.6242 -0.7785 0.0662
vn -0.9948 -0.0876 -0.0519
vn -0.9676 -0.0921 -0.2350
vn -0.9136 -0.3434 -0.2179
vn -0.9353 -0.3500 -0.0524
vn -0.7621 -0.1484 -0.6302
vn -0.6956 -0.4921 -0.5234
vn -0.2571 -0.6221 -0.7395
vn -0.2099 -0.9187 -0.3345
vn -0.6278 -0.7310 -0.2674
vn -0.6455 -0.7609 -0.0657
vn 0.9247 -0.3770 -0.0524
vn 0.9032 -0.3697 -0.2179
vn 0.9679 -0.0893 -0.2350
vn 0.6242 -0.7785 -0.0662
vn 0.6075 -0.7473 -0.2691
vn 0.1821 -0.9242 -0.3357
vn 0.2388 -0.6285 -0.7402
vn 0.6812 -0.5107 -0.5245
vn 0.7637 -0.1446 -0.6291
vn -0.2970 -0.1779 0.9382
vn 0.2731 -0.2126 0.9382
vn 0.2951 0.1798 0.9384
vn -0.2752 0.2107 0.9380
vn -0.2524 -0.9644 -0.0784
vn 0.1373 -0.9875 -0.0780
vn 0.1373 -0.9875 0.0780
vn -0.2524 -0.9644 0.0784
vn 0.9880 -0.1455 -0.0520
vn 0.9981 0.0328 -0.0520
vn 0.9981 0.0328 0.0520
vn 0.9880 -0.1455 0.0520
vn -0.1541 0.9850 0.0781
vn 0.2359 0.9686 0.0783
vn 0.2359 0.9686 -0.0783
vn -0.1540 0.9850 -0.0781
vn -0.2752 0.2108 -0.9380
vn 0.2951 0.1798 -0.9384
vn 0.2731 -0.2126 -0.9382
vn -0.2970 -0.1779 -0.9382
vn -0.9889 0.1395 0.0519
vn -0.9615 0.1425 0.2349
vn -0.8911 0.3982 0.2177
vn -0.9124 0.4058 0.0524
vn -0.7540 0.1874 0.6296
vn -0.6650 0.5332 0.5229
vn -0.2202 0.6364 0.7392
vn -0.1568 0.9292 0.3346
vn -0.5847 0.7658 0.2675
vn -0.6010 0.7966 0.0658
vn 0.7696 0.1051 0.6298
vn 0.7105 0.4686 0.5250
vn 0.2752 0.6131 0.7405
vn 0.9712 0.0387 0.2351
vn 0.9240 0.3142 0.2181
vn 0.9458 0.3205 0.0524
vn 0.6676 0.7415 0.0661
vn 0.6495 0.7112 0.2690
vn 0.2348 0.9123 0.3356
vn -0.9889 0.1395 -0.0519
vn -0.9124 0.4059 -0.0524
vn -0.8911 0.3982 -0.2177
vn -0.9615 0.1425 -0.2349
vn -0.6010 0.7966 -0.0658
vn -0.5847 0.7658 -0.2675
vn -0.1568 0.9292 -0.3346
vn -0.2202 0.6365 -0.7392
vn -0.6650 0.5333 -0.5229
vn -0.7540 0.1874 -0.6296
vn 0.9712 0.0387 -0.2351
vn 0.9240 0.3142 -0.2181
vn 0.9458 0.3205 -0.0524
vn 0.7696 0.1051 -0.6298
vn 0.7105 0.4686 -0.5250
vn 0.2752 0.6131 -0.7405
vn 0.2349 0.9123 -0.3356
vn 0.6495 0.7112 -0.2690
vn 0.6676 0.7415 -0.0661
vn -0.9983 -0.0268 0.0520
vn -0.9505 -0.3063 0.0524
vn -0.9285 -0.3007 0.2180
vn -0.9714 -0.0328 0.2350
vn -0.6805 -0.7297 0.0663
vn -0.6615 -0.6999 0.2692
vn -0.2503 -0.9081 0.3357
vn -0.2848 -0.6089 0.7403
vn -0.7174 -0.4582 0.5247
vn -0.7705 -0.1001 0.6296
vn 0.9606 -0.1483 0.2351
vn 0.8852 -0.4111 0.2178
vn 0.9063 -0.4194 0.0524
vn 0.7526 -0.1922 0.6298
vn 0.6569 -0.5428 0.5233
vn 0.2101 -0.6396 0.7394
vn 0.1410 -0.9318 0.3345
vn 0.5715 -0.7758 0.2674
vn 0.5869 -0.8070 0.0657
vn -0.9983 -0.0267 -0.0520
vn -0.9714 -0.0328 -0.2350
vn -0.9285 -0.3007 -0.2180
vn -0.9505 -0.3063 -0.0524
vn -0.7705 -0.1001 -0.6296
vn -0.7174 -0.4582 -0.5247
vn -0.2848 -0.6089 -0.7403
vn -0.2503 -0.9081 -0.3357
vn -0.6615 -0.6999 -0.2692
vn -0.6805 -0.7297 -0.0663
vn 0.9063 -0.4193 -0.0524
vn 0.8852 -0.4111 -0.2178
vn 0.9606 -0.1483 -0.2351
vn 0.5869 -0.8070 -0.0657
vn 0.5715 -0.7758 -0.2674
vn 0.1411 -0.9318 -0.3345
vn 0.2101 -0.6396 -0.7395
vn 0.6569 -0.5428 -0.5233
vn 0.7526 -0.1922 -0.6298
vn 0.2504 -0.2619 0.9320
vn 0.2078 0.3009 0.9307
vn -0.2199 0.2773 0.9353
vn -0.2023 -0.2906 0.9352
vn 0.9966 -0.0498 -0.0657
vn 0.9589 0.2764 -0.0644
vn 0.9589 0.2764 0.0645
vn 0.9966 -0.0499 0.0657
vn 0.0263 0.9983 -0.0517
vn -0.1225 0.9911 -0.0519
vn -0.1225 0.9911 0.0519
vn 0.0263 0.9983 0.0517
vn -0.9800 -0.1855 0.0721
vn -0.9818 0.1756 0.0718
vn -0.9818 0.1756 -0.0718
vn -0.9800 -0.1855 -0.0721
vn -0.2024 -0.2906 -0.9352
vn -0.2199 0.2773 -0.9353
vn 0.2078 0.3009 -0.9307
vn 0.2504 -0.2619 -0.9321
vn -0.0660 -0.9965 0.0520
vn -0.0715 -0.9694 0.2348
vn -0.3788 -0.9002 0.2150
vn -0.3857 -0.9212 0.0517
vn -0.1367 -0.7653 0.6290
vn -0.5245 -0.6807 0.5114
vn -0.6501 -0.2463 0.7188
vn -0.9308 -0.1882 0.3134
vn -0.7603 -0.5976 0.2548
vn -0.7882 -0.6123 0.0624
vn -0.1825 0.7546 0.6302
vn -0.5332 0.6745 0.5106
vn -0.6537 0.2383 0.7182
vn -0.1267 0.9637 0.2349
vn -0.3870 0.8966 0.2152
vn -0.3940 0.9177 0.0518
vn -0.7950 0.6034 0.0620
vn -0.7675 0.5888 0.2535
vn -0.9331 0.1781 0.3123
vn -0.0660 -0.9965 -0.0520
vn -0.3857 -0.9212 -0.0517
vn -0.3788 -0.9002 -0.2150
vn -0.0715 -0.9694 -0.2348
vn -0.7882 -0.6122 -0.0624
vn -0.7603 -0.5975 -0.2548
vn -0.9308 -0.1882 -0.3134
vn -0.6501 -0.2463 -0.7188
vn -0.5245 -0.6807 -0.5114
vn -0.1367 -0.7653 -0.6290
vn -0.1267 0.9637 -0.2349
vn -0.3870 0.8966 -0.2152
vn -0.3940 0.9177 -0.0518
vn -0.1825 0.7547 -0.6302
vn -0.5332 0.6746 -0.5106
vn -0.6537 0.2384 -0.7182
vn -0.9331 0.1781 -0.3124
vn -0.7674 0.5888 -0.2536
vn -0.7950 0.6034 -0.0620
vn 0.1820 -0.9819 0.0520
vn 0.5121 -0.8574 0.0511
vn 0.5030 -0.8377 0.2125
vn 0.1850 -0.9542 0.2350
vn 0.8725 -0.4850 0.0588
vn 0.8457 -0.4760 0.2413
vn 0.9552 -0.0600 0.2897
vn 0.7016 -0.1580 0.6948
vn 0.6250 -0.6006 0.4988
vn 0.2331 -0.7411 0.6296
vn 0.0336 0.9716 0.2344
vn 0.3226 0.9229 0.2103
vn 0.3274 0.9435 0.0505
vn 0.1175 0.7684 0.6290
vn 0.4894 0.7207 0.4909
vn 0.6539 0.3103 0.6900
vn 0.9183 0.2747 0.2851
vn 0.7286 0.6438 0.2340
vn 0.7508 0.6581 0.0568
vn 0.1820 -0.9819 -0.0520
vn 0.1850 -0.9542 -0.2350
vn 0.5030 -0.8378 -0.2126
vn 0.5121 -0.8574 -0.0512
vn 0.2331 -0.7411 -0.6296
vn 0.6249 -0.6006 -0.4988
vn 0.7016 -0.1581 -0.6949
vn 0.9552 -0.0600 -0.2897
vn 0.8457 -0.4760 -0.2413
vn 0.8725 -0.4850 -0.0589
vn 0.3274 0.9435 -0.0505
vn 0.3226 0.9229 -0.2103
vn 0.0337 0.9715 -0.2344
vn 0.7508 0.6581 -0.0568
vn 0.7285 0.6438 -0.2340
vn 0.9183 0.2748 -0.2851
vn 0.6539 0.3103 -0.6900
vn 0.4894 0.7207 -0.4909
vn 0.1175 0.7684 -0.6290
vn 0.2429 -0.2363 0.9408
vn 0.1081 0.3218 0.9406
vn -0.2868 0.2264 0.9309
vn -0.1642 -0.3242 0.9316
vn 0.9961 0.0223 -0.0849
vn 0.8975 0.4326 -0.0854
vn 0.8975 0.4326 0.0853
vn 0.9961 0.0222 0.0849
vn -0.1558 0.9864 -0.0520
vn -0.3147 0.9478 -0.0518
vn -0.3148 0.9478 0.0518
vn -0.1558 0.9864 0.0520
vn -0.9362 -0.3453 0.0654
vn -0.9976 -0.0239 0.0642
vn -0.9976 -0.0239 -0.0643
vn -0.9362 -0.3453 -0.0655
vn -0.1642 -0.3242 -0.9316
vn -0.2868 0.2264 -0.9309
vn 0.1081 0.3217 -0.9406
vn 0.2429 -0.2363 -0.9408
vn 0.1100 -0.9926 0.0520
vn 0.0991 -0.9669 0.2349
vn -0.2341 -0.9488 0.2121
vn -0.2370 -0.9702 0.0510
vn -0.0086 -0.7771 0.6293
vn -0.4199 -0.7591 0.4974
vn -0.6239 -0.3605 0.6934
vn -0.8940 -0.3427 0.2885
vn -0.6669 -0.7054 0.2402
vn -0.6896 -0.7218 0.0586
vn -0.3359 0.7006 0.6295
vn -0.6820 0.5420 0.4910
vn -0.7173 0.1004 0.6895
vn -0.3141 0.9199 0.2347
vn -0.5821 0.7854 0.2105
vn -0.5928 0.8038 0.0506
vn -0.9133 0.4033 0.0568
vn -0.8879 0.3963 0.2338
vn -0.9586 -0.0132 0.2843
vn 0.1100 -0.9926 -0.0519
vn -0.2370 -0.9702 -0.0510
vn -0.2341 -0.9488 -0.2121
vn 0.0991 -0.9670 -0.2349
vn -0.6896 -0.7218 -0.0586
vn -0.6668 -0.7054 -0.2403
vn -0.8940 -0.3427 -0.2885
vn -0.6239 -0.3605 -0.6934
vn -0.4200 -0.7591 -0.4974
vn -0.0086 -0.7771 -0.6293
vn -0.3141 0.9199 -0.2347
vn -0.5821 0.7854 -0.2105
vn -0.5928 0.8038 -0.0506
vn -0.3359 0.7006 -0.6295
vn -0.6820 0.5420 -0.4910
vn -0.7173 0.1004 -0.6895
vn -0.9586 -0.0132 -0.2843
vn -0.8879 0.3963 -0.2338
vn -0.9133 0.4033 -0.0568
vn 0.3090 -0.9496 0.0520
vn 0.5487 -0.8343 0.0530
vn 0.5368 -0.8144 0.2204
vn 0.3067 -0.9223 0.2351
vn 0.8811 -0.4678 0.0697
vn 0.8442 -0.4560 0.2819
vn 0.9337 0.0092 0.3580
vn 0.6412 -0.1059 0.7600
vn 0.6249 -0.5680 0.5356
vn 0.3096 -0.7124 0.6297
vn -0.1455 0.9610 0.2350
vn 0.1063 0.9696 0.2205
vn 0.1078 0.9928 0.0530
vn -0.0490 0.7757 0.6291
vn 0.2954 0.7904 0.5367
vn 0.5215 0.3865 0.7607
vn 0.8351 0.4166 0.3593
vn 0.5411 0.7916 0.2838
vn 0.5695 0.8190 0.0703
vn 0.3090 -0.9496 -0.0520
vn 0.3067 -0.9223 -0.2351
vn 0.5368 -0.8144 -0.2204
vn 0.5487 -0.8343 -0.0530
vn 0.3096 -0.7124 -0.6297
vn 0.6249 -0.5680 -0.5356
vn 0.6412 -0.1059 -0.7600
vn 0.9337 0.0092 -0.3580
vn 0.8441 -0.4561 -0.2819
vn 0.8811 -0.4678 -0.0697
vn 0.1079 0.9928 -0.0530
vn 0.1063 0.9696 -0.2205
vn -0.1455 0.9611 -0.2350
vn 0.5695 0.8190 -0.0703
vn 0.5411 0.7916 -0.2838
vn 0.8351 0.4166 -0.3593
vn 0.5215 0.3865 -0.7607
vn 0.2954 0.7904 -0.5367
vn -0.0490 0.7757 -0.6292
vn 0.1959 -0.2709 0.9425
vn 0.1456 0.3028 0.9419
vn -0.2135 0.2599 0.9418
vn -0.1275 -0.3094 0.9423
vn 0.9808 -0.1736 -0.0893
vn 0.9590 0.2688 -0.0902
vn 0.9590 0.2688 0.0902
vn 0.9808 -0.1736 0.0893
vn -0.0100 0.9986 -0.0521
vn -0.2254 0.9729 -0.0521
vn -0.2254 0.9729 0.0521
vn -0.0100 0.9986 0.0521
vn -0.9130 -0.3981 0.0889
vn -0.9953 0.0351 0.0897
vn -0.9953 0.0351 -0.0897
vn -0.9130 -0.3981 -0.0889
vn -0.1275 -0.3094 -0.9423
vn -0.2135 0.2598 -0.9418
vn 0.1456 0.3027 -0.9419
vn 0.1959 -0.2709 -0.9425
vn 0.0773 -0.9957 0.0520
vn 0.0692 -0.9695 0.2351
vn -0.1416 -0.9648 0.2217
vn -0.1442 -0.9881 0.0533
vn -0.0110 -0.7762 0.6304
vn -0.3211 -0.7769 0.5416
vn -0.5256 -0.3598 0.7709
vn -0.8464 -0.3818 0.3713
vn -0.5656 -0.7722 0.2895
vn -0.5956 -0.8000 0.0718
vn -0.2415 0.7398 0.6280
vn -0.5778 0.6087 0.5437
vn -0.6186 0.1444 0.7723
vn -0.2251 0.9456 0.2349
vn -0.4806 0.8484 0.2219
vn -0.4915 0.8692 0.0533
vn -0.8440 0.5314 0.0728
vn -0.8045 0.5167 0.2929
vn -0.9265 0.0460 0.3736
vn 0.0773 -0.9957 -0.0520
vn -0.1442 -0.9881 -0.0533
vn -0.1417 -0.9648 -0.2217
vn 0.0692 -0.9695 -0.2351
vn -0.5956 -0.8001 -0.0718
vn -0.5656 -0.7722 -0.2895
vn -0.8464 -0.3818 -0.3713
vn -0.5256 -0.3598 -0.7709
vn -0.3211 -0.7769 -0.5416
vn -0.0110 -0.7762 -0.6304
vn -0.2251 0.9456 -0.2349
vn -0.4806 0.8484 -0.2219
vn -0.4915 0.8692 -0.0533
vn -0.2415 0.7398 -0.6280
vn -0.5778 0.6087 -0.5437
vn -0.6186 0.1444 -0.7723
vn -0.9264 0.0460 -0.3736
vn -0.8045 0.5167 -0.2929
vn -0.8440 0.5314 -0.0728
vn 0.1586 -0.9860 0.0520
vn 0.3711 -0.9271 0.0533
vn 0.3631 -0.9050 0.2218
vn 0.1603 -0.9587 0.2351
vn 0.7656 -0.6393 0.0720
vn 0.7298 -0.6190 0.2903
vn 0.9117 -0.1732 0.3726
vn 0.5939 -0.2267 0.7719
vn 0.4932 -0.6803 0.5421
vn 0.1926 -0.7520 0.6304
vn -0.0039 0.9720 0.2349
vn 0.2663 0.9380 0.2221
vn 0.2720 0.9608 0.0534
vn 0.0601 0.7759 0.6280
vn 0.4169 0.7279 0.5444
vn 0.5657 0.2859 0.7734
vn 0.8889 0.2630 0.3750
vn 0.6588 0.6925 0.2939
vn 0.6940 0.7163 0.0731
vn 0.1586 -0.9860 -0.0520
vn 0.1603 -0.9587 -0.2351
vn 0.3631 -0.9050 -0.2218
vn 0.3711 -0.9271 -0.0533
vn 0.1926 -0.7520 -0.6304
vn 0.4932 -0.6803 -0.5421
vn 0.5939 -0.2267 -0.7719
vn 0.9117 -0.1732 -0.3726
vn 0.7297 -0.6191 -0.2903
vn 0.7656 -0.6393 -0.0720
vn 0.2720 0.9608 -0.0534
vn 0.2663 0.9380 -0.2221
vn -0.0039 0.9720 -0.2349
vn 0.6940 0.7162 -0.0731
vn 0.6588 0.6925 -0.2939
vn 0.8889 0.2630 -0.3750
vn 0.5657 0.2859 -0.7734
vn 0.4169 0.7279 -0.5444
vn 0.0601 0.7759 -0.6280
vn 0.1538 -0.3013 0.9411
vn 0.2027 0.2711 0.9410
vn -0.1615 0.2945 0.9419
vn -0.1869 -0.2803 0.9416
vn 0.9434 -0.3203 -0.0856
vn 0.9909 0.1028 -0.0863
vn 0.9909 0.1028 0.0863
vn 0.9434 -0.3203 0.0856
vn 0.1642 0.9851 -0.0521
vn -0.0335 0.9981 -0.0520
vn -0.0335 0.9981 0.0520
vn 0.1642 0.9851 0.0521
vn -0.9733 -0.2117 0.0887
vn -0.9697 0.2274 0.0891
vn -0.9697 0.2274 -0.0891
vn -0.9733 -0.2117 -0.0887
vn -0.1869 -0.2803 -0.9416
vn -0.1616 0.2945 -0.9419
vn 0.2028 0.2711 -0.9410
vn 0.1538 -0.3012 -0.9411
vn -0.1183 -0.9916 0.0520
vn -0.1214 -0.9644 0.2351
vn -0.3299 -0.9176 0.2218
vn -0.3364 -0.9402 0.0534
vn -0.1626 -0.7598 0.6294
vn -0.4714 -0.6967 0.5407
vn -0.5893 -0.2480 0.7689
vn -0.9049 -0.2090 0.3708
vn -0.7028 -0.6495 0.2903
vn -0.7378 -0.6711 0.0720
vn -0.0956 0.7714 0.6291
vn -0.4479 0.7108 0.5424
vn -0.5802 0.2639 0.7705
vn -0.0384 0.9712 0.2351
vn -0.3071 0.9256 0.2215
vn -0.3141 0.9479 0.0532
vn -0.7293 0.6804 0.0721
vn -0.6939 0.6589 0.2906
vn -0.9009 0.2247 0.3714
vn -0.1183 -0.9916 -0.0520
vn -0.3364 -0.9402 -0.0534
vn -0.3299 -0.9176 -0.2218
vn -0.1214 -0.9644 -0.2351
vn -0.7379 -0.6711 -0.0720
vn -0.7028 -0.6495 -0.2902
vn -0.9049 -0.2090 -0.3708
vn -0.5893 -0.2480 -0.7689
vn -0.4715 -0.6967 -0.5407
vn -0.1625 -0.7598 -0.6295
vn -0.0384 0.9712 -0.2351
vn -0.3071 0.9255 -0.2215
vn -0.3141 0.9479 -0.0532
vn -0.0956 0.7715 -0.6291
vn -0.4479 0.7108 -0.5424
vn -0.5803 0.2639 -0.7705
vn -0.9009 0.2247 -0.3714
vn -0.6939 0.6589 -0.2906
vn -0.7292 0.6805 -0.0721
vn -0.0086 -0.9986 0.0520
vn 0.2318 -0.9713 0.0530
vn 0.2273 -0.9485 0.2204
vn -0.0022 -0.9720 0.2350
vn 0.6671 -0.7416 0.0700
vn 0.6362 -0.7177 0.2830
vn 0.8795 -0.3108 0.3604
vn 0.5642 -0.3181 0.7619
vn 0.3927 -0.7471 0.5363
vn 0.0667 -0.7738 0.6299
vn 0.1659 0.9577 0.2350
vn 0.4248 0.8779 0.2210
vn 0.4340 0.8993 0.0531
vn 0.1980 0.7519 0.6288
vn 0.5421 0.6449 0.5386
vn 0.6183 0.1870 0.7634
vn 0.9256 0.1090 0.3624
vn 0.7745 0.5642 0.2860
vn 0.8111 0.5807 0.0709
vn -0.0086 -0.9986 -0.0520
vn -0.0022 -0.9720 -0.2351
vn 0.2274 -0.9485 -0.2205
vn 0.2318 -0.9713 -0.0530
vn 0.0667 -0.7737 -0.6300
vn 0.3927 -0.7471 -0.5363
vn 0.5642 -0.3181 -0.7619
vn 0.8795 -0.3109 -0.3604
vn 0.6362 -0.7177 -0.2830
vn 0.6671 -0.7416 -0.0700
vn 0.4340 0.8993 -0.0531
vn 0.4247 0.8779 -0.2210
vn 0.1659 0.9577 -0.2350
vn 0.8111 0.5806 -0.0709
vn 0.7745 0.5642 -0.2860
vn 0.9256 0.1090 -0.3623
vn 0.6183 0.1870 -0.7633
vn 0.5422 0.6449 -0.5386
vn 0.1980 0.7519 -0.6288
vt 0.212713 0.302101
vt 0.195899 0.295675
vt 0.198839 0.276232
vt 0.214976 0.281005
vt 0.180667 0.284025
vt 0.183495 0.269608
vt 0.165522 0.225450
vt 0.182370 0.226719
vt 0.183722 0.241265
vt 0.166467 0.239322
vt 0.073991 0.040127
vt 0.071090 0.035006
vt 0.077820 0.029195
vt 0.079443 0.035210
vt 0.170888 0.272200
vt 0.170541 0.263931
vt 0.194038 0.196542
vt 0.194617 0.214220
vt 0.181945 0.211730
vt 0.183032 0.194173
vt 0.163246 0.124594
vt 0.177024 0.115140
vt 0.176675 0.136068
vt 0.167695 0.144582
vt 0.171861 0.172382
vt 0.175001 0.154311
vt 0.190712 0.157263
vt 0.186344 0.175926
vt 0.168589 0.190695
vt 0.158291 0.198089
vt 0.161764 0.179633
vt 0.230794 0.283615
vt 0.229728 0.300100
vt 0.203080 0.118482
vt 0.196486 0.138165
vt 0.165385 0.161470
vt 0.183851 0.094069
vt 0.189287 0.075455
vt 0.217040 0.077413
vt 0.210752 0.097660
vt 0.137995 0.089009
vt 0.151632 0.090407
vt 0.148630 0.106748
vt 0.137905 0.102739
vt 0.164325 0.092213
vt 0.167701 0.103349
vt 0.069968 0.059332
vt 0.062076 0.059193
vt 0.063175 0.048705
vt 0.068107 0.053661
vt 0.156635 0.231869
vt 0.156376 0.217532
vt 0.166111 0.209072
vt 0.210183 0.140725
vt 0.201610 0.160274
vt 0.221052 0.122825
vt 0.169250 0.074692
vt 0.100851 0.023945
vt 0.087804 0.030387
vt 0.086842 0.023106
vt 0.097025 0.016219
vt 0.153671 0.074272
vt 0.175750 0.049854
vt 0.193863 0.050831
vt 0.192560 0.061047
vt 0.172851 0.059991
vt 0.119415 0.089127
vt 0.118732 0.076998
vt 0.137446 0.075341
vt 0.247932 0.079243
vt 0.236127 0.103084
vt 0.196560 0.178883
vt 0.154397 0.111062
vt 0.115028 0.015968
vt 0.105198 0.007273
vt 0.123510 0.009531
vt 0.100620 0.090346
vt 0.099904 0.078083
vt 0.218426 0.050817
vt 0.193550 0.041243
vt 0.216618 0.040873
vt 0.218947 0.061691
vt 0.218054 0.069057
vt 0.190996 0.067929
vt 0.099760 0.105443
vt 0.085016 0.107469
vt 0.085584 0.091259
vt 0.085117 0.077863
vt 0.444192 0.006426
vt 0.447133 0.025869
vt 0.431788 0.032492
vt 0.428960 0.018075
vt 0.023802 0.084676
vt 0.024799 0.067120
vt 0.044970 0.070203
vt 0.044232 0.087357
vt 0.049181 0.045538
vt 0.031957 0.040456
vt 0.036424 0.031111
vt 0.052901 0.036785
vt 0.001380 0.083444
vt 0.023026 0.102122
vt 0.009395 0.094295
vt 0.171224 0.066634
vt 0.192050 0.032248
vt 0.214279 0.031902
vt 0.118185 0.066718
vt 0.137056 0.062281
vt 0.137229 0.068063
vt 0.118387 0.070512
vt 0.235914 0.029154
vt 0.241489 0.039132
vt 0.212638 0.025081
vt 0.232952 0.023700
vt 0.212703 0.020036
vt 0.190595 0.024456
vt 0.189464 0.017721
vt 0.150218 0.021111
vt 0.169909 0.023039
vt 0.172874 0.031591
vt 0.156489 0.028913
vt 0.168129 0.015340
vt 0.163028 0.048252
vt 0.164082 0.041007
vt 0.175912 0.040773
vt 0.245931 0.049683
vt 0.248293 0.059351
vt 0.154161 0.066441
vt 0.046862 0.056272
vt 0.027872 0.052141
vt 0.248113 0.069270
vt 0.073083 0.076055
vt 0.073136 0.091042
vt 0.070188 0.045627
vt 0.066490 0.041074
vt 0.045904 0.063327
vt 0.026243 0.060079
vt 0.159060 0.245859
vt 0.007077 0.045192
vt 0.003138 0.055042
vt 0.168512 0.252764
vt 0.162865 0.257427
vt 0.158608 0.116089
vt 0.060390 0.089740
vt 0.060572 0.073328
vt 0.168972 0.269377
vt 0.167009 0.266125
vt 0.014059 0.033356
vt 0.096815 0.068530
vt 0.098333 0.073225
vt 0.045942 0.107098
vt 0.019982 0.024745
vt 0.061353 0.065986
vt 0.074374 0.063897
vt 0.083340 0.067548
vt 0.084097 0.071944
vt 0.073693 0.070309
vt 0.062799 0.108212
vt 0.063406 0.022643
vt 0.069533 0.016231
vt 0.025624 0.016553
vt 0.041679 0.023158
vt 0.057705 0.029398
vt 0.051580 0.010333
vt 0.046998 0.016082
vt 0.074772 0.010042
vt 0.054769 0.005831
vt 0.031152 0.008728
vt 0.034671 0.003635
vt 0.056311 0.002078
vt 0.076614 0.004222
vt 0.036452 0.001132
vt 0.037409 0.000000
vt 0.148133 0.013002
vt 0.073578 0.108007
vt 0.120577 0.102128
vt 0.184117 0.255860
vt 0.216940 0.263432
vt 0.232754 0.267792
vt 0.248293 0.270955
vt 0.246574 0.285668
vt 0.413816 0.076651
vt 0.414760 0.062779
vt 0.432015 0.060835
vt 0.430663 0.075382
vt 0.197052 0.227260
vt 0.203339 0.241101
vt 0.200684 0.259508
vt 0.231395 0.021693
vt 0.154883 0.054913
vt -0.000000 0.062888
vt 0.218580 0.244388
vt 0.234696 0.251782
vt 0.239348 0.294453
vt 0.243963 0.260612
vt 0.322284 0.261973
vt 0.327737 0.266891
vt 0.326114 0.272906
vt 0.319384 0.267095
vt 0.461006 0.000000
vt 0.463270 0.021096
vt 0.419181 0.029900
vt 0.418834 0.038169
vt 0.442332 0.105559
vt 0.431325 0.107928
vt 0.430238 0.090371
vt 0.442911 0.087881
vt 0.411540 0.177507
vt 0.415988 0.157518
vt 0.424968 0.166032
vt 0.425317 0.186961
vt 0.420154 0.129719
vt 0.434638 0.126175
vt 0.439005 0.144838
vt 0.423294 0.147790
vt 0.416883 0.111406
vt 0.410058 0.122467
vt 0.406585 0.104012
vt 0.478022 0.002000
vt 0.479088 0.018486
vt 0.444780 0.163936
vt 0.451373 0.183619
vt 0.413679 0.140631
vt 0.432145 0.208032
vt 0.459045 0.204441
vt 0.465333 0.224688
vt 0.437580 0.226646
vt 0.386288 0.213092
vt 0.386198 0.199361
vt 0.396924 0.195352
vt 0.399925 0.211694
vt 0.412618 0.209888
vt 0.415994 0.198751
vt 0.318262 0.242769
vt 0.316401 0.248439
vt 0.311468 0.253395
vt 0.310369 0.242908
vt 0.414404 0.093029
vt 0.404669 0.084569
vt 0.404928 0.070232
vt 0.458477 0.161376
vt 0.449904 0.141827
vt 0.469345 0.179276
vt 0.417544 0.227409
vt 0.349145 0.278156
vt 0.345318 0.285882
vt 0.335135 0.278994
vt 0.336097 0.271714
vt 0.401964 0.227829
vt 0.424044 0.252247
vt 0.421145 0.242110
vt 0.440853 0.241054
vt 0.442156 0.251269
vt 0.367708 0.212973
vt 0.385739 0.226760
vt 0.367026 0.225103
vt 0.496225 0.222857
vt 0.484420 0.199016
vt 0.444853 0.123218
vt 0.402690 0.191039
vt 0.363322 0.286133
vt 0.371804 0.292570
vt 0.353492 0.294827
vt 0.348913 0.211755
vt 0.348197 0.224018
vt 0.466719 0.251284
vt 0.464911 0.261228
vt 0.441844 0.260858
vt 0.439290 0.234171
vt 0.466347 0.233043
vt 0.467241 0.240410
vt 0.348053 0.196658
vt 0.333878 0.210842
vt 0.333310 0.194632
vt 0.333411 0.224238
vt 0.272095 0.217425
vt 0.292525 0.214744
vt 0.293263 0.231898
vt 0.273092 0.234981
vt 0.297475 0.256563
vt 0.301194 0.265315
vt 0.284718 0.270990
vt 0.280251 0.261645
vt 0.249673 0.218657
vt 0.257688 0.207805
vt 0.271319 0.199979
vt 0.419518 0.235467
vt 0.440343 0.269853
vt 0.462572 0.270198
vt 0.366478 0.235383
vt 0.366680 0.231588
vt 0.385522 0.234037
vt 0.385350 0.239820
vt 0.489783 0.262969
vt 0.484207 0.272947
vt 0.460931 0.277019
vt 0.481245 0.278401
vt 0.460996 0.282065
vt 0.437758 0.284380
vt 0.438889 0.277644
vt 0.398512 0.280989
vt 0.404782 0.273188
vt 0.421167 0.270510
vt 0.418203 0.279062
vt 0.416423 0.286761
vt 0.424206 0.261328
vt 0.412376 0.261094
vt 0.411322 0.253849
vt 0.494224 0.252417
vt 0.496587 0.242750
vt 0.402455 0.235660
vt 0.276166 0.249960
vt 0.295155 0.245828
vt 0.496407 0.232830
vt 0.321376 0.226046
vt 0.321430 0.211059
vt 0.318481 0.256474
vt 0.314784 0.261027
vt 0.274537 0.242022
vt 0.294197 0.238774
vt 0.407354 0.056241
vt 0.255371 0.256908
vt 0.251432 0.247059
vt 0.411159 0.044674
vt 0.416805 0.049337
vt 0.406902 0.186011
vt 0.308683 0.212360
vt 0.308865 0.228772
vt 0.417265 0.032724
vt 0.415302 0.035976
vt 0.262353 0.268745
vt 0.345108 0.233571
vt 0.346626 0.228875
vt 0.294235 0.195003
vt 0.268276 0.277356
vt 0.309647 0.236115
vt 0.322668 0.238203
vt 0.321986 0.231792
vt 0.332391 0.230157
vt 0.331633 0.234552
vt 0.311092 0.193888
vt 0.311699 0.279458
vt 0.317827 0.285870
vt 0.273918 0.285548
vt 0.289972 0.278943
vt 0.305998 0.272702
vt 0.299873 0.291768
vt 0.295292 0.286019
vt 0.323065 0.292059
vt 0.303063 0.296270
vt 0.279446 0.293372
vt 0.282965 0.298466
vt 0.324908 0.297879
vt 0.304605 0.300023
vt 0.285703 0.302101
vt 0.284745 0.300969
vt 0.396426 0.289099
vt 0.321872 0.194094
vt 0.368871 0.199973
vt 0.432410 0.046241
vt 0.465234 0.038669
vt 0.481047 0.034309
vt 0.494867 0.016433
vt 0.496587 0.031146
vt 0.445345 0.074841
vt 0.448977 0.042593
vt 0.451632 0.061000
vt 0.479688 0.280407
vt 0.403176 0.247188
vt 0.248294 0.239212
vt 0.482990 0.050319
vt 0.466873 0.057713
vt 0.487641 0.007648
vt 0.492256 0.041489
vt 0.604061 0.718900
vt 0.604061 0.728821
vt 0.562663 0.728819
vt 0.562663 0.718898
vt 0.223291 0.692746
vt 0.227750 0.692746
vt 0.227750 0.734145
vt 0.223291 0.734145
vt 0.289792 0.672040
vt 0.289792 0.643435
vt 0.331191 0.643435
vt 0.331191 0.672040
vt 0.124197 0.635533
vt 0.124197 0.614989
vt 0.165595 0.614987
vt 0.165595 0.635531
vt 0.730069 0.584035
vt 0.730075 0.572499
vt 0.771474 0.572521
vt 0.771468 0.584057
vt 0.604061 0.684809
vt 0.604061 0.708925
vt 0.562663 0.708923
vt 0.562663 0.684807
vt 0.082798 0.732755
vt 0.082798 0.743502
vt 0.041399 0.743501
vt 0.041399 0.732755
vt 0.124197 0.604203
vt 0.165595 0.604201
vt 0.730001 0.705331
vt 0.730012 0.685379
vt 0.771411 0.685401
vt 0.771399 0.705352
vt 0.206994 0.692745
vt 0.206994 0.684646
vt 0.248393 0.684646
vt 0.248393 0.692744
vt 0.604061 0.664714
vt 0.562663 0.664712
vt 0.730032 0.650281
vt 0.730042 0.631798
vt 0.771441 0.631820
vt 0.771430 0.650303
vt 0.124197 0.653286
vt 0.124197 0.643405
vt 0.165595 0.643403
vt 0.165595 0.653284
vt 0.730053 0.612340
vt 0.730061 0.598006
vt 0.771460 0.598027
vt 0.771452 0.612361
vt 0.206994 0.666871
vt 0.248393 0.666871
vt 0.124197 0.682075
vt 0.124197 0.673838
vt 0.165595 0.673836
vt 0.165595 0.682073
vt 0.730080 0.563836
vt 0.771479 0.563857
vt 0.276267 0.690368
vt 0.283521 0.690369
vt 0.283521 0.731768
vt 0.276267 0.731767
vt 0.372593 0.687522
vt 0.372597 0.668819
vt 0.413996 0.668819
vt 0.413992 0.687522
vt 0.604061 0.646559
vt 0.562663 0.646558
vt 0.604061 0.738429
vt 0.604061 0.748871
vt 0.562663 0.748869
vt 0.562663 0.738427
vt 0.730082 0.560600
vt 0.771481 0.560621
vt 0.283521 0.690397
vt 0.292476 0.690367
vt 0.292476 0.731766
vt 0.283520 0.731796
vt 0.729996 0.713797
vt 0.771395 0.713819
vt 0.331191 0.731451
vt 0.331191 0.723117
vt 0.372590 0.723117
vt 0.372590 0.731452
vt 0.455491 0.645600
vt 0.464819 0.645600
vt 0.464819 0.686999
vt 0.455491 0.686999
vt 0.729993 0.718790
vt 0.771392 0.718812
vt 0.730021 0.668473
vt 0.771420 0.668495
vt 0.455395 0.636343
vt 0.455395 0.653348
vt 0.413996 0.653348
vt 0.413996 0.636343
vt 0.307226 0.690396
vt 0.307226 0.731795
vt 0.730083 0.557792
vt 0.729993 0.546047
vt 0.771392 0.546068
vt 0.771482 0.557813
vt 0.082798 0.679893
vt 0.082798 0.694625
vt 0.041399 0.694625
vt 0.041399 0.679893
vt 0.082798 0.657680
vt 0.082798 0.668458
vt 0.041399 0.668457
vt 0.041399 0.657679
vt 0.206994 0.648031
vt 0.248393 0.648031
vt 0.256485 0.690368
vt 0.264235 0.690368
vt 0.264235 0.731767
vt 0.256485 0.731766
vt 0.248393 0.690367
vt 0.248393 0.731766
vt 0.480987 0.645600
vt 0.480987 0.686999
vt 0.082798 0.715425
vt 0.041399 0.715424
vt 0.206994 0.626674
vt 0.206994 0.613193
vt 0.248393 0.613192
vt 0.248393 0.626674
vt 0.455395 0.619495
vt 0.413996 0.619495
vt 0.124197 0.689945
vt 0.165595 0.689943
vt 0.604061 0.764095
vt 0.604065 0.766064
vt 0.562666 0.766062
vt 0.562663 0.764093
vt 0.233375 0.692746
vt 0.233375 0.734144
vt 0.124197 0.698724
vt 0.124197 0.697584
vt 0.165595 0.697582
vt 0.165595 0.698722
vt 0.331191 0.710104
vt 0.372590 0.710105
vt 0.241457 0.692745
vt 0.241457 0.734144
vt 0.496251 0.645601
vt 0.496251 0.686999
vt 0.247045 0.692745
vt 0.247045 0.734144
vt 0.604061 0.546049
vt 0.604061 0.559735
vt 0.562663 0.559734
vt 0.562663 0.546047
vt 0.082798 0.640817
vt 0.041399 0.640817
vt 0.604061 0.572713
vt 0.604061 0.590373
vt 0.562663 0.590371
vt 0.562663 0.572712
vt 0.289792 0.690367
vt 0.331191 0.690367
vt 0.604061 0.608087
vt 0.562663 0.608085
vt 0.124197 0.665179
vt 0.165595 0.665177
vt 0.206994 0.604202
vt 0.248393 0.604201
vt 0.372597 0.645565
vt 0.372597 0.624214
vt 0.413996 0.624214
vt 0.413996 0.645565
vt 0.289792 0.623118
vt 0.331191 0.623117
vt 0.082798 0.749292
vt 0.041399 0.749291
vt 0.289792 0.604202
vt 0.331191 0.604201
vt 0.082798 0.617875
vt 0.041399 0.617874
vt 0.604061 0.626811
vt 0.562663 0.626810
vt 0.124197 0.695067
vt 0.165595 0.695065
vt 0.372597 0.604202
vt 0.413996 0.604201
vt 0.455395 0.662937
vt 0.413996 0.662937
vt 0.604061 0.758713
vt 0.562663 0.758711
vt 0.455491 0.604201
vt 0.414093 0.604201
vt 0.082798 0.604202
vt 0.041399 0.604201
vt 0.331191 0.736877
vt 0.372590 0.736878
vt 0.331191 0.695970
vt 0.372590 0.695970
vt 0.317462 0.690395
vt 0.317462 0.731794
vt 0.331191 0.687523
vt 0.372590 0.687523
vt 0.461006 0.302101
vt 0.463270 0.323197
vt 0.447133 0.327969
vt 0.444192 0.308527
vt 0.431788 0.334593
vt 0.428961 0.320176
vt 0.413816 0.378752
vt 0.414760 0.364879
vt 0.432015 0.362936
vt 0.430663 0.377482
vt 0.322284 0.564074
vt 0.327737 0.568991
vt 0.326114 0.575006
vt 0.319384 0.569195
vt 0.419181 0.332001
vt 0.418834 0.340270
vt 0.442332 0.407660
vt 0.431325 0.410029
vt 0.430238 0.392471
vt 0.442910 0.389981
vt 0.411540 0.479607
vt 0.415988 0.459619
vt 0.424968 0.468133
vt 0.425317 0.489061
vt 0.420154 0.431820
vt 0.434638 0.428276
vt 0.439005 0.446938
vt 0.423294 0.449890
vt 0.416883 0.413507
vt 0.410058 0.424568
vt 0.406585 0.406113
vt 0.478022 0.304101
vt 0.479088 0.320586
vt 0.444780 0.466037
vt 0.451373 0.485720
vt 0.413679 0.442731
vt 0.432145 0.510132
vt 0.459045 0.506541
vt 0.465333 0.526788
vt 0.437580 0.528746
vt 0.386288 0.515193
vt 0.386198 0.501462
vt 0.396924 0.497453
vt 0.399925 0.513794
vt 0.412618 0.511989
vt 0.415994 0.500852
vt 0.318262 0.544869
vt 0.316401 0.550540
vt 0.311468 0.555496
vt 0.310369 0.545008
vt 0.414404 0.395129
vt 0.404669 0.386669
vt 0.404928 0.372333
vt 0.458477 0.463477
vt 0.449904 0.443928
vt 0.469345 0.481376
vt 0.417544 0.529509
vt 0.349145 0.580257
vt 0.345318 0.587983
vt 0.335135 0.581095
vt 0.336097 0.573815
vt 0.401964 0.529930
vt 0.424044 0.554348
vt 0.421145 0.544211
vt 0.440853 0.543154
vt 0.442156 0.553370
vt 0.367708 0.515074
vt 0.385739 0.528861
vt 0.367026 0.527203
vt 0.496225 0.524958
vt 0.484420 0.501117
vt 0.444853 0.425318
vt 0.402690 0.493139
vt 0.363322 0.588233
vt 0.371804 0.594671
vt 0.353492 0.596928
vt 0.348913 0.513856
vt 0.348197 0.526119
vt 0.466719 0.553385
vt 0.464911 0.563329
vt 0.441844 0.562959
vt 0.439290 0.536272
vt 0.466347 0.535144
vt 0.467241 0.542510
vt 0.348053 0.498759
vt 0.333878 0.512942
vt 0.333310 0.496733
vt 0.333411 0.526339
vt 0.195899 0.597775
vt 0.180667 0.586126
vt 0.183495 0.571709
vt 0.198839 0.578333
vt 0.272095 0.519525
vt 0.292525 0.516844
vt 0.293263 0.533999
vt 0.273092 0.537082
vt 0.297475 0.558664
vt 0.301194 0.567416
vt 0.284718 0.573090
vt 0.280251 0.563746
vt 0.249673 0.520758
vt 0.257688 0.509906
vt 0.271319 0.502079
vt 0.419518 0.537567
vt 0.440343 0.571954
vt 0.462572 0.572299
vt 0.366478 0.537484
vt 0.366680 0.533689
vt 0.385522 0.536138
vt 0.385350 0.541920
vt 0.489783 0.565069
vt 0.484207 0.575047
vt 0.460931 0.579120
vt 0.481245 0.580501
vt 0.460996 0.584165
vt 0.437758 0.586481
vt 0.438889 0.579745
vt 0.398512 0.583090
vt 0.404782 0.575289
vt 0.421167 0.572610
vt 0.418203 0.581163
vt 0.416423 0.588862
vt 0.424206 0.563429
vt 0.412376 0.563194
vt 0.411322 0.555950
vt 0.494224 0.554518
vt 0.496587 0.544851
vt 0.402455 0.537761
vt 0.276166 0.552061
vt 0.295155 0.547929
vt 0.496407 0.534931
vt 0.321376 0.528147
vt 0.321430 0.513160
vt 0.318481 0.558575
vt 0.314784 0.563127
vt 0.274537 0.544123
vt 0.294197 0.540875
vt 0.407354 0.358342
vt 0.255371 0.559009
vt 0.251432 0.549160
vt 0.411159 0.346774
vt 0.416805 0.351437
vt 0.406902 0.488112
vt 0.308683 0.514461
vt 0.308865 0.530873
vt 0.417265 0.334825
vt 0.415302 0.338077
vt 0.262353 0.570845
vt 0.345108 0.535672
vt 0.346626 0.530976
vt 0.294235 0.497104
vt 0.268276 0.579457
vt 0.309647 0.538216
vt 0.322668 0.540304
vt 0.321986 0.533893
vt 0.332391 0.532258
vt 0.331633 0.536653
vt 0.311092 0.495989
vt 0.311699 0.581558
vt 0.317827 0.587971
vt 0.273918 0.587648
vt 0.289972 0.581044
vt 0.305998 0.574803
vt 0.299873 0.593868
vt 0.295292 0.588120
vt 0.323065 0.594159
vt 0.303063 0.598371
vt 0.279446 0.595473
vt 0.282965 0.600567
vt 0.324908 0.599980
vt 0.304605 0.602123
vt 0.285703 0.604201
vt 0.284745 0.603069
vt 0.396426 0.591200
vt 0.321872 0.496194
vt 0.368871 0.502074
vt 0.432410 0.348342
vt 0.465234 0.340770
vt 0.481047 0.336410
vt 0.494867 0.318533
vt 0.496587 0.333246
vt 0.165522 0.527551
vt 0.182370 0.528820
vt 0.183722 0.543366
vt 0.166467 0.541423
vt 0.445345 0.376941
vt 0.448977 0.344694
vt 0.451632 0.363101
vt 0.479688 0.582508
vt 0.403176 0.549289
vt 0.248294 0.541313
vt 0.482990 0.352419
vt 0.466873 0.359813
vt 0.487641 0.309748
vt 0.492256 0.343590
vt 0.073991 0.342228
vt 0.071090 0.337107
vt 0.077820 0.331296
vt 0.079443 0.337311
vt 0.212713 0.604201
vt 0.214976 0.583105
vt 0.170888 0.574301
vt 0.170541 0.566032
vt 0.194038 0.498643
vt 0.194617 0.516321
vt 0.181945 0.513831
vt 0.183032 0.496273
vt 0.163246 0.426695
vt 0.177024 0.417241
vt 0.176675 0.438169
vt 0.167695 0.446683
vt 0.171861 0.474482
vt 0.175001 0.456412
vt 0.190712 0.459364
vt 0.186344 0.478026
vt 0.168589 0.492795
vt 0.158291 0.500189
vt 0.161764 0.481734
vt 0.230794 0.585716
vt 0.229728 0.602201
vt 0.203080 0.420582
vt 0.196486 0.440265
vt 0.165385 0.463571
vt 0.183851 0.396170
vt 0.189287 0.377556
vt 0.217040 0.379514
vt 0.210752 0.399761
vt 0.137995 0.391110
vt 0.151632 0.392508
vt 0.148630 0.408849
vt 0.137905 0.404840
vt 0.164325 0.394313
vt 0.167701 0.405450
vt 0.069969 0.361433
vt 0.062076 0.361294
vt 0.063175 0.350806
vt 0.068107 0.355762
vt 0.156635 0.533969
vt 0.156376 0.519633
vt 0.166111 0.511173
vt 0.210183 0.442826
vt 0.201610 0.462374
vt 0.221052 0.424926
vt 0.169250 0.376793
vt 0.100851 0.326045
vt 0.087804 0.332487
vt 0.086842 0.325207
vt 0.097025 0.318320
vt 0.153671 0.376372
vt 0.175750 0.351954
vt 0.193863 0.352932
vt 0.192560 0.363148
vt 0.172851 0.362091
vt 0.119415 0.391228
vt 0.118732 0.379099
vt 0.137446 0.377441
vt 0.247932 0.381344
vt 0.236127 0.405185
vt 0.196560 0.480984
vt 0.154397 0.413163
vt 0.115028 0.318069
vt 0.105198 0.309374
vt 0.123510 0.311631
vt 0.100620 0.392447
vt 0.099904 0.380184
vt 0.218426 0.352917
vt 0.193550 0.343343
vt 0.216618 0.342973
vt 0.218947 0.363792
vt 0.218054 0.371158
vt 0.190996 0.370030
vt 0.099760 0.407544
vt 0.085017 0.409570
vt 0.085584 0.393360
vt 0.085117 0.379963
vt 0.023802 0.386777
vt 0.024799 0.369221
vt 0.044970 0.372304
vt 0.044232 0.389458
vt 0.049181 0.347639
vt 0.031957 0.342557
vt 0.036424 0.333212
vt 0.052901 0.338886
vt 0.001380 0.385544
vt 0.023026 0.404223
vt 0.009395 0.396396
vt 0.171224 0.368735
vt 0.192050 0.334348
vt 0.214279 0.334003
vt 0.118185 0.368819
vt 0.137056 0.364382
vt 0.137229 0.370164
vt 0.118387 0.372613
vt 0.235914 0.331255
vt 0.241489 0.341233
vt 0.212638 0.327182
vt 0.232952 0.325801
vt 0.212703 0.322137
vt 0.190595 0.326557
vt 0.189464 0.319821
vt 0.150218 0.323212
vt 0.169909 0.325139
vt 0.172874 0.333692
vt 0.156489 0.331013
vt 0.168129 0.317440
vt 0.163028 0.350352
vt 0.164082 0.343108
vt 0.175912 0.342873
vt 0.245931 0.351784
vt 0.248293 0.361452
vt 0.154161 0.368541
vt 0.046862 0.358373
vt 0.027872 0.354241
vt 0.248113 0.371371
vt 0.073083 0.378156
vt 0.073136 0.393142
vt 0.070188 0.347727
vt 0.066490 0.343175
vt 0.045904 0.365427
vt 0.026243 0.362180
vt 0.159060 0.547960
vt 0.007077 0.347293
vt 0.003138 0.357142
vt 0.168512 0.554865
vt 0.162865 0.559528
vt 0.158608 0.418190
vt 0.060390 0.391841
vt 0.060572 0.375429
vt 0.168972 0.571478
vt 0.167009 0.568225
vt 0.014059 0.335457
vt 0.096815 0.370630
vt 0.098333 0.375326
vt 0.045942 0.409198
vt 0.019982 0.326845
vt 0.061353 0.368086
vt 0.074374 0.365998
vt 0.083340 0.369649
vt 0.084097 0.374044
vt 0.073693 0.372409
vt 0.062799 0.410313
vt 0.063406 0.324744
vt 0.069533 0.318332
vt 0.025624 0.318654
vt 0.041679 0.325259
vt 0.057705 0.331499
vt 0.051580 0.312434
vt 0.046998 0.318183
vt 0.074772 0.312143
vt 0.054769 0.307932
vt 0.031152 0.310829
vt 0.034671 0.305736
vt 0.056311 0.304179
vt 0.076614 0.306322
vt 0.036452 0.303233
vt 0.037409 0.302101
vt 0.148133 0.315102
vt 0.073578 0.410108
vt 0.120577 0.404229
vt 0.184117 0.557960
vt 0.216940 0.565532
vt 0.232754 0.569892
vt 0.248293 0.573056
vt 0.246574 0.587769
vt 0.197052 0.529361
vt 0.203339 0.543202
vt 0.200684 0.561608
vt 0.231395 0.323794
vt 0.154883 0.357014
vt 0.000000 0.364989
vt 0.218580 0.546489
vt 0.234696 0.553883
vt 0.239348 0.596554
vt 0.243963 0.562713
vt 0.521264 0.718899
vt 0.562663 0.718898
vt 0.562663 0.728819
vt 0.521264 0.728820
vt 0.199537 0.734144
vt 0.199537 0.692745
vt 0.203996 0.692745
vt 0.203996 0.734144
vt 0.248393 0.672040
vt 0.248393 0.643435
vt 0.289792 0.643435
vt 0.124196 0.635532
vt 0.082798 0.635531
vt 0.082798 0.614987
vt 0.124197 0.614989
vt 0.688580 0.680823
vt 0.729978 0.680801
vt 0.729985 0.692338
vt 0.688586 0.692359
vt 0.521264 0.684809
vt 0.562663 0.684807
vt 0.562663 0.708923
vt 0.521264 0.708925
vt 0.000000 0.732755
vt 0.041399 0.732755
vt 0.041399 0.743502
vt 0.000000 0.743502
vt 0.082798 0.604201
vt 0.124197 0.604203
vt 0.688512 0.559528
vt 0.729910 0.559506
vt 0.729922 0.579457
vt 0.688523 0.579479
vt 0.165595 0.604201
vt 0.206994 0.604202
vt 0.206994 0.612301
vt 0.165595 0.612300
vt 0.521264 0.664714
vt 0.562663 0.664712
vt 0.688542 0.614577
vt 0.729941 0.614556
vt 0.729952 0.633039
vt 0.688553 0.633060
vt 0.124196 0.653286
vt 0.082798 0.653284
vt 0.082798 0.643403
vt 0.124197 0.643405
vt 0.688564 0.652519
vt 0.729963 0.652497
vt 0.729971 0.666831
vt 0.688572 0.666853
vt 0.206994 0.630075
vt 0.165595 0.630075
vt 0.124197 0.682075
vt 0.082798 0.682073
vt 0.082798 0.673836
vt 0.124197 0.673838
vt 0.729990 0.701001
vt 0.688591 0.701023
vt 0.483366 0.728399
vt 0.483366 0.687000
vt 0.490619 0.686999
vt 0.490619 0.728398
vt 0.331194 0.687522
vt 0.331191 0.668819
vt 0.372590 0.668819
vt 0.521264 0.646559
vt 0.562663 0.646557
vt 0.521264 0.738429
vt 0.562663 0.738427
vt 0.562663 0.748869
vt 0.521264 0.748871
vt 0.729992 0.704237
vt 0.688593 0.704259
vt 0.165595 0.734144
vt 0.165595 0.692745
vt 0.174551 0.692774
vt 0.174551 0.734173
vt 0.688507 0.551061
vt 0.729906 0.551040
vt 0.413988 0.731451
vt 0.372590 0.731452
vt 0.372590 0.723117
vt 0.413988 0.723117
vt 0.455492 0.604201
vt 0.464820 0.604201
vt 0.464819 0.645600
vt 0.688504 0.546068
vt 0.729903 0.546047
vt 0.688532 0.596385
vt 0.729931 0.596364
vt 0.455395 0.689531
vt 0.413996 0.689531
vt 0.413996 0.672526
vt 0.455395 0.672526
vt 0.189301 0.692746
vt 0.189301 0.734145
vt 0.688594 0.707067
vt 0.729993 0.707045
vt 0.729903 0.718790
vt 0.688504 0.718812
vt 0.000000 0.679893
vt 0.041399 0.679893
vt 0.041399 0.694625
vt 0.000000 0.694625
vt 0.000000 0.657680
vt 0.041399 0.657679
vt 0.041399 0.668458
vt 0.000000 0.668458
vt 0.206994 0.648916
vt 0.165595 0.648915
vt 0.463584 0.728399
vt 0.463584 0.687001
vt 0.471334 0.687000
vt 0.471334 0.728399
vt 0.455491 0.728400
vt 0.455491 0.687001
vt 0.480988 0.604201
vt 0.480987 0.645600
vt 0.000000 0.715425
vt 0.041399 0.715425
vt 0.165595 0.670272
vt 0.206994 0.670272
vt 0.206994 0.683754
vt 0.165595 0.683753
vt 0.455395 0.706379
vt 0.413996 0.706379
vt 0.124197 0.689945
vt 0.082798 0.689943
vt 0.521264 0.764094
vt 0.562663 0.764093
vt 0.562659 0.766062
vt 0.521260 0.766063
vt 0.209621 0.692745
vt 0.209621 0.734144
vt 0.124197 0.698724
vt 0.082798 0.698722
vt 0.082798 0.697582
vt 0.124197 0.697584
vt 0.372590 0.710105
vt 0.413988 0.710104
vt 0.217703 0.692746
vt 0.217703 0.734144
vt 0.496251 0.604201
vt 0.496251 0.645600
vt 0.223291 0.692746
vt 0.223291 0.734145
vt 0.521264 0.546049
vt 0.562663 0.546047
vt 0.562663 0.559733
vt 0.521264 0.559735
vt 0.000000 0.640817
vt 0.041399 0.640817
vt 0.521264 0.572713
vt 0.562663 0.572712
vt 0.562663 0.590371
vt 0.521264 0.590373
vt 0.289792 0.690367
vt 0.248393 0.690367
vt 0.562663 0.608085
vt 0.521264 0.608087
vt 0.124197 0.665179
vt 0.082798 0.665177
vt 0.206994 0.692745
vt 0.165595 0.692744
vt 0.372590 0.645565
vt 0.331191 0.645565
vt 0.331191 0.624214
vt 0.372590 0.624214
vt 0.248393 0.623117
vt 0.289792 0.623118
vt 0.041399 0.749292
vt 0.000000 0.749292
vt 0.248393 0.604201
vt 0.000000 0.617875
vt 0.041399 0.617874
vt 0.562663 0.626809
vt 0.521264 0.626811
vt 0.082798 0.695065
vt 0.124197 0.695067
vt 0.331191 0.604201
vt 0.372590 0.604202
vt 0.413996 0.662937
vt 0.455395 0.662937
vt 0.562663 0.758711
vt 0.521264 0.758713
vt 0.455491 0.721673
vt 0.414093 0.721673
vt 0.000000 0.604202
vt 0.041399 0.604201
vt 0.413988 0.736877
vt 0.372590 0.736878
vt 0.372590 0.695970
vt 0.413988 0.695970
vt 0.199537 0.692746
vt 0.199537 0.734145
vt 0.372590 0.687523
vt 0.413988 0.687522
vt 0.496587 0.546047
vt 0.521260 0.546047
vt 0.521260 0.920618
vt 0.496587 0.920618
vt 0.140756 0.698724
vt 0.165595 0.698724
vt 0.165595 0.735575
vt 0.140756 0.735575
vt 0.674519 0.749143
vt 0.649803 0.749143
vt 0.649803 0.374572
vt 0.674519 0.374572
vt 0.082798 0.698724
vt 0.107637 0.698724
vt 0.107637 0.735575
vt 0.082798 0.735575
vt 0.680783 0.374572
vt 0.644190 0.374572
vt 0.644190 0.000000
vt 0.680783 0.000000
vt 0.644190 0.374572
vt 0.607590 0.374572
vt 0.607590 0.000000
vt 0.644190 0.000000
vt 0.491106 0.687762
vt 0.495551 0.688134
vt 0.495551 0.709947
vt 0.491106 0.709575
vt 0.679805 0.918433
vt 0.675562 0.918433
vt 0.675562 0.376757
vt 0.679805 0.376757
vt 0.870800 0.543861
vt 0.849660 0.543861
vt 0.849660 0.002186
vt 0.870800 0.002186
vt 0.924032 0.002186
vt 0.928273 0.002186
vt 0.928273 0.543861
vt 0.924032 0.543861
vt 0.317949 0.691502
vt 0.322395 0.691130
vt 0.322395 0.712943
vt 0.317949 0.713315
vt 0.824218 0.002186
vt 0.824259 0.000926
vt 0.825002 0.000979
vt 0.824994 0.002186
vt 0.824370 -0.000000
vt 0.825080 0.000327
vt 0.491105 0.710331
vt 0.490639 0.710260
vt 0.490619 0.709535
vt 0.924206 0.000000
vt 0.924079 0.000926
vt 0.923680 0.000979
vt 0.923770 0.000327
vt 0.923615 0.002186
vt 0.825646 0.002186
vt 0.825461 0.000979
vt 0.496037 0.709988
vt 0.496016 0.710710
vt 0.495551 0.710703
vt 0.849820 0.000000
vt 0.849703 0.000926
vt 0.849043 0.000979
vt 0.849125 0.000327
vt 0.848970 0.002186
vt 0.929252 0.002186
vt 0.928783 0.002186
vt 0.928809 0.000979
vt 0.929139 0.000979
vt 0.928320 0.000926
vt 0.928447 0.000000
vt 0.928899 0.000327
vt 0.824218 0.543861
vt 0.824994 0.543861
vt 0.825002 0.545067
vt 0.824259 0.545121
vt 0.825646 0.543861
vt 0.825461 0.545067
vt 0.924079 0.545121
vt 0.923680 0.545068
vt 0.923615 0.543861
vt 0.924206 0.546047
vt 0.923770 0.545720
vt 0.317462 0.691542
vt 0.317482 0.690817
vt 0.317948 0.690746
vt 0.824370 0.546047
vt 0.825080 0.545719
vt 0.849703 0.545121
vt 0.849043 0.545067
vt 0.848970 0.543861
vt 0.849820 0.546047
vt 0.849125 0.545719
vt 0.322394 0.690374
vt 0.322859 0.690367
vt 0.322881 0.691089
vt 0.928447 0.546047
vt 0.928320 0.545121
vt 0.928809 0.545068
vt 0.928899 0.545720
vt 0.928783 0.543861
vt 0.929252 0.543861
vt 0.929139 0.545068
vt 0.802996 0.002186
vt 0.802301 0.002186
vt 0.802372 0.000979
vt 0.803036 0.000926
vt 0.680783 0.376757
vt 0.680315 0.376757
vt 0.680341 0.375551
vt 0.680670 0.375551
vt 0.679851 0.375498
vt 0.679978 0.374572
vt 0.680430 0.374899
vt 0.490619 0.687722
vt 0.490639 0.686999
vt 0.491105 0.687007
vt 0.803148 -0.000000
vt 0.802450 0.000327
vt 0.870843 0.000926
vt 0.871586 0.000979
vt 0.871575 0.002186
vt 0.870960 0.000000
vt 0.871668 0.000327
vt 0.495551 0.687379
vt 0.496016 0.687449
vt 0.496037 0.688175
vt 0.675735 0.374572
vt 0.675608 0.375498
vt 0.675209 0.375551
vt 0.675298 0.374899
vt 0.675144 0.376757
vt 0.872230 0.002186
vt 0.872047 0.000979
vt 0.802996 0.543861
vt 0.803036 0.545121
vt 0.802372 0.545067
vt 0.802301 0.543861
vt 0.803148 0.546047
vt 0.802450 0.545719
vt 0.317948 0.714070
vt 0.317482 0.714078
vt 0.317462 0.713355
vt 0.679978 0.920619
vt 0.679851 0.919693
vt 0.680341 0.919639
vt 0.680430 0.920291
vt 0.680315 0.918433
vt 0.680783 0.918433
vt 0.680670 0.919639
vt 0.871575 0.543861
vt 0.871586 0.545068
vt 0.870843 0.545121
vt 0.872230 0.543861
vt 0.872047 0.545068
vt 0.675608 0.919693
vt 0.675209 0.919639
vt 0.675144 0.918433
vt 0.675735 0.920619
vt 0.675298 0.920291
vt 0.322881 0.712902
vt 0.322859 0.713628
vt 0.322394 0.713698
vt 0.870960 0.546047
vt 0.871668 0.545719
vt 0.685706 0.676769
vt 0.681268 0.677220
vt 0.681339 0.654764
vt 0.685684 0.655777
vt 0.988650 0.543861
vt 0.984190 0.543861
vt 0.984190 0.002186
vt 0.988650 0.002186
vt 0.704119 0.543861
vt 0.681473 0.543861
vt 0.681473 0.002186
vt 0.704119 0.002186
vt 0.918395 0.002186
vt 0.922636 0.002186
vt 0.922636 0.543861
vt 0.918395 0.543861
vt 0.685684 0.700216
vt 0.681339 0.701229
vt 0.681268 0.678772
vt 0.685706 0.679224
vt 0.847543 0.002186
vt 0.847583 0.000926
vt 0.848327 0.000979
vt 0.848318 0.002186
vt 0.847695 0.000000
vt 0.848405 0.000327
vt 0.685794 0.655029
vt 0.686245 0.655167
vt 0.686159 0.655887
vt 0.918569 0.000000
vt 0.918442 0.000926
vt 0.918043 0.000979
vt 0.918133 0.000327
vt 0.917978 0.002186
vt 0.848970 0.002186
vt 0.848786 0.000979
vt 0.680864 0.654653
vt 0.680990 0.653942
vt 0.681449 0.654017
vt 0.681632 0.000000
vt 0.681515 0.000926
vt 0.680856 0.000979
vt 0.680938 0.000327
vt 0.680783 0.002186
vt 0.923615 0.002186
vt 0.923146 0.002186
vt 0.923172 0.000979
vt 0.923502 0.000979
vt 0.922683 0.000926
vt 0.922810 0.000000
vt 0.923262 0.000327
vt 0.847543 0.543861
vt 0.848318 0.543861
vt 0.848327 0.545067
vt 0.847583 0.545121
vt 0.848970 0.543861
vt 0.848786 0.545067
vt 0.918442 0.545121
vt 0.918043 0.545068
vt 0.917978 0.543861
vt 0.918569 0.546047
vt 0.918133 0.545720
vt 0.686159 0.700105
vt 0.686245 0.700826
vt 0.685794 0.700964
vt 0.847695 0.546047
vt 0.848405 0.545719
vt 0.681515 0.545121
vt 0.680856 0.545068
vt 0.680783 0.543861
vt 0.681632 0.546047
vt 0.680938 0.545719
vt 0.681449 0.701976
vt 0.680990 0.702051
vt 0.680864 0.701340
vt 0.922810 0.546047
vt 0.922683 0.545121
vt 0.923172 0.545068
vt 0.923262 0.545720
vt 0.923146 0.543861
vt 0.923615 0.543861
vt 0.923502 0.545068
vt 0.826947 0.002186
vt 0.826200 0.002186
vt 0.826229 0.000979
vt 0.826945 0.000926
vt 0.825646 0.002186
vt 0.825839 0.000979
vt 0.988647 0.000926
vt 0.989110 0.000979
vt 0.989134 0.002186
vt 0.988638 0.000000
vt 0.989104 0.000327
vt 0.686192 0.676720
vt 0.686245 0.677433
vt 0.685783 0.677513
vt 0.826940 0.000000
vt 0.826225 0.000327
vt 0.704119 0.000926
vt 0.704852 0.000979
vt 0.704885 0.002186
vt 0.704120 0.000000
vt 0.704852 0.000327
vt 0.681346 0.677980
vt 0.680879 0.677996
vt 0.680783 0.677270
vt 0.984177 0.000000
vt 0.984186 0.000926
vt 0.983716 0.000979
vt 0.983709 0.000327
vt 0.983699 0.002186
vt 0.705446 0.002186
vt 0.705248 0.000979
vt 0.826947 0.543861
vt 0.826945 0.545121
vt 0.826229 0.545067
vt 0.826200 0.543861
vt 0.826940 0.546047
vt 0.826225 0.545719
vt 0.685783 0.678480
vt 0.686245 0.678560
vt 0.686192 0.679273
vt 0.988638 0.546047
vt 0.988647 0.545121
vt 0.989110 0.545068
vt 0.989104 0.545720
vt 0.989134 0.543861
vt 0.825646 0.543861
vt 0.825839 0.545067
vt 0.704885 0.543861
vt 0.704852 0.545068
vt 0.704119 0.545121
vt 0.705446 0.543861
vt 0.705248 0.545067
vt 0.984186 0.545121
vt 0.983716 0.545068
vt 0.983699 0.543861
vt 0.984177 0.546047
vt 0.983709 0.545720
vt 0.680783 0.678723
vt 0.680878 0.677996
vt 0.681346 0.678013
vt 0.704120 0.546047
vt 0.704852 0.545720
vt 0.327829 0.712942
vt 0.323370 0.713082
vt 0.323367 0.691128
vt 0.327826 0.691278
vt 0.950595 0.543861
vt 0.946175 0.543861
vt 0.946175 0.002186
vt 0.950596 0.002186
vt 0.728737 0.543861
vt 0.706792 0.543861
vt 0.706792 0.002186
vt 0.728737 0.002186
vt 0.962455 0.002186
vt 0.966909 0.002186
vt 0.966909 0.543861
vt 0.962455 0.543861
vt 0.112582 0.721287
vt 0.108124 0.721438
vt 0.108126 0.699484
vt 0.112585 0.699623
vt 0.777017 0.002186
vt 0.777008 0.000926
vt 0.777715 0.000979
vt 0.777754 0.002186
vt 0.776986 0.000000
vt 0.777700 0.000327
vt 0.327857 0.690530
vt 0.328323 0.690578
vt 0.328314 0.691295
vt 0.962411 0.000000
vt 0.962443 0.000926
vt 0.961965 0.000979
vt 0.961943 0.000327
vt 0.961956 0.002186
vt 0.778282 0.002186
vt 0.778087 0.000979
vt 0.322881 0.691111
vt 0.322931 0.690383
vt 0.323398 0.690367
vt 0.706768 0.000000
vt 0.706786 0.000926
vt 0.706049 0.000979
vt 0.706038 0.000327
vt 0.706023 0.002186
vt 0.705447 0.002186
vt 0.705644 0.000979
vt 0.966897 0.000926
vt 0.967351 0.000979
vt 0.967384 0.002186
vt 0.966864 -0.000000
vt 0.967328 0.000327
vt 0.777017 0.543861
vt 0.777754 0.543861
vt 0.777715 0.545067
vt 0.777008 0.545121
vt 0.778282 0.543861
vt 0.778087 0.545067
vt 0.962443 0.545121
vt 0.961965 0.545068
vt 0.961956 0.543861
vt 0.962411 0.546047
vt 0.961943 0.545719
vt 0.113071 0.721271
vt 0.113079 0.721988
vt 0.112613 0.722036
vt 0.776986 0.546047
vt 0.777700 0.545719
vt 0.706785 0.545121
vt 0.706049 0.545067
vt 0.706023 0.543861
vt 0.706768 0.546047
vt 0.706038 0.545719
vt 0.108154 0.722199
vt 0.107687 0.722183
vt 0.107637 0.721455
vt 0.966864 0.546047
vt 0.966897 0.545121
vt 0.967351 0.545067
vt 0.967328 0.545719
vt 0.967384 0.543861
vt 0.705447 0.543861
vt 0.705644 0.545067
vt 0.755518 0.002186
vt 0.754759 0.002186
vt 0.754774 0.000979
vt 0.755501 0.000926
vt 0.754166 0.002186
vt 0.754356 0.000979
vt 0.950568 0.000926
vt 0.951005 0.000979
vt 0.951052 0.002186
vt 0.950494 0.000000
vt 0.950952 0.000327
vt 0.328317 0.712927
vt 0.328323 0.713646
vt 0.327856 0.713693
vt 0.755455 -0.000000
vt 0.754741 0.000327
vt 0.728722 0.000926
vt 0.729432 0.000979
vt 0.729479 0.002186
vt 0.728682 0.000000
vt 0.729403 0.000327
vt 0.323397 0.713842
vt 0.322930 0.713826
vt 0.322883 0.713098
vt 0.946072 0.000000
vt 0.946147 0.000926
vt 0.945658 0.000979
vt 0.945604 0.000327
vt 0.945664 0.002186
vt 0.729993 0.002186
vt 0.729794 0.000979
vt 0.755518 0.543861
vt 0.755501 0.545121
vt 0.754774 0.545067
vt 0.754759 0.543861
vt 0.755455 0.546047
vt 0.754741 0.545719
vt 0.112612 0.698873
vt 0.113079 0.698920
vt 0.113073 0.699639
vt 0.950494 0.546047
vt 0.950568 0.545121
vt 0.951005 0.545068
vt 0.950952 0.545719
vt 0.951052 0.543861
vt 0.754165 0.543861
vt 0.754356 0.545067
vt 0.729479 0.543861
vt 0.729432 0.545068
vt 0.728722 0.545121
vt 0.729993 0.543861
vt 0.729794 0.545067
vt 0.946147 0.545121
vt 0.945658 0.545067
vt 0.945664 0.543861
vt 0.946072 0.546047
vt 0.945604 0.545719
vt 0.107639 0.699468
vt 0.107686 0.698740
vt 0.108153 0.698724
vt 0.728682 0.546047
vt 0.729403 0.545719
vt 0.123464 0.721326
vt 0.119003 0.721333
vt 0.119003 0.699483
vt 0.123464 0.699551
vt 0.994125 0.543861
vt 0.989732 0.543861
vt 0.989732 0.002186
vt 0.994125 0.002186
vt 0.752958 0.543861
vt 0.731368 0.543861
vt 0.731368 0.002186
vt 0.752958 0.002186
vt 0.967967 0.002186
vt 0.972373 0.002186
vt 0.972373 0.543861
vt 0.967967 0.543861
vt 0.118027 0.721258
vt 0.113566 0.721327
vt 0.113566 0.699476
vt 0.118027 0.699484
vt 0.801092 0.002186
vt 0.801072 0.000926
vt 0.801761 0.000979
vt 0.801813 0.002186
vt 0.801015 0.000000
vt 0.801721 0.000327
vt 0.123474 0.698799
vt 0.123941 0.698839
vt 0.123952 0.699559
vt 0.967850 -0.000000
vt 0.967936 0.000926
vt 0.967445 0.000979
vt 0.967384 0.000327
vt 0.967455 0.002186
vt 0.802301 0.002186
vt 0.802105 0.000979
vt 0.118516 0.699475
vt 0.118546 0.698748
vt 0.119013 0.698724
vt 0.731298 0.000000
vt 0.731349 0.000926
vt 0.730611 0.000979
vt 0.730575 0.000327
vt 0.730597 0.002186
vt 0.729993 0.002186
vt 0.730186 0.000979
vt 0.972342 0.000926
vt 0.972773 0.000979
vt 0.972824 0.002186
vt 0.972255 -0.000000
vt 0.972711 0.000327
vt 0.801092 0.543861
vt 0.801813 0.543861
vt 0.801761 0.545067
vt 0.801072 0.545121
vt 0.802301 0.543861
vt 0.802105 0.545067
vt 0.967936 0.545121
vt 0.967445 0.545067
vt 0.967455 0.543861
vt 0.967850 0.546047
vt 0.967384 0.545719
vt 0.118515 0.721251
vt 0.118504 0.721970
vt 0.118037 0.722010
vt 0.801015 0.546047
vt 0.801721 0.545719
vt 0.731349 0.545121
vt 0.730611 0.545067
vt 0.730597 0.543861
vt 0.731298 0.546047
vt 0.730575 0.545719
vt 0.113576 0.722085
vt 0.113109 0.722061
vt 0.113079 0.721334
vt 0.972255 0.546047
vt 0.972342 0.545121
vt 0.972773 0.545067
vt 0.972711 0.545719
vt 0.972824 0.543861
vt 0.729993 0.543861
vt 0.730186 0.545067
vt 0.779667 0.002186
vt 0.778895 0.002186
vt 0.778905 0.000979
vt 0.779644 0.000926
vt 0.778282 0.002186
vt 0.778473 0.000979
vt 0.994089 0.000926
vt 0.994514 0.000979
vt 0.994569 0.002186
vt 0.993991 -0.000000
vt 0.994445 0.000327
vt 0.123953 0.721325
vt 0.123932 0.722054
vt 0.123464 0.722085
vt 0.779581 0.000000
vt 0.778861 0.000327
vt 0.752937 0.000926
vt 0.753626 0.000979
vt 0.753678 0.002186
vt 0.752880 -0.000000
vt 0.753586 0.000327
vt 0.119003 0.722085
vt 0.118536 0.722053
vt 0.118516 0.721334
vt 0.989600 -0.000000
vt 0.989697 0.000926
vt 0.989203 0.000979
vt 0.989134 0.000327
vt 0.989217 0.002186
vt 0.754165 0.002186
vt 0.753970 0.000979
vt 0.779667 0.543861
vt 0.779644 0.545121
vt 0.778905 0.545068
vt 0.778895 0.543861
vt 0.779581 0.546047
vt 0.778861 0.545720
vt 0.118027 0.698724
vt 0.118495 0.698756
vt 0.118516 0.699484
vt 0.993991 0.546047
vt 0.994089 0.545121
vt 0.994514 0.545067
vt 0.994445 0.545720
vt 0.994569 0.543861
vt 0.778282 0.543861
vt 0.778473 0.545067
vt 0.753678 0.543861
vt 0.753626 0.545068
vt 0.752937 0.545121
vt 0.753970 0.545067
vt 0.989697 0.545121
vt 0.989203 0.545067
vt 0.989217 0.543861
vt 0.989600 0.546047
vt 0.989134 0.545720
vt 0.113079 0.699475
vt 0.113099 0.698756
vt 0.113566 0.698724
vt 0.752880 0.546047
vt 0.753586 0.545720
vt 0.124928 0.699356
vt 0.129382 0.699610
vt 0.129381 0.718263
vt 0.124924 0.718462
vt 0.983210 0.543861
vt 0.978749 0.543861
vt 0.978749 0.002186
vt 0.983210 0.002186
vt 0.648751 0.918433
vt 0.630235 0.918433
vt 0.630235 0.376757
vt 0.648751 0.376757
vt 0.951601 0.002186
vt 0.956034 0.002186
vt 0.956035 0.543861
vt 0.951601 0.543861
vt 0.681288 0.702744
vt 0.685745 0.702943
vt 0.685746 0.721596
vt 0.681292 0.721851
vt 0.627859 0.376757
vt 0.627844 0.375498
vt 0.628492 0.375551
vt 0.628535 0.376757
vt 0.627805 0.374572
vt 0.628464 0.374899
vt 0.124959 0.719156
vt 0.124491 0.719149
vt 0.124436 0.718484
vt 0.951519 -0.000000
vt 0.951579 0.000926
vt 0.951094 0.000979
vt 0.951052 0.000327
vt 0.951094 0.002186
vt 0.629004 0.376757
vt 0.628822 0.375551
vt 0.129868 0.718242
vt 0.129881 0.718896
vt 0.129416 0.718947
vt 0.630182 0.374572
vt 0.630221 0.375498
vt 0.629558 0.375551
vt 0.629530 0.374899
vt 0.629544 0.376757
vt 0.629004 0.376757
vt 0.629178 0.375551
vt 0.956013 0.000926
vt 0.956457 0.000979
vt 0.956498 0.002186
vt 0.955954 -0.000000
vt 0.956415 0.000327
vt 0.627858 0.918433
vt 0.628535 0.918433
vt 0.628492 0.919639
vt 0.627844 0.919692
vt 0.629004 0.918433
vt 0.628822 0.919639
vt 0.951579 0.545121
vt 0.951094 0.545067
vt 0.951094 0.543861
vt 0.951519 0.546047
vt 0.951052 0.545719
vt 0.680800 0.702722
vt 0.680855 0.702058
vt 0.681323 0.702051
vt 0.627805 0.920618
vt 0.628464 0.920291
vt 0.630221 0.919692
vt 0.629558 0.919639
vt 0.629544 0.918433
vt 0.630182 0.920618
vt 0.629530 0.920291
vt 0.685780 0.702260
vt 0.686245 0.702310
vt 0.686232 0.702964
vt 0.955954 0.546047
vt 0.956013 0.545121
vt 0.956457 0.545067
vt 0.956415 0.545719
vt 0.956498 0.543861
vt 0.629178 0.919639
vt 0.608694 0.376757
vt 0.608057 0.376757
vt 0.608083 0.375551
vt 0.608693 0.375498
vt 0.607590 0.376757
vt 0.607754 0.375551
vt 0.983211 0.000926
vt 0.983679 0.000979
vt 0.983698 0.002186
vt 0.983214 -0.000000
vt 0.983682 0.000327
vt 0.124441 0.699328
vt 0.124495 0.698724
vt 0.124963 0.698726
vt 0.608690 0.374572
vt 0.608082 0.374899
vt 0.648750 0.375498
vt 0.649331 0.375551
vt 0.649357 0.376757
vt 0.648748 0.374572
vt 0.649330 0.374899
vt 0.129416 0.699001
vt 0.129881 0.699056
vt 0.129869 0.699639
vt 0.978753 0.000000
vt 0.978750 0.000926
vt 0.978284 0.000979
vt 0.978287 0.000327
vt 0.978262 0.002186
vt 0.649803 0.376757
vt 0.649645 0.375551
vt 0.608694 0.918433
vt 0.608693 0.919692
vt 0.608083 0.919639
vt 0.608057 0.918433
vt 0.608690 0.920618
vt 0.608082 0.920291
vt 0.681327 0.722481
vt 0.680859 0.722482
vt 0.680805 0.721878
vt 0.983214 0.546047
vt 0.983211 0.545121
vt 0.983679 0.545067
vt 0.983682 0.545719
vt 0.983698 0.543861
vt 0.607590 0.918433
vt 0.607754 0.919639
vt 0.649357 0.918433
vt 0.649331 0.919639
vt 0.648750 0.919693
vt 0.649803 0.918433
vt 0.649645 0.919639
vt 0.978750 0.545121
vt 0.978284 0.545067
vt 0.978262 0.543861
vt 0.978753 0.546047
vt 0.978287 0.545719
vt 0.686233 0.721567
vt 0.686245 0.722150
vt 0.685780 0.722205
vt 0.648747 0.920618
vt 0.649330 0.920291
vt 0.135807 0.699546
vt 0.140269 0.699562
vt 0.140264 0.719981
vt 0.135806 0.720165
vt 0.934127 0.543861
vt 0.929705 0.543861
vt 0.929706 0.002186
vt 0.934127 0.002186
vt 0.916479 0.543861
vt 0.896249 0.543861
vt 0.896249 0.002186
vt 0.916479 0.002186
vt 0.973298 0.002186
vt 0.977748 0.002186
vt 0.977748 0.543861
vt 0.973298 0.543861
vt 0.130368 0.699353
vt 0.134826 0.699537
vt 0.134831 0.719956
vt 0.130369 0.719972
vt 0.894108 0.002186
vt 0.894118 0.000926
vt 0.894732 0.000979
vt 0.894749 0.002186
vt 0.894145 0.000000
vt 0.894750 0.000327
vt 0.135834 0.720794
vt 0.135366 0.720790
vt 0.135318 0.720186
vt 0.973345 -0.000000
vt 0.973310 0.000926
vt 0.972857 0.000979
vt 0.972881 0.000327
vt 0.972824 0.002186
vt 0.895238 0.002186
vt 0.895076 0.000979
vt 0.140751 0.719961
vt 0.140756 0.720543
vt 0.140291 0.720589
vt 0.896287 -0.000000
vt 0.896259 0.000926
vt 0.895691 0.000979
vt 0.895709 0.000327
vt 0.895656 0.002186
vt 0.895238 0.002186
vt 0.895397 0.000979
vt 0.977761 0.000926
vt 0.978239 0.000979
vt 0.978247 0.002186
vt 0.977795 0.000000
vt 0.978262 0.000327
vt 0.894108 0.543861
vt 0.894750 0.543861
vt 0.894732 0.545068
vt 0.894118 0.545121
vt 0.895238 0.543861
vt 0.895076 0.545068
vt 0.973310 0.545121
vt 0.972857 0.545067
vt 0.973345 0.546047
vt 0.972881 0.545719
vt 0.129881 0.699333
vt 0.129928 0.698729
vt 0.130396 0.698724
vt 0.894145 0.546047
vt 0.894750 0.545720
vt 0.896259 0.545121
vt 0.895691 0.545068
vt 0.895656 0.543861
vt 0.896287 0.546047
vt 0.895709 0.545720
vt 0.134853 0.698929
vt 0.135318 0.698976
vt 0.135313 0.699557
vt 0.977795 0.546047
vt 0.977761 0.545121
vt 0.978239 0.545067
vt 0.978262 0.545720
vt 0.978247 0.543861
vt 0.895238 0.543861
vt 0.895397 0.545068
vt 0.873586 0.002186
vt 0.872787 0.002186
vt 0.872837 0.000979
vt 0.873602 0.000926
vt 0.872230 0.002186
vt 0.872445 0.000979
vt 0.934156 0.000926
vt 0.934647 0.000979
vt 0.934639 0.002186
vt 0.934237 -0.000000
vt 0.934704 0.000327
vt 0.135319 0.699545
vt 0.135339 0.698759
vt 0.135806 0.698724
vt 0.873645 0.000000
vt 0.872867 0.000327
vt 0.916495 0.000926
vt 0.917305 0.000979
vt 0.917325 0.002186
vt 0.916539 0.000000
vt 0.917336 0.000327
vt 0.140267 0.698729
vt 0.140734 0.698766
vt 0.140756 0.699565
vt 0.929817 0.000000
vt 0.929735 0.000926
vt 0.929301 0.000979
vt 0.929359 0.000327
vt 0.929252 0.002186
vt 0.917978 0.002186
vt 0.917765 0.000979
vt 0.873586 0.543861
vt 0.873602 0.545121
vt 0.872837 0.545068
vt 0.872787 0.543861
vt 0.873645 0.546047
vt 0.872867 0.545720
vt 0.130368 0.720794
vt 0.129901 0.720759
vt 0.129882 0.719974
vt 0.934237 0.546047
vt 0.934156 0.545121
vt 0.934648 0.545067
vt 0.934704 0.545719
vt 0.934640 0.543861
vt 0.872230 0.543861
vt 0.872445 0.545068
vt 0.917325 0.543861
vt 0.917305 0.545068
vt 0.916495 0.545121
vt 0.917978 0.543861
vt 0.917765 0.545068
vt 0.929735 0.545121
vt 0.929301 0.545067
vt 0.929252 0.543861
vt 0.929817 0.546047
vt 0.929359 0.545719
vt 0.135318 0.719954
vt 0.135297 0.720753
vt 0.134829 0.720789
vt 0.916539 0.546047
vt 0.917336 0.545720
vt 0.681308 0.574740
vt 0.685760 0.574454
vt 0.685760 0.600212
vt 0.681307 0.599927
vt 0.961468 0.543861
vt 0.957013 0.543861
vt 0.957013 0.002186
vt 0.961468 0.002186
vt 0.523968 0.543861
vt 0.498085 0.543861
vt 0.498085 0.002186
vt 0.523968 0.002186
vt 0.935174 0.002186
vt 0.939623 0.002186
vt 0.939623 0.543861
vt 0.935174 0.543861
vt 0.681307 0.547212
vt 0.685760 0.546927
vt 0.685760 0.572686
vt 0.681308 0.572400
vt 0.552070 0.002186
vt 0.552078 0.000926
vt 0.552909 0.000979
vt 0.552936 0.002186
vt 0.552101 -0.000000
vt 0.552926 0.000327
vt 0.681247 0.600790
vt 0.680783 0.600722
vt 0.680821 0.599897
vt 0.935237 -0.000000
vt 0.935191 0.000926
vt 0.934741 0.000979
vt 0.934774 0.000327
vt 0.934704 0.002186
vt 0.553593 0.002186
vt 0.553371 0.000979
vt 0.686247 0.600244
vt 0.686167 0.601088
vt 0.685698 0.601093
vt 0.498117 -0.000000
vt 0.498093 0.000926
vt 0.497256 0.000979
vt 0.497274 0.000327
vt 0.497210 0.002186
vt 0.496587 0.002186
vt 0.496818 0.000979
vt 0.939640 0.000926
vt 0.940123 0.000979
vt 0.940126 0.002186
vt 0.939688 -0.000000
vt 0.940156 0.000327
vt 0.552070 0.543861
vt 0.552936 0.543861
vt 0.552909 0.545068
vt 0.552078 0.545121
vt 0.553593 0.543861
vt 0.553371 0.545067
vt 0.935191 0.545121
vt 0.934741 0.545067
vt 0.934704 0.543861
vt 0.935237 0.546047
vt 0.934774 0.545719
vt 0.680821 0.547243
vt 0.680783 0.546417
vt 0.681247 0.546350
vt 0.552101 0.546047
vt 0.552926 0.545719
vt 0.498093 0.545121
vt 0.497256 0.545067
vt 0.497210 0.543861
vt 0.498117 0.546047
vt 0.497274 0.545719
vt 0.685698 0.546047
vt 0.686167 0.546052
vt 0.686247 0.546896
vt 0.939688 0.546047
vt 0.939640 0.545121
vt 0.940123 0.545067
vt 0.940156 0.545719
vt 0.940126 0.543861
vt 0.496587 0.543861
vt 0.496818 0.545067
vt 0.527007 0.002186
vt 0.526136 0.002186
vt 0.526164 0.000979
vt 0.526998 0.000926
vt 0.525477 0.002186
vt 0.525700 0.000979
vt 0.961456 0.000926
vt 0.961910 0.000979
vt 0.961943 0.002186
vt 0.961422 0.000000
vt 0.961887 0.000327
vt 0.680821 0.574771
vt 0.680783 0.573943
vt 0.681247 0.573874
vt 0.526975 0.000000
vt 0.526147 0.000327
vt 0.523960 0.000926
vt 0.524802 0.000979
vt 0.524848 0.002186
vt 0.523938 -0.000000
vt 0.524786 0.000327
vt 0.685698 0.573570
vt 0.686166 0.573576
vt 0.686247 0.574423
vt 0.956966 0.000000
vt 0.957000 0.000926
vt 0.956522 0.000979
vt 0.956498 0.000327
vt 0.956513 0.002186
vt 0.525476 0.002186
vt 0.525245 0.000979
vt 0.527007 0.543861
vt 0.526998 0.545121
vt 0.526164 0.545067
vt 0.526136 0.543861
vt 0.526975 0.546047
vt 0.526147 0.545719
vt 0.681247 0.573265
vt 0.680783 0.573196
vt 0.680821 0.572368
vt 0.961423 0.546047
vt 0.961456 0.545121
vt 0.961910 0.545067
vt 0.961887 0.545719
vt 0.961943 0.543861
vt 0.525477 0.543861
vt 0.525700 0.545067
vt 0.524848 0.543861
vt 0.524802 0.545067
vt 0.523960 0.545121
vt 0.525476 0.543861
vt 0.525245 0.545067
vt 0.957000 0.545121
vt 0.956522 0.545067
vt 0.956513 0.543861
vt 0.956967 0.546047
vt 0.956498 0.545719
vt 0.686247 0.572716
vt 0.686166 0.573564
vt 0.685698 0.573570
vt 0.523938 0.546047
vt 0.524786 0.545719
vt 0.681286 0.602128
vt 0.685744 0.601934
vt 0.685744 0.626648
vt 0.681288 0.626423
vt 0.999570 0.543861
vt 0.995210 0.543861
vt 0.995210 0.002186
vt 0.999570 0.002186
vt 0.579559 0.543861
vt 0.555163 0.543861
vt 0.555163 0.002186
vt 0.579559 0.002186
vt 0.940718 0.002186
vt 0.945146 0.002186
vt 0.945146 0.543861
vt 0.940718 0.543861
vt 0.681288 0.628613
vt 0.685744 0.628387
vt 0.685743 0.653101
vt 0.681286 0.652907
vt 0.606184 0.002186
vt 0.606167 0.000926
vt 0.606957 0.000979
vt 0.607009 0.002186
vt 0.606120 -0.000000
vt 0.606924 0.000327
vt 0.681247 0.627275
vt 0.680783 0.627214
vt 0.680800 0.626398
vt 0.940624 -0.000000
vt 0.940693 0.000926
vt 0.940205 0.000979
vt 0.940156 0.000327
vt 0.940209 0.002186
vt 0.607590 0.002186
vt 0.607365 0.000979
vt 0.686230 0.626673
vt 0.686171 0.627506
vt 0.685702 0.627518
vt 0.555099 -0.000000
vt 0.555146 0.000926
vt 0.554301 0.000979
vt 0.554269 0.000327
vt 0.554281 0.002186
vt 0.553593 0.002186
vt 0.553817 0.000979
vt 0.945120 0.000926
vt 0.945559 0.000979
vt 0.945604 0.002186
vt 0.945049 -0.000000
vt 0.945509 0.000327
vt 0.606184 0.543861
vt 0.607009 0.543861
vt 0.606957 0.545067
vt 0.606167 0.545121
vt 0.607590 0.543861
vt 0.607366 0.545067
vt 0.940693 0.545121
vt 0.940205 0.545067
vt 0.940209 0.543861
vt 0.940624 0.546047
vt 0.940156 0.545719
vt 0.680800 0.628637
vt 0.680783 0.627821
vt 0.681247 0.627760
vt 0.606120 0.546047
vt 0.606924 0.545719
vt 0.555146 0.545121
vt 0.554301 0.545068
vt 0.554281 0.543861
vt 0.555099 0.546047
vt 0.554269 0.545719
vt 0.685702 0.627517
vt 0.686171 0.627529
vt 0.686230 0.628362
vt 0.945049 0.546047
vt 0.945120 0.545121
vt 0.945559 0.545067
vt 0.945509 0.545719
vt 0.945604 0.543861
vt 0.553593 0.543861
vt 0.553817 0.545067
vt 0.582388 0.002186
vt 0.581552 0.002186
vt 0.581558 0.000979
vt 0.582359 0.000926
vt 0.580877 0.002186
vt 0.581082 0.000979
vt 0.999523 0.000926
vt 0.999935 0.000979
vt 1.000000 0.002186
vt 0.999396 0.000000
vt 0.999845 0.000327
vt 0.680799 0.602149
vt 0.680783 0.601356
vt 0.681249 0.601299
vt 0.582278 0.000000
vt 0.581500 0.000327
vt 0.579530 0.000926
vt 0.580290 0.000979
vt 0.580353 0.002186
vt 0.579450 -0.000000
vt 0.580233 0.000327
vt 0.685705 0.601093
vt 0.686173 0.601108
vt 0.686231 0.601914
vt 0.995033 0.000000
vt 0.995163 0.000926
vt 0.994660 0.000979
vt 0.994569 0.000327
vt 0.994686 0.002186
vt 0.580877 0.002186
vt 0.580658 0.000979
vt 0.582388 0.543861
vt 0.582359 0.545121
vt 0.581558 0.545067
vt 0.581552 0.543861
vt 0.582278 0.546047
vt 0.581500 0.545719
vt 0.681248 0.653736
vt 0.680783 0.653679
vt 0.680799 0.652886
vt 0.999396 0.546047
vt 0.999523 0.545121
vt 0.999935 0.545067
vt 0.999845 0.545719
vt 1.000000 0.543861
vt 0.580877 0.543861
vt 0.581082 0.545067
vt 0.580353 0.543861
vt 0.580290 0.545067
vt 0.579530 0.545121
vt 0.580877 0.543861
vt 0.580658 0.545067
vt 0.995163 0.545121
vt 0.994660 0.545067
vt 0.994686 0.543861
vt 0.995033 0.546047
vt 0.994569 0.545719
vt 0.686231 0.653121
vt 0.686173 0.653928
vt 0.685705 0.653942
vt 0.579450 0.546047
vt 0.580233 0.545719
s 0
usemtl Bake
f 8/1/1 10/2/1 11/3/1 9/4/1
f 10/2/2 16/5/2 17/6/2 11/3/2
f 163/7/1 162/8/1 19/9/1 26/10/1
f 133/11/1 137/12/1 142/13/1 138/14/1
f 20/15/3 21/16/3 17/6/3 16/5/3
f 48/17/1 29/18/1 30/19/1 33/20/1
f 53/21/1 46/22/1 42/23/1 51/24/1
f 36/25/1 39/26/1 38/27/1 34/28/1
f 35/29/1 32/30/1 37/31/1 36/25/1
f 9/4/1 5/32/1 1/33/1 8/1/1
f 42/23/1 46/22/1 45/34/1 41/35/1
f 39/26/1 42/23/1 41/35/1 38/27/1
f 33/20/1 35/29/1 36/25/1 34/28/1
f 51/24/1 42/23/1 39/26/1 40/36/1
f 56/37/1 78/38/1 77/39/1 55/40/1
f 68/41/1 67/42/1 58/43/1 59/44/1
f 40/36/1 39/26/1 36/25/1 37/31/1
f 169/45/1 56/37/1 46/22/1 47/46/1
f 123/47/1 122/48/1 132/49/1 130/50/1
f 163/7/1 164/51/1 28/52/1 31/53/1
f 43/54/1 50/55/1 38/27/1 41/35/1
f 41/35/1 45/34/1 44/56/1 43/54/1
f 169/45/1 170/57/1 78/38/1 56/37/1
f 153/58/1 143/59/1 148/60/1 166/61/1
f 170/57/1 169/45/1 67/42/1 79/62/1
f 172/63/1 116/64/1 84/65/1 171/66/1
f 69/67/1 103/68/1 101/69/1 68/41/1
f 76/70/1 54/71/1 55/40/1 77/39/1
f 50/55/1 49/72/1 34/28/1 38/27/1
f 45/34/1 55/40/1 54/71/1 44/56/1
f 67/42/1 169/45/1 57/73/1 58/43/1
f 165/74/1 154/75/1 155/76/1
f 70/77/1 105/78/1 103/68/1 69/67/1
f 115/79/1 116/64/1 85/80/1 83/81/1
f 84/65/1 81/82/1 185/83/1 176/84/1
f 61/85/1 62/86/1 71/87/1 70/77/1
f 105/78/1 70/77/1 71/87/1 107/88/1
f 197/89/4 198/90/4 204/91/4 203/92/4
f 74/93/1 111/94/1 109/95/1 73/96/1
f 128/97/1 129/98/1 127/99/1 126/100/1
f 75/101/1 74/93/1 65/102/1 66/103/1
f 171/66/1 84/65/1 176/84/1 184/104/1
f 90/105/1 93/106/1 83/81/1 85/80/1
f 138/14/1 142/13/1 148/60/1 143/59/1
f 104/107/1 102/108/1 180/109/1 179/110/1
f 83/81/1 93/106/1 96/111/1 82/112/1
f 95/113/1 98/114/1 96/111/1 93/106/1
f 94/115/1 95/113/1 92/116/1 91/117/1
f 167/118/1 168/119/1 174/120/1 87/121/1
f 91/117/1 92/116/1 168/119/1 89/122/1
f 172/63/1 117/123/1 86/124/1 173/125/1
f 90/105/1 174/120/1 168/119/1 92/116/1
f 80/126/1 100/127/1 81/82/1 115/79/1
f 170/57/1 79/62/1 177/128/1 184/104/1
f 128/97/1 110/129/1 112/130/1 129/98/1
f 116/64/1 172/63/1 173/125/1 85/80/1
f 77/39/1 185/83/1 181/131/1 76/70/1
f 124/132/1 107/88/1 71/87/1 119/133/1
f 131/134/1 134/135/1 137/12/1 133/11/1
f 112/130/1 110/129/1 182/136/1 187/137/1
f 164/51/1 163/7/1 26/10/1 25/138/1
f 114/139/1 112/130/1 187/137/1 188/140/1
f 115/79/1 81/82/1 84/65/1 116/64/1
f 25/138/1 26/10/1 24/141/1 161/142/1
f 52/143/1 57/73/1 169/45/1 47/46/1
f 128/97/1 126/100/1 134/135/1 132/49/1
f 72/144/1 120/145/1 124/132/1 119/133/1
f 22/146/1 23/147/1 21/16/1 20/15/1
f 135/148/1 129/98/1 112/130/1 114/139/1
f 52/143/1 47/46/1 46/22/1 53/21/1
f 106/149/1 104/107/1 179/110/1 186/150/1
f 74/93/1 73/96/1 64/151/1 65/102/1
f 135/148/1 136/152/1 127/99/1 129/98/1
f 109/95/1 182/136/1 183/153/1 120/145/1
f 125/154/1 108/155/1 178/156/1 175/157/1
f 132/49/1 122/48/1 110/129/1 128/97/1
f 64/151/1 73/96/1 72/144/1 63/158/1
f 144/159/1 149/160/1 148/60/1 142/13/1
f 141/161/1 140/162/1 127/99/1 136/152/1
f 139/163/1 144/159/1 142/13/1 137/12/1
f 150/164/1 149/160/1 144/159/1 145/165/1
f 183/153/1 122/48/1 123/47/1 125/154/1 175/157/1
f 140/162/1 139/163/1 126/100/1 127/99/1
f 134/135/1 126/100/1 139/163/1 137/12/1
f 166/61/1 148/60/1 149/160/1 156/166/1
f 150/164/1 158/167/1 156/166/1 149/160/1
f 145/165/1 144/159/1 139/163/1 140/162/1
f 152/168/1 145/165/1 140/162/1 141/161/1
f 151/169/1 150/164/1 145/165/1 152/168/1
f 161/142/1 24/141/1 21/16/1 23/147/1
f 158/167/1 159/170/1 157/171/1 156/166/1
f 159/170/1 158/167/1 147/172/1 146/173/1
f 89/122/1 168/119/1 167/118/1 88/174/1
f 73/96/1 109/95/1 120/145/1 72/144/1
f 115/79/1 83/81/1 82/112/1 80/126/1
f 119/133/1 71/87/1 62/86/1 118/175/1
f 108/155/1 106/149/1 186/150/1 178/156/1
f 174/120/1 90/105/1 85/80/1 173/125/1
f 93/106/1 90/105/1 92/116/1 95/113/1
f 67/42/1 68/41/1 101/69/1 79/62/1
f 70/77/1 69/67/1 60/176/1 61/85/1
f 79/62/1 101/69/1 180/109/1 177/128/1
f 56/37/1 55/40/1 45/34/1 46/22/1
f 18/177/1 17/6/1 21/16/1 24/141/1
f 35/29/1 31/53/1 28/52/1 32/30/1
f 12/178/1 160/179/1 5/32/1 9/4/1
f 160/179/5 6/180/5 4/181/5 5/32/5
f 349/182/6 213/183/6 206/184/6 348/185/6
f 130/50/1 132/49/1 134/135/1 131/134/1
f 26/10/1 19/9/1 18/177/1 24/141/1
f 31/53/1 35/29/1 33/20/1 30/19/1
f 30/19/1 29/18/1 27/186/1 162/8/1
f 31/53/1 30/19/1 162/8/1 163/7/1
f 150/164/1 151/169/1 147/172/1 158/167/1
f 19/9/1 15/187/1 13/188/1 18/177/1
f 98/114/7 95/113/7 94/115/7 97/189/7
f 117/123/1 172/63/1 171/66/1 99/190/1
f 154/75/1 166/61/1 156/166/1 157/171/1
f 69/67/1 68/41/1 59/44/1 60/176/1
f 113/191/1 111/94/1 74/93/1 75/101/1
f 173/125/1 86/124/1 87/121/1 174/120/1
f 63/158/1 72/144/1 119/133/1 118/175/1
f 160/179/1 12/178/1 14/192/1 7/193/1
f 18/177/1 13/188/1 11/3/1 17/6/1
f 13/188/1 12/178/1 9/4/1 11/3/1
f 162/8/1 27/186/1 15/187/1 19/9/1
f 34/28/1 49/72/1 48/17/1 33/20/1
f 15/187/1 14/192/1 12/178/1 13/188/1
f 5/32/8 4/181/8 2/194/8 1/33/8
f 160/179/1 7/193/1 3/195/1 6/180/1
f 153/58/1 166/61/1 154/75/1 165/74/1
f 187/137/1 111/94/1 113/191/1 188/140/1
f 182/136/1 109/95/1 111/94/1 187/137/1
f 176/84/1 78/38/1 170/57/1 184/104/1
f 186/150/1 105/78/1 107/88/1 178/156/1
f 179/110/1 103/68/1 105/78/1 186/150/1
f 319/196/6 324/197/6 328/198/6 323/199/6
f 185/83/1 77/39/1 78/38/1 176/84/1
f 177/128/1 99/190/1 171/66/1 184/104/1
f 180/109/1 101/69/1 103/68/1 179/110/1
f 182/136/1 110/129/1 122/48/1 183/153/1
f 180/109/1 102/108/1 99/190/1 177/128/1
f 178/156/1 107/88/1 124/132/1 175/157/1
f 185/83/1 81/82/1 100/127/1 181/131/1
f 175/157/1 124/132/1 120/145/1 183/153/1
f 195/200/6 196/201/6 198/90/6 197/89/6
f 207/202/9 203/92/9 204/91/9 208/203/9
f 235/204/6 220/205/6 217/206/6 216/207/6
f 240/208/6 238/209/6 229/210/6 233/211/6
f 223/212/6 221/213/6 225/214/6 226/215/6
f 222/216/6 223/212/6 224/217/6 219/218/6
f 196/201/6 195/200/6 121/219/6 192/220/6
f 229/210/6 228/221/6 232/222/6 233/211/6
f 226/215/6 225/214/6 228/221/6 229/210/6
f 220/205/6 221/213/6 223/212/6 222/216/6
f 238/209/6 227/223/6 226/215/6 229/210/6
f 243/224/6 242/225/6 264/226/6 265/227/6
f 255/228/6 246/229/6 245/230/6 254/231/6
f 227/223/6 224/217/6 223/212/6 226/215/6
f 355/232/6 234/233/6 233/211/6 243/224/6
f 309/234/6 316/235/6 318/236/6 308/237/6
f 349/182/6 218/238/6 215/239/6 350/240/6
f 230/241/6 228/221/6 225/214/6 237/242/6
f 228/221/6 230/241/6 231/243/6 232/222/6
f 355/232/6 243/224/6 265/227/6 356/244/6
f 339/245/6 352/246/6 334/247/6 329/248/6
f 356/244/6 266/249/6 254/231/6 355/232/6
f 358/250/6 357/251/6 271/252/6 303/253/6
f 256/254/6 255/228/6 288/255/6 290/256/6
f 263/257/6 264/226/6 242/225/6 241/258/6
f 237/242/6 225/214/6 221/213/6 236/259/6
f 232/222/6 231/243/6 241/258/6 242/225/6
f 254/231/6 245/230/6 244/260/6 355/232/6
f 351/261/6 341/262/6 340/263/6
f 257/264/6 256/254/6 290/256/6 292/265/6
f 302/266/6 270/267/6 272/268/6 303/253/6
f 271/252/6 362/269/6 371/270/6 268/271/6
f 248/272/6 257/264/6 258/273/6 249/274/6
f 292/265/6 294/275/6 258/273/6 257/264/6
f 261/276/6 260/277/6 296/278/6 298/279/6
f 314/280/6 312/281/6 313/282/6 315/283/6
f 262/284/6 253/285/6 252/286/6 261/276/6
f 357/251/6 370/287/6 362/269/6 271/252/6
f 277/288/6 272/268/6 270/267/6 280/289/6
f 324/197/6 329/248/6 334/247/6 328/198/6
f 291/290/6 365/291/6 366/292/6 289/293/6
f 270/267/6 269/294/6 283/295/6 280/289/6
f 282/296/6 280/289/6 283/295/6 285/297/6
f 281/298/6 278/299/6 279/300/6 282/296/6
f 353/301/6 274/302/6 360/303/6 354/304/6
f 278/299/6 276/305/6 354/304/6 279/300/6
f 358/250/6 359/306/6 273/307/6 304/308/6
f 277/288/6 279/300/6 354/304/6 360/303/6
f 267/309/6 302/266/6 268/271/6 287/310/6
f 356/244/6 370/287/6 363/311/6 266/249/6
f 314/280/6 315/283/6 299/312/6 297/313/6
f 303/253/6 272/268/6 359/306/6 358/250/6
f 264/226/6 263/257/6 367/314/6 371/270/6
f 310/315/6 306/316/6 258/273/6 294/275/6
f 317/317/6 319/196/6 323/199/6 320/318/6
f 299/312/6 373/319/6 368/320/6 297/313/6
f 350/240/6 212/321/6 213/183/6 349/182/6
f 301/322/6 374/323/6 373/319/6 299/312/6
f 302/266/6 303/253/6 271/252/6 268/271/6
f 212/321/6 347/324/6 211/325/6 213/183/6
f 239/326/6 234/233/6 355/232/6 244/260/6
f 314/280/6 318/236/6 320/318/6 312/281/6
f 259/327/6 306/316/6 310/315/6 307/328/6
f 209/329/6 207/202/6 208/203/6 210/330/6
f 321/331/6 301/322/6 299/312/6 315/283/6
f 239/326/6 240/208/6 233/211/6 234/233/6
f 293/332/6 372/333/6 365/291/6 291/290/6
f 261/276/6 252/286/6 251/334/6 260/277/6
f 321/331/6 315/283/6 313/282/6 322/335/6
f 296/278/6 307/328/6 369/336/6 368/320/6
f 311/337/6 361/338/6 364/339/6 295/340/6
f 318/236/6 314/280/6 297/313/6 308/237/6
f 251/334/6 250/341/6 259/327/6 260/277/6
f 330/342/6 328/198/6 334/247/6 335/343/6
f 327/344/6 322/335/6 313/282/6 326/345/6
f 325/346/6 323/199/6 328/198/6 330/342/6
f 336/347/6 331/348/6 330/342/6 335/343/6
f 369/336/6 361/338/6 311/337/6 309/234/6 308/237/6
f 326/345/6 313/282/6 312/281/6 325/346/6
f 320/318/6 323/199/6 325/346/6 312/281/6
f 352/246/6 342/349/6 335/343/6 334/247/6
f 336/347/6 335/343/6 342/349/6 344/350/6
f 331/348/6 326/345/6 325/346/6 330/342/6
f 338/351/6 327/344/6 326/345/6 331/348/6
f 337/352/6 338/351/6 331/348/6 336/347/6
f 347/324/6 210/330/6 208/203/6 211/325/6
f 344/350/6 342/349/6 343/353/6 345/354/6
f 345/354/6 332/355/6 333/356/6 344/350/6
f 276/305/6 275/357/6 353/301/6 354/304/6
f 260/277/6 259/327/6 307/328/6 296/278/6
f 302/266/6 267/309/6 269/294/6 270/267/6
f 306/316/6 305/358/6 249/274/6 258/273/6
f 295/340/6 364/339/6 372/333/6 293/332/6
f 360/303/6 359/306/6 272/268/6 277/288/6
f 280/289/6 282/296/6 279/300/6 277/288/6
f 254/231/6 266/249/6 288/255/6 255/228/6
f 257/264/6 248/272/6 247/359/6 256/254/6
f 266/249/6 363/311/6 366/292/6 288/255/6
f 243/224/6 233/211/6 232/222/6 242/225/6
f 205/360/6 211/325/6 208/203/6 204/91/6
f 222/216/6 219/218/6 215/239/6 218/238/6
f 199/361/6 196/201/6 192/220/6 346/362/6
f 346/362/10 192/220/10 191/363/10 193/364/10
f 316/235/6 317/317/6 320/318/6 318/236/6
f 213/183/6 211/325/6 205/360/6 206/184/6
f 218/238/6 217/206/6 220/205/6 222/216/6
f 217/206/6 348/185/6 214/365/6 216/207/6
f 218/238/6 349/182/6 348/185/6 217/206/6
f 336/347/6 344/350/6 333/356/6 337/352/6
f 206/184/6 205/360/6 200/366/6 202/367/6
f 285/297/11 284/368/11 281/298/11 282/296/11
f 304/308/6 286/369/6 357/251/6 358/250/6
f 340/263/6 343/353/6 342/349/6 352/246/6
f 256/254/6 247/359/6 246/229/6 255/228/6
f 300/370/6 262/284/6 261/276/6 298/279/6
f 359/306/6 360/303/6 274/302/6 273/307/6
f 250/341/6 305/358/6 306/316/6 259/327/6
f 346/362/6 194/371/6 201/372/6 199/361/6
f 205/360/6 204/91/6 198/90/6 200/366/6
f 200/366/6 198/90/6 196/201/6 199/361/6
f 348/185/6 206/184/6 202/367/6 214/365/6
f 221/213/6 220/205/6 235/204/6 236/259/6
f 202/367/6 200/366/6 199/361/6 201/372/6
f 192/220/12 121/219/12 189/373/12 191/363/12
f 346/362/6 193/364/6 190/374/6 194/371/6
f 339/245/6 351/261/6 340/263/6 352/246/6
f 373/319/6 374/323/6 300/370/6 298/279/6
f 368/320/6 373/319/6 298/279/6 296/278/6
f 362/269/6 370/287/6 356/244/6 265/227/6
f 372/333/6 364/339/6 294/275/6 292/265/6
f 365/291/6 372/333/6 292/265/6 290/256/6
f 371/270/6 362/269/6 265/227/6 264/226/6
f 363/311/6 370/287/6 357/251/6 286/369/6
f 366/292/6 365/291/6 290/256/6 288/255/6
f 368/320/6 369/336/6 308/237/6 297/313/6
f 366/292/6 363/311/6 286/369/6 289/293/6
f 364/339/6 361/338/6 310/315/6 294/275/6
f 371/270/6 367/314/6 287/310/6 268/271/6
f 361/338/6 369/336/6 307/328/6 310/315/6
f 181/375/13 100/376/13 287/377/13 367/378/13
f 125/379/14 123/380/14 309/381/14 311/382/14
f 154/383/15 157/384/15 343/385/15 340/386/15
f 113/387/16 75/388/16 262/389/16 300/390/16
f 25/391/17 161/392/17 347/393/17 212/394/17
f 54/395/18 76/396/18 263/397/18 241/398/18
f 59/399/19 58/400/19 245/401/19 246/402/19
f 75/388/20 66/403/20 253/404/20 262/389/20
f 53/405/21 51/406/21 238/407/21 240/408/21
f 117/409/22 99/410/22 286/411/22 304/412/22
f 44/413/23 54/395/23 241/398/23 231/414/23
f 37/415/24 32/416/24 219/417/24 224/418/24
f 114/419/25 188/420/25 374/421/25 301/422/25
f 28/423/26 164/424/26 350/425/26 215/426/26
f 99/410/27 102/427/27 289/428/27 286/411/27
f 141/429/28 136/430/28 322/431/28 327/432/28
f 161/392/29 23/433/29 210/434/29 347/393/29
f 86/435/30 117/436/30 304/437/30 273/438/30
f 97/439/31 94/440/31 281/441/31 284/442/31
f 43/443/32 44/413/32 231/414/32 230/444/32
f 80/445/33 82/446/33 269/447/33 267/448/33
f 23/433/34 22/449/34 209/450/34 210/434/34
f 2/451/35 4/452/35 191/453/35 189/454/35
f 52/455/36 53/405/36 240/408/36 239/456/36
f 138/457/37 143/458/37 329/459/37 324/460/37
f 3/461/38 7/462/38 194/463/38 190/464/38
f 57/465/39 52/455/39 239/456/39 244/466/39
f 40/467/40 37/415/40 224/418/40 227/468/40
f 8/469/41 1/470/41 121/471/41 195/472/41
f 4/452/42 6/473/42 193/474/42 191/453/42
f 20/475/43 16/476/43 203/477/43 207/478/43
f 62/479/44 61/480/44 248/481/44 249/482/44
f 63/483/45 118/484/45 305/485/45 250/486/45
f 102/427/46 104/487/46 291/488/46 289/428/46
f 167/489/47 87/490/47 274/491/47 353/492/47
f 22/449/48 20/475/48 207/478/48 209/450/48
f 88/493/49 167/489/49 353/492/49 275/494/49
f 7/462/50 14/495/50 201/496/50 194/463/50
f 60/497/51 59/399/51 246/402/51 247/498/51
f 106/499/52 108/500/52 295/501/52 293/502/52
f 10/503/53 8/469/53 195/472/53 197/504/53
f 152/505/54 141/429/54 327/432/54 338/506/54
f 98/507/55 97/508/55 284/509/55 285/510/55
f 104/487/56 106/499/56 293/502/56 291/488/56
f 61/480/57 60/497/57 247/498/57 248/481/57
f 123/380/58 130/511/58 316/512/58 309/381/58
f 146/513/59 147/514/59 333/515/59 332/516/59
f 143/458/60 153/517/60 339/518/60 329/459/60
f 130/511/61 131/519/61 317/520/61 316/512/61
f 14/495/62 15/521/62 202/522/62 201/496/62
f 76/396/13 181/375/13 367/378/13 263/397/13
f 131/519/63 133/523/63 319/524/63 317/520/63
f 15/525/64 27/526/64 214/527/64 202/528/64
f 64/529/65 63/483/65 250/486/65 251/530/65
f 29/531/66 48/532/66 235/533/66 216/534/66
f 27/526/67 29/531/67 216/534/67 214/527/67
f 155/535/68 154/383/68 340/386/68 341/536/68
f 48/532/69 49/537/69 236/538/69 235/533/69
f 135/539/70 114/419/70 301/422/70 321/540/70
f 108/500/71 125/541/71 311/542/71 295/501/71
f 91/543/72 89/544/72 276/545/72 278/546/72
f 157/384/73 159/547/73 345/548/73 343/385/73
f 58/400/74 57/549/74 244/550/74 245/401/74
f 118/484/75 62/479/75 249/482/75 305/485/75
f 159/547/76 146/551/76 332/552/76 345/548/76
f 65/553/77 64/529/77 251/530/77 252/554/77
f 49/537/78 50/555/78 237/556/78 236/538/78
f 136/430/79 135/539/79 321/540/79 322/431/79
f 94/440/80 91/543/80 278/546/80 281/441/80
f 147/514/81 151/557/81 337/558/81 333/515/81
f 51/406/82 40/467/82 227/468/82 238/407/82
f 89/544/83 88/559/83 275/560/83 276/545/83
f 164/424/84 25/391/84 212/394/84 350/425/84
f 1/470/85 2/561/85 189/562/85 121/471/85
f 82/446/86 96/563/86 283/564/86 269/447/86
f 151/557/87 152/505/87 338/506/87 337/558/87
f 32/416/88 28/423/88 215/426/88 219/417/88
f 16/565/89 10/503/89 197/504/89 203/566/89
f 96/563/90 98/507/90 285/510/90 283/564/90
f 66/567/91 65/553/91 252/554/91 253/568/91
f 188/420/25 113/387/25 300/390/25 374/421/25
f 133/569/92 138/457/92 324/460/92 319/570/92
f 50/555/93 43/443/93 230/444/93 237/556/93
f 100/376/94 80/445/94 267/448/94 287/377/94
f 153/517/95 165/571/95 351/572/95 339/518/95
f 6/473/96 3/573/96 190/574/96 193/474/96
f 87/490/97 86/435/97 273/438/97 274/491/97
f 165/571/98 155/575/98 341/576/98 351/572/98
f 382/577/6 383/578/6 385/579/6 384/580/6
f 384/580/99 385/579/99 391/581/99 390/582/99
f 537/583/6 400/584/6 393/585/6 536/586/6
f 507/587/6 512/588/6 516/589/6 511/590/6
f 394/591/100 390/582/100 391/581/100 395/592/100
f 422/593/6 407/594/6 404/595/6 403/596/6
f 427/597/6 425/598/6 416/599/6 420/600/6
f 410/601/6 408/602/6 412/603/6 413/604/6
f 409/605/6 410/601/6 411/606/6 406/607/6
f 383/578/6 382/577/6 375/608/6 379/609/6
f 416/599/6 415/610/6 419/611/6 420/600/6
f 413/604/6 412/603/6 415/610/6 416/599/6
f 407/594/6 408/602/6 410/601/6 409/605/6
f 425/598/6 414/612/6 413/604/6 416/599/6
f 430/613/6 429/614/6 451/615/6 452/616/6
f 442/617/6 433/618/6 432/619/6 441/620/6
f 414/612/6 411/606/6 410/601/6 413/604/6
f 543/621/6 421/622/6 420/600/6 430/613/6
f 497/623/6 504/624/6 506/625/6 496/626/6
f 537/583/6 405/627/6 402/628/6 538/629/6
f 417/630/6 415/610/6 412/603/6 424/631/6
f 415/610/6 417/630/6 418/632/6 419/611/6
f 543/621/6 430/613/6 452/616/6 544/633/6
f 527/634/6 540/635/6 522/636/6 517/637/6
f 544/633/6 453/638/6 441/620/6 543/621/6
f 546/639/6 545/640/6 458/641/6 490/642/6
f 443/643/6 442/617/6 475/644/6 477/645/6
f 450/646/6 451/615/6 429/614/6 428/647/6
f 424/631/6 412/603/6 408/602/6 423/648/6
f 419/611/6 418/632/6 428/647/6 429/614/6
f 441/620/6 432/619/6 431/649/6 543/621/6
f 539/650/6 529/651/6 528/652/6
f 444/653/6 443/643/6 477/645/6 479/654/6
f 489/655/6 457/656/6 459/657/6 490/642/6
f 458/641/6 550/658/6 559/659/6 455/660/6
f 435/661/6 444/653/6 445/662/6 436/663/6
f 479/654/6 481/664/6 445/662/6 444/653/6
f 571/665/101 577/666/101 578/667/101 572/668/101
f 448/669/6 447/670/6 483/671/6 485/672/6
f 502/673/6 500/674/6 501/675/6 503/676/6
f 449/677/6 440/678/6 439/679/6 448/669/6
f 545/640/6 558/680/6 550/658/6 458/641/6
f 464/681/6 459/657/6 457/656/6 467/682/6
f 512/588/6 517/637/6 522/636/6 516/589/6
f 478/683/6 553/684/6 554/685/6 476/686/6
f 457/656/6 456/687/6 470/688/6 467/682/6
f 469/689/6 467/682/6 470/688/6 472/690/6
f 468/691/6 465/692/6 466/693/6 469/689/6
f 541/694/6 461/695/6 548/696/6 542/697/6
f 465/692/6 463/698/6 542/697/6 466/693/6
f 546/639/6 547/699/6 460/700/6 491/701/6
f 464/681/6 466/693/6 542/697/6 548/696/6
f 454/702/6 489/655/6 455/660/6 474/703/6
f 544/633/6 558/680/6 551/704/6 453/638/6
f 502/673/6 503/676/6 486/705/6 484/706/6
f 490/642/6 459/657/6 547/699/6 546/639/6
f 451/615/6 450/646/6 555/707/6 559/659/6
f 498/708/6 493/709/6 445/662/6 481/664/6
f 505/710/6 507/587/6 511/590/6 508/711/6
f 486/705/6 561/712/6 556/713/6 484/706/6
f 538/629/6 399/714/6 400/584/6 537/583/6
f 488/715/6 562/716/6 561/712/6 486/705/6
f 489/655/6 490/642/6 458/641/6 455/660/6
f 399/714/6 535/717/6 398/718/6 400/584/6
f 426/719/6 421/622/6 543/621/6 431/649/6
f 502/673/6 506/625/6 508/711/6 500/674/6
f 446/720/6 493/709/6 498/708/6 494/721/6
f 396/722/6 394/591/6 395/592/6 397/723/6
f 509/724/6 488/715/6 486/705/6 503/676/6
f 426/719/6 427/597/6 420/600/6 421/622/6
f 480/725/6 560/726/6 553/684/6 478/683/6
f 448/669/6 439/679/6 438/727/6 447/670/6
f 509/724/6 503/676/6 501/675/6 510/728/6
f 483/671/6 494/721/6 557/729/6 556/713/6
f 499/730/6 549/731/6 552/732/6 482/733/6
f 506/625/6 502/673/6 484/706/6 496/626/6
f 438/727/6 437/734/6 446/720/6 447/670/6
f 518/735/6 516/589/6 522/636/6 523/736/6
f 515/737/6 510/728/6 501/675/6 514/738/6
f 513/739/6 511/590/6 516/589/6 518/735/6
f 524/740/6 519/741/6 518/735/6 523/736/6
f 557/729/6 549/731/6 499/730/6 497/623/6 496/626/6
f 514/738/6 501/675/6 500/674/6 513/739/6
f 508/711/6 511/590/6 513/739/6 500/674/6
f 540/635/6 530/742/6 523/736/6 522/636/6
f 524/740/6 523/736/6 530/742/6 532/743/6
f 519/741/6 514/738/6 513/739/6 518/735/6
f 526/744/6 515/737/6 514/738/6 519/741/6
f 525/745/6 526/744/6 519/741/6 524/740/6
f 535/717/6 397/723/6 395/592/6 398/718/6
f 532/743/6 530/742/6 531/746/6 533/747/6
f 533/747/6 520/748/6 521/749/6 532/743/6
f 463/698/6 462/750/6 541/694/6 542/697/6
f 447/670/6 446/720/6 494/721/6 483/671/6
f 489/655/6 454/702/6 456/687/6 457/656/6
f 493/709/6 492/751/6 436/663/6 445/662/6
f 482/733/6 552/732/6 560/726/6 480/725/6
f 548/696/6 547/699/6 459/657/6 464/681/6
f 467/682/6 469/689/6 466/693/6 464/681/6
f 441/620/6 453/638/6 475/644/6 442/617/6
f 444/653/6 435/661/6 434/752/6 443/643/6
f 453/638/6 551/704/6 554/685/6 475/644/6
f 430/613/6 420/600/6 419/611/6 429/614/6
f 392/753/6 398/718/6 395/592/6 391/581/6
f 409/605/6 406/607/6 402/628/6 405/627/6
f 386/754/6 383/578/6 379/609/6 534/755/6
f 534/755/102 379/609/102 378/756/102 380/757/102
f 723/758/1 722/759/1 580/760/1 587/761/1
f 504/624/6 505/710/6 508/711/6 506/625/6
f 400/584/6 398/718/6 392/753/6 393/585/6
f 405/627/6 404/595/6 407/594/6 409/605/6
f 404/595/6 536/586/6 401/762/6 403/596/6
f 405/627/6 537/583/6 536/586/6 404/595/6
f 524/740/6 532/743/6 521/749/6 525/745/6
f 393/585/6 392/753/6 387/763/6 389/764/6
f 472/690/103 471/765/103 468/691/103 469/689/103
f 491/701/6 473/766/6 545/640/6 546/639/6
f 528/652/6 531/746/6 530/742/6 540/635/6
f 443/643/6 434/752/6 433/618/6 442/617/6
f 487/767/6 449/677/6 448/669/6 485/672/6
f 547/699/6 548/696/6 461/695/6 460/700/6
f 437/734/6 492/751/6 493/709/6 446/720/6
f 534/755/6 381/768/6 388/769/6 386/754/6
f 392/753/6 391/581/6 385/579/6 387/763/6
f 387/763/6 385/579/6 383/578/6 386/754/6
f 536/586/6 393/585/6 389/764/6 401/762/6
f 408/602/6 407/594/6 422/593/6 423/648/6
f 389/764/6 387/763/6 386/754/6 388/769/6
f 379/609/104 375/608/104 376/770/104 378/756/104
f 534/755/6 380/757/6 377/771/6 381/768/6
f 527/634/6 539/650/6 528/652/6 540/635/6
f 561/712/6 562/716/6 487/767/6 485/672/6
f 556/713/6 561/712/6 485/672/6 483/671/6
f 550/658/6 558/680/6 544/633/6 452/616/6
f 560/726/6 552/732/6 481/664/6 479/654/6
f 553/684/6 560/726/6 479/654/6 477/645/6
f 693/772/1 697/773/1 702/774/1 698/775/1
f 559/659/6 550/658/6 452/616/6 451/615/6
f 551/704/6 558/680/6 545/640/6 473/766/6
f 554/685/6 553/684/6 477/645/6 475/644/6
f 556/713/6 557/729/6 496/626/6 484/706/6
f 554/685/6 551/704/6 473/766/6 476/686/6
f 552/732/6 549/731/6 498/708/6 481/664/6
f 559/659/6 555/707/6 474/703/6 455/660/6
f 549/731/6 557/729/6 494/721/6 498/708/6
f 569/776/1 571/665/1 572/668/1 570/777/1
f 581/778/105 582/779/105 578/667/105 577/666/105
f 609/780/1 590/781/1 591/782/1 594/783/1
f 614/784/1 607/785/1 603/786/1 612/787/1
f 597/788/1 600/789/1 599/790/1 595/791/1
f 596/792/1 593/793/1 598/794/1 597/788/1
f 570/777/1 566/795/1 495/796/1 569/776/1
f 603/786/1 607/785/1 606/797/1 602/798/1
f 600/789/1 603/786/1 602/798/1 599/790/1
f 594/783/1 596/792/1 597/788/1 595/791/1
f 612/787/1 603/786/1 600/789/1 601/799/1
f 617/800/1 639/801/1 638/802/1 616/803/1
f 629/804/1 628/805/1 619/806/1 620/807/1
f 601/799/1 600/789/1 597/788/1 598/794/1
f 729/808/1 617/800/1 607/785/1 608/809/1
f 683/810/1 682/811/1 692/812/1 690/813/1
f 723/758/1 724/814/1 589/815/1 592/816/1
f 604/817/1 611/818/1 599/790/1 602/798/1
f 602/798/1 606/797/1 605/819/1 604/817/1
f 729/808/1 730/820/1 639/801/1 617/800/1
f 713/821/1 703/822/1 708/823/1 726/824/1
f 730/820/1 729/808/1 628/805/1 640/825/1
f 732/826/1 677/827/1 645/828/1 731/829/1
f 630/830/1 664/831/1 662/832/1 629/804/1
f 637/833/1 615/834/1 616/803/1 638/802/1
f 611/818/1 610/835/1 595/791/1 599/790/1
f 606/797/1 616/803/1 615/834/1 605/819/1
f 628/805/1 729/808/1 618/836/1 619/806/1
f 725/837/1 714/838/1 715/839/1
f 631/840/1 666/841/1 664/831/1 630/830/1
f 676/842/1 677/827/1 646/843/1 644/844/1
f 645/828/1 642/845/1 745/846/1 736/847/1
f 622/848/1 623/849/1 632/850/1 631/840/1
f 666/841/1 631/840/1 632/850/1 668/851/1
f 635/852/1 672/853/1 670/854/1 634/855/1
f 688/856/1 689/857/1 687/858/1 686/859/1
f 636/860/1 635/852/1 626/861/1 627/862/1
f 731/829/1 645/828/1 736/847/1 744/863/1
f 651/864/1 654/865/1 644/844/1 646/843/1
f 698/775/1 702/774/1 708/823/1 703/822/1
f 665/866/1 663/867/1 740/868/1 739/869/1
f 644/844/1 654/865/1 657/870/1 643/871/1
f 656/872/1 659/873/1 657/870/1 654/865/1
f 655/874/1 656/872/1 653/875/1 652/876/1
f 727/877/1 728/878/1 734/879/1 648/880/1
f 652/876/1 653/875/1 728/878/1 650/881/1
f 732/826/1 678/882/1 647/883/1 733/884/1
f 651/864/1 734/879/1 728/878/1 653/875/1
f 641/885/1 661/886/1 642/845/1 676/842/1
f 730/820/1 640/825/1 737/887/1 744/863/1
f 688/856/1 671/888/1 673/889/1 689/857/1
f 677/827/1 732/826/1 733/884/1 646/843/1
f 638/802/1 745/846/1 741/890/1 637/833/1
f 684/891/1 668/851/1 632/850/1 680/892/1
f 691/893/1 694/894/1 697/773/1 693/772/1
f 673/889/1 671/888/1 742/895/1 747/896/1
f 724/814/1 723/758/1 587/761/1 586/897/1
f 675/898/1 673/889/1 747/896/1 748/899/1
f 676/842/1 642/845/1 645/828/1 677/827/1
f 586/897/1 587/761/1 585/900/1 721/901/1
f 613/902/1 618/836/1 729/808/1 608/809/1
f 688/856/1 686/859/1 694/894/1 692/812/1
f 633/903/1 681/904/1 684/891/1 680/892/1
f 583/905/1 584/906/1 582/779/1 581/778/1
f 695/907/1 689/857/1 673/889/1 675/898/1
f 613/902/1 608/809/1 607/785/1 614/784/1
f 667/908/1 665/866/1 739/869/1 746/909/1
f 635/852/1 634/855/1 625/910/1 626/861/1
f 695/907/1 696/911/1 687/858/1 689/857/1
f 670/854/1 742/895/1 743/912/1 681/904/1
f 685/913/1 669/914/1 738/915/1 735/916/1
f 692/812/1 682/811/1 671/888/1 688/856/1
f 625/910/1 634/855/1 633/903/1 624/917/1
f 704/918/1 709/919/1 708/823/1 702/774/1
f 701/920/1 700/921/1 687/858/1 696/911/1
f 699/922/1 704/918/1 702/774/1 697/773/1
f 710/923/1 709/919/1 704/918/1 705/924/1
f 743/912/1 682/811/1 683/810/1 685/913/1 735/916/1
f 700/921/1 699/922/1 686/859/1 687/858/1
f 694/894/1 686/859/1 699/922/1 697/773/1
f 726/824/1 708/823/1 709/919/1 716/925/1
f 710/923/1 718/926/1 716/925/1 709/919/1
f 705/924/1 704/918/1 699/922/1 700/921/1
f 712/927/1 705/924/1 700/921/1 701/920/1
f 711/928/1 710/923/1 705/924/1 712/927/1
f 721/901/1 585/900/1 582/779/1 584/906/1
f 718/926/1 719/929/1 717/930/1 716/925/1
f 719/929/1 718/926/1 707/931/1 706/932/1
f 650/881/1 728/878/1 727/877/1 649/933/1
f 634/855/1 670/854/1 681/904/1 633/903/1
f 676/842/1 644/844/1 643/871/1 641/885/1
f 680/892/1 632/850/1 623/849/1 679/934/1
f 669/914/1 667/908/1 746/909/1 738/915/1
f 734/879/1 651/864/1 646/843/1 733/884/1
f 654/865/1 651/864/1 653/875/1 656/872/1
f 628/805/1 629/804/1 662/832/1 640/825/1
f 631/840/1 630/830/1 621/935/1 622/848/1
f 640/825/1 662/832/1 740/868/1 737/887/1
f 617/800/1 616/803/1 606/797/1 607/785/1
f 579/936/1 578/667/1 582/779/1 585/900/1
f 596/792/1 592/816/1 589/815/1 593/793/1
f 573/937/1 720/938/1 566/795/1 570/777/1
f 720/938/106 567/939/106 565/940/106 566/795/106
f 690/813/1 692/812/1 694/894/1 691/893/1
f 587/761/1 580/760/1 579/936/1 585/900/1
f 592/816/1 596/792/1 594/783/1 591/782/1
f 591/782/1 590/781/1 588/941/1 722/759/1
f 592/816/1 591/782/1 722/759/1 723/758/1
f 710/923/1 711/928/1 707/931/1 718/926/1
f 580/760/1 576/942/1 574/943/1 579/936/1
f 659/873/107 656/872/107 655/874/107 658/944/107
f 678/882/1 732/826/1 731/829/1 660/945/1
f 714/838/1 726/824/1 716/925/1 717/930/1
f 630/830/1 629/804/1 620/807/1 621/935/1
f 674/946/1 672/853/1 635/852/1 636/860/1
f 733/884/1 647/883/1 648/880/1 734/879/1
f 624/917/1 633/903/1 680/892/1 679/934/1
f 720/938/1 573/937/1 575/947/1 568/948/1
f 579/936/1 574/943/1 572/668/1 578/667/1
f 574/943/1 573/937/1 570/777/1 572/668/1
f 722/759/1 588/941/1 576/942/1 580/760/1
f 595/791/1 610/835/1 609/780/1 594/783/1
f 576/942/1 575/947/1 573/937/1 574/943/1
f 566/795/108 565/940/108 563/949/108 495/796/108
f 720/938/1 568/948/1 564/950/1 567/939/1
f 713/821/1 726/824/1 714/838/1 725/837/1
f 747/896/1 672/853/1 674/946/1 748/899/1
f 742/895/1 670/854/1 672/853/1 747/896/1
f 736/847/1 639/801/1 730/820/1 744/863/1
f 746/909/1 666/841/1 668/851/1 738/915/1
f 739/869/1 664/831/1 666/841/1 746/909/1
f 745/846/1 638/802/1 639/801/1 736/847/1
f 737/887/1 660/945/1 731/829/1 744/863/1
f 740/868/1 662/832/1 664/831/1 739/869/1
f 742/895/1 671/888/1 682/811/1 743/912/1
f 740/868/1 663/867/1 660/945/1 737/887/1
f 738/915/1 668/851/1 684/891/1 735/916/1
f 745/846/1 642/845/1 661/886/1 741/890/1
f 735/916/1 684/891/1 681/904/1 743/912/1
f 555/951/13 741/952/13 661/953/13 474/954/13
f 499/955/14 685/956/14 683/957/14 497/958/14
f 528/383/15 714/959/15 717/960/15 531/961/15
f 487/962/16 674/963/16 636/964/16 449/965/16
f 399/966/17 586/967/17 721/968/17 535/969/17
f 428/970/18 615/971/18 637/972/18 450/973/18
f 433/974/19 620/975/19 619/976/19 432/977/19
f 449/965/20 636/964/20 627/978/20 440/979/20
f 427/980/21 614/981/21 612/982/21 425/983/21
f 491/984/22 678/985/22 660/986/22 473/987/22
f 418/988/23 605/989/23 615/971/23 428/970/23
f 411/990/24 598/991/24 593/992/24 406/993/24
f 488/994/25 675/995/25 748/996/25 562/997/25
f 402/998/26 589/999/26 724/1000/26 538/1001/26
f 473/987/27 660/986/27 663/1002/27 476/1003/27
f 515/1004/28 701/1005/28 696/1006/28 510/1007/28
f 535/969/29 721/968/29 584/1008/29 397/1009/29
f 460/1010/30 647/1011/30 678/1012/30 491/1013/30
f 471/439/31 658/1014/31 655/1015/31 468/1016/31
f 417/1017/32 604/1018/32 605/989/32 418/988/32
f 454/1019/33 641/1020/33 643/1021/33 456/1022/33
f 397/1009/34 584/1008/34 583/1023/34 396/1024/34
f 376/1025/35 563/1026/35 565/1027/35 378/1028/35
f 426/1029/36 613/1030/36 614/981/36 427/980/36
f 512/1031/37 698/1032/37 703/1033/37 517/1034/37
f 377/461/38 564/1035/38 568/1036/38 381/1037/38
f 431/1038/39 618/1039/39 613/1030/39 426/1029/39
f 414/1040/40 601/1041/40 598/991/40 411/990/40
f 382/1042/41 569/1043/41 495/1044/41 375/1045/41
f 378/1028/42 565/1027/42 567/1046/42 380/1047/42
f 394/1048/43 581/1049/43 577/1050/43 390/1051/43
f 436/1052/44 623/1053/44 622/1054/44 435/1055/44
f 437/1056/45 624/1057/45 679/1058/45 492/1059/45
f 476/1003/46 663/1002/46 665/1060/46 478/1061/46
f 541/1062/47 727/1063/47 648/1064/47 461/1065/47
f 396/1024/48 583/1023/48 581/1049/48 394/1048/48
f 462/1066/49 649/1067/49 727/1063/49 541/1062/49
f 381/1037/50 568/1036/50 575/1068/50 388/1069/50
f 434/1070/51 621/1071/51 620/975/51 433/974/51
f 480/1072/52 667/1073/52 669/1074/52 482/1075/52
f 384/1076/53 571/1077/53 569/1043/53 382/1042/53
f 526/1078/54 712/1079/54 701/1005/54 515/1004/54
f 472/1080/55 659/1081/55 658/1082/55 471/1083/55
f 478/1061/56 665/1060/56 667/1073/56 480/1072/56
f 435/1055/57 622/1054/57 621/1071/57 434/1070/57
f 497/958/58 683/957/58 690/1084/58 504/1085/58
f 520/1086/59 706/1087/59 707/1088/59 521/1089/59
f 517/1034/60 703/1033/60 713/1090/60 527/1091/60
f 504/1085/61 690/1084/61 691/1092/61 505/1093/61
f 388/1069/62 575/1068/62 576/1094/62 389/1095/62
f 450/973/13 637/972/13 741/952/13 555/951/13
f 505/1093/63 691/1092/63 693/1096/63 507/1097/63
f 389/1098/64 576/1099/64 588/1100/64 401/1101/64
f 438/1102/65 625/1103/65 624/1057/65 437/1056/65
f 403/1104/66 590/1105/66 609/1106/66 422/1107/66
f 401/1101/67 588/1100/67 590/1105/67 403/1104/67
f 529/1108/68 715/1109/68 714/959/68 528/383/68
f 422/1107/69 609/1106/69 610/1110/69 423/1111/69
f 509/1112/70 695/1113/70 675/995/70 488/994/70
f 482/1075/71 669/1074/71 685/1114/71 499/1115/71
f 465/1116/72 652/1117/72 650/1118/72 463/1119/72
f 531/961/73 717/960/73 719/1120/73 533/1121/73
f 432/977/74 619/976/74 618/1122/74 431/1123/74
f 492/1059/75 679/1058/75 623/1053/75 436/1052/75
f 533/1121/76 719/1120/76 706/1124/76 520/551/76
f 439/1125/77 626/1126/77 625/1103/77 438/1102/77
f 423/1111/78 610/1110/78 611/1127/78 424/1128/78
f 510/1007/79 696/1006/79 695/1113/79 509/1112/79
f 468/1016/80 655/1015/80 652/1117/80 465/1116/80
f 521/1089/81 707/1088/81 711/1129/81 525/1130/81
f 425/983/82 612/982/82 601/1041/82 414/1040/82
f 463/1119/83 650/1118/83 649/1131/83 462/1132/83
f 538/1001/84 724/1000/84 586/967/84 399/966/84
f 375/1045/85 495/1044/85 563/1133/85 376/1134/85
f 456/1022/86 643/1021/86 657/1135/86 470/1136/86
f 525/1130/87 711/1129/87 712/1079/87 526/1078/87
f 406/993/88 593/992/88 589/999/88 402/998/88
f 390/1137/89 577/1138/89 571/1077/89 384/1076/89
f 470/1136/90 657/1135/90 659/1081/90 472/1080/90
f 440/1139/91 627/1140/91 626/1126/91 439/1125/91
f 562/997/25 748/996/25 674/963/25 487/962/25
f 507/1141/92 693/1142/92 698/1032/92 512/1031/92
f 424/1128/93 611/1127/93 604/1018/93 417/1017/93
f 474/954/94 661/953/94 641/1020/94 454/1019/94
f 527/1091/95 713/1090/95 725/1143/95 539/1144/95
f 380/1047/96 567/1046/96 564/1145/96 377/1146/96
f 461/1065/97 648/1064/97 647/1011/97 460/1010/97
f 539/1144/98 725/1143/98 715/1147/98 529/1148/98
f 749/1149/109 750/1150/109 752/1151/109 751/1152/109
f 751/1153/1 752/1154/1 756/1155/1 755/1156/1
f 755/1157/110 756/1158/110 754/1159/110 753/1160/110
f 753/1161/6 754/1162/6 750/1163/6 749/1164/6
f 751/1165/111 755/1166/111 753/1167/111 749/1168/111
f 756/1169/112 752/1170/112 750/1171/112 754/1172/112
s 1
f 807/1173/113 818/1174/114 769/1175/115 758/1176/116
f 831/1177/117 842/1178/118 819/1179/119 806/1180/120
f 841/1181/121 793/1182/122 770/1183/123 817/1184/124
f 759/1185/125 771/1186/126 795/1187/127 782/1188/128
f 783/1189/129 794/1190/130 843/1191/131 830/1192/132
f 757/1193/133 760/1194/134 762/1195/135 761/1196/136
f 760/1194/134 764/1197/137 765/1198/138 762/1195/135
f 758/1176/116 763/1199/139 765/1200/138 764/1201/137
f 763/1202/139 767/1203/140 768/1204/141 765/1205/138
f 759/1185/125 766/1206/142 768/1204/141 767/1203/140
f 766/1207/142 761/1196/136 762/1195/135 768/1208/141
f 762/1195/135 765/1198/138 768/1208/141
f 769/1175/115 772/1209/143 774/1210/144 773/1211/145
f 772/1212/143 776/1213/146 777/1214/147 774/1215/144
f 770/1183/123 775/1216/148 777/1214/147 776/1213/146
f 775/1217/148 779/1218/149 780/1219/150 777/1220/147
f 771/1186/126 778/1221/151 780/1219/150 779/1218/149
f 778/1221/151 773/1222/145 774/1223/144 780/1219/150
f 774/1223/144 777/1220/147 780/1219/150
f 781/1224/152 784/1225/153 786/1226/154 785/1227/155
f 784/1225/153 788/1228/156 789/1229/157 786/1226/154
f 782/1188/128 787/1230/158 789/1231/157 788/1232/156
f 787/1230/158 791/1233/159 792/1234/160 789/1231/157
f 783/1189/129 790/1235/161 792/1236/160 791/1237/159
f 790/1238/161 785/1227/155 786/1226/154 792/1239/160
f 786/1226/154 789/1229/157 792/1239/160
f 793/1182/122 796/1240/162 798/1241/163 797/1242/164
f 796/1240/162 800/1243/165 801/1244/166 798/1241/163
f 794/1190/130 799/1245/167 801/1246/166 800/1247/165
f 799/1248/167 803/1249/168 804/1250/169 801/1251/166
f 795/1187/127 802/1252/170 804/1250/169 803/1249/168
f 802/1252/170 797/1253/164 798/1254/163 804/1250/169
f 798/1254/163 801/1251/166 804/1250/169
f 805/1255/171 808/1256/172 810/1257/173 809/1258/174
f 808/1259/172 812/1260/175 813/1261/176 810/1262/173
f 806/1180/120 811/1263/177 813/1261/176 812/1260/175
f 811/1263/177 815/1264/178 816/1265/179 813/1261/176
f 807/1173/113 814/1266/180 816/1267/179 815/1268/178
f 814/1269/180 809/1258/174 810/1257/173 816/1270/179
f 810/1262/173 813/1261/176 816/1265/179
f 817/1184/124 820/1271/181 822/1272/182 821/1273/183
f 820/1271/181 824/1274/184 825/1275/185 822/1272/182
f 818/1174/114 823/1276/186 825/1277/185 824/1278/184
f 823/1279/186 827/1280/187 828/1281/188 825/1282/185
f 819/1179/119 826/1283/189 828/1281/188 827/1280/187
f 826/1284/189 821/1273/183 822/1272/182 828/1285/188
f 822/1272/182 825/1275/185 828/1285/188
f 829/1286/190 832/1287/191 834/1288/192 833/1289/193
f 832/1287/191 836/1290/194 837/1291/195 834/1288/192
f 830/1192/132 835/1292/196 837/1293/195 836/1294/194
f 835/1295/196 839/1296/197 840/1297/198 837/1298/195
f 831/1177/117 838/1299/199 840/1297/198 839/1296/197
f 838/1299/199 833/1300/193 834/1301/192 840/1297/198
f 834/1301/192 837/1298/195 840/1297/198
f 841/1181/121 844/1302/200 846/1303/201 845/1304/202
f 844/1302/200 848/1305/203 849/1306/204 846/1303/201
f 842/1178/118 847/1307/205 849/1308/204 848/1309/203
f 847/1307/205 851/1310/206 852/1311/207 849/1308/204
f 843/1191/131 850/1312/208 852/1313/207 851/1314/206
f 850/1315/208 845/1304/202 846/1303/201 852/1316/207
f 846/1303/201 849/1306/204 852/1316/207
f 781/1224/152 757/1193/133 761/1196/136 784/1225/153
f 784/1225/153 761/1196/136 766/1207/142 788/1228/156
f 788/1232/156 766/1206/142 759/1185/125 782/1188/128
f 758/1176/116 769/1175/115 773/1211/145 763/1199/139
f 763/1202/139 773/1222/145 778/1221/151 767/1203/140
f 767/1203/140 778/1221/151 771/1186/126 759/1185/125
f 770/1183/123 793/1182/122 797/1242/164 775/1216/148
f 775/1217/148 797/1253/164 802/1252/170 779/1218/149
f 779/1218/149 802/1252/170 795/1187/127 771/1186/126
f 794/1190/130 783/1189/129 791/1237/159 799/1245/167
f 799/1248/167 791/1233/159 787/1230/158 803/1249/168
f 803/1249/168 787/1230/158 782/1188/128 795/1187/127
f 829/1286/190 781/1224/152 785/1227/155 832/1287/191
f 832/1287/191 785/1227/155 790/1238/161 836/1290/194
f 836/1294/194 790/1235/161 783/1189/129 830/1192/132
f 793/1182/122 841/1181/121 845/1304/202 796/1240/162
f 796/1240/162 845/1304/202 850/1315/208 800/1243/165
f 800/1247/165 850/1312/208 843/1191/131 794/1190/130
f 842/1178/118 831/1177/117 839/1296/197 847/1307/205
f 847/1307/205 839/1296/197 835/1295/196 851/1310/206
f 851/1314/206 835/1292/196 830/1192/132 843/1191/131
f 805/1255/171 829/1286/190 833/1289/193 808/1256/172
f 808/1259/172 833/1300/193 838/1299/199 812/1260/175
f 812/1260/175 838/1299/199 831/1177/117 806/1180/120
f 841/1181/121 817/1184/124 821/1273/183 844/1302/200
f 844/1302/200 821/1273/183 826/1284/189 848/1305/203
f 848/1309/203 826/1283/189 819/1179/119 842/1178/118
f 818/1174/114 807/1173/113 815/1268/178 823/1276/186
f 823/1279/186 815/1264/178 811/1263/177 827/1280/187
f 827/1280/187 811/1263/177 806/1180/120 819/1179/119
f 757/1193/133 805/1255/171 809/1258/174 760/1194/134
f 760/1194/134 809/1258/174 814/1269/180 764/1197/137
f 764/1201/137 814/1266/180 807/1173/113 758/1176/116
f 817/1184/124 770/1183/123 776/1213/146 820/1271/181
f 820/1271/181 776/1213/146 772/1212/143 824/1274/184
f 824/1278/184 772/1209/143 769/1175/115 818/1174/114
f 781/1224/152 829/1286/190 805/1255/171 757/1193/133
f 903/1317/209 914/1318/210 865/1319/211 854/1320/212
f 927/1321/213 938/1322/214 915/1323/215 902/1324/216
f 937/1325/217 889/1326/218 866/1327/219 913/1328/220
f 855/1329/221 867/1330/222 891/1331/223 878/1332/224
f 879/1333/225 890/1334/226 939/1335/227 926/1336/228
f 853/1337/229 856/1338/230 858/1339/231 857/1340/136
f 856/1338/230 860/1341/232 861/1342/233 858/1339/231
f 854/1320/212 859/1343/234 861/1344/233 860/1345/232
f 859/1346/234 863/1347/235 864/1348/141 861/1349/233
f 855/1329/221 862/1350/236 864/1348/141 863/1347/235
f 862/1351/236 857/1340/136 858/1339/231 864/1352/141
f 858/1339/231 861/1342/233 864/1352/141
f 865/1319/211 868/1353/237 870/1354/238 869/1355/145
f 868/1356/237 872/1357/239 873/1358/240 870/1359/238
f 866/1327/219 871/1360/148 873/1358/240 872/1357/239
f 871/1361/148 875/1362/241 876/1363/150 873/1364/240
f 867/1330/222 874/1365/242 876/1363/150 875/1362/241
f 874/1365/242 869/1366/145 870/1367/238 876/1363/150
f 870/1367/238 873/1364/240 876/1363/150
f 877/1368/243 880/1369/244 882/1370/245 881/1371/246
f 880/1369/244 884/1372/247 885/1373/157 882/1370/245
f 878/1332/224 883/1374/248 885/1375/157 884/1376/247
f 883/1374/248 887/1377/249 888/1378/250 885/1375/157
f 879/1333/225 886/1379/251 888/1380/250 887/1381/249
f 886/1382/251 881/1371/246 882/1370/245 888/1383/250
f 882/1370/245 885/1373/157 888/1383/250
f 889/1326/218 892/1384/252 894/1385/253 893/1386/164
f 892/1384/252 896/1387/254 897/1388/255 894/1385/253
f 890/1334/226 895/1389/167 897/1390/255 896/1391/254
f 895/1392/167 899/1393/256 900/1394/257 897/1395/255
f 891/1331/223 898/1396/258 900/1394/257 899/1393/256
f 898/1396/258 893/1397/164 894/1398/253 900/1394/257
f 894/1398/253 897/1395/255 900/1394/257
f 901/1399/259 904/1400/260 906/1401/261 905/1402/262
f 904/1400/260 908/1403/263 909/1404/264 906/1401/261
f 902/1324/216 907/1405/265 909/1406/264 908/1407/263
f 907/1405/265 911/1408/266 912/1409/267 909/1406/264
f 903/1317/209 910/1410/268 912/1411/267 911/1412/266
f 910/1413/268 905/1402/262 906/1401/261 912/1414/267
f 906/1401/261 909/1404/264 912/1414/267
f 913/1328/220 916/1415/269 918/1416/270 917/1417/271
f 916/1415/269 920/1418/272 921/1419/273 918/1416/270
f 914/1318/210 919/1420/274 921/1421/273 920/1422/272
f 919/1423/274 923/1424/275 924/1425/276 921/1426/273
f 915/1323/215 922/1427/277 924/1425/276 923/1424/275
f 922/1428/277 917/1417/271 918/1416/270 924/1429/276
f 918/1416/270 921/1419/273 924/1429/276
f 925/1430/278 928/1431/279 930/1432/280 929/1433/281
f 928/1431/279 932/1434/282 933/1435/283 930/1432/280
f 926/1336/228 931/1436/284 933/1437/283 932/1438/282
f 931/1439/284 935/1440/285 936/1441/286 933/1442/283
f 927/1321/213 934/1443/287 936/1441/286 935/1440/285
f 934/1444/287 929/1433/281 930/1432/280 936/1445/286
f 930/1432/280 933/1435/283 936/1445/286
f 937/1325/217 940/1446/288 942/1447/289 941/1448/290
f 940/1446/288 944/1449/291 945/1450/292 942/1447/289
f 938/1322/214 943/1451/293 945/1452/292 944/1453/291
f 943/1451/293 947/1454/294 948/1455/295 945/1452/292
f 939/1335/227 946/1456/296 948/1457/295 947/1458/294
f 946/1459/296 941/1448/290 942/1447/289 948/1460/295
f 942/1447/289 945/1450/292 948/1460/295
f 877/1368/243 853/1337/229 857/1340/136 880/1369/244
f 880/1369/244 857/1340/136 862/1351/236 884/1372/247
f 884/1376/247 862/1350/236 855/1329/221 878/1332/224
f 854/1320/212 865/1319/211 869/1355/145 859/1343/234
f 859/1346/234 869/1366/145 874/1365/242 863/1347/235
f 863/1347/235 874/1365/242 867/1330/222 855/1329/221
f 866/1327/219 889/1326/218 893/1386/164 871/1360/148
f 871/1361/148 893/1397/164 898/1396/258 875/1362/241
f 875/1362/241 898/1396/258 891/1331/223 867/1330/222
f 890/1334/226 879/1333/225 887/1381/249 895/1389/167
f 895/1392/167 887/1377/249 883/1374/248 899/1393/256
f 899/1393/256 883/1374/248 878/1332/224 891/1331/223
f 925/1430/278 877/1368/243 881/1371/246 928/1431/279
f 928/1431/279 881/1371/246 886/1382/251 932/1434/282
f 932/1438/282 886/1379/251 879/1333/225 926/1336/228
f 889/1326/218 937/1325/217 941/1448/290 892/1384/252
f 892/1384/252 941/1448/290 946/1459/296 896/1387/254
f 896/1391/254 946/1456/296 939/1335/227 890/1334/226
f 938/1322/214 927/1321/213 935/1440/285 943/1451/293
f 943/1451/293 935/1440/285 931/1439/284 947/1454/294
f 947/1458/294 931/1436/284 926/1336/228 939/1335/227
f 901/1399/259 925/1430/278 929/1433/281 904/1400/260
f 904/1400/260 929/1433/281 934/1444/287 908/1403/263
f 908/1407/263 934/1443/287 927/1321/213 902/1324/216
f 937/1325/217 913/1328/220 917/1417/271 940/1446/288
f 940/1446/288 917/1417/271 922/1428/277 944/1449/291
f 944/1453/291 922/1427/277 915/1323/215 938/1322/214
f 914/1318/210 903/1317/209 911/1412/266 919/1420/274
f 919/1423/274 911/1408/266 907/1405/265 923/1424/275
f 923/1424/275 907/1405/265 902/1324/216 915/1323/215
f 853/1337/229 901/1399/259 905/1402/262 856/1338/230
f 856/1338/230 905/1402/262 910/1413/268 860/1341/232
f 860/1345/232 910/1410/268 903/1317/209 854/1320/212
f 913/1328/220 866/1327/219 872/1357/239 916/1415/269
f 916/1415/269 872/1357/239 868/1356/237 920/1418/272
f 920/1422/272 868/1353/237 865/1319/211 914/1318/210
f 877/1368/243 925/1430/278 901/1399/259 853/1337/229
f 999/1461/297 1010/1462/298 961/1463/299 950/1464/300
f 1023/1465/301 1034/1466/302 1011/1467/303 998/1468/304
f 1033/1469/305 985/1470/306 962/1471/307 1009/1472/308
f 951/1473/309 963/1474/310 987/1475/311 974/1476/312
f 975/1477/313 986/1478/314 1035/1479/315 1022/1480/316
f 949/1481/317 952/1482/318 954/1483/319 953/1484/320
f 952/1482/318 956/1485/321 957/1486/322 954/1483/319
f 950/1464/300 955/1487/323 957/1488/322 956/1489/321
f 955/1490/323 959/1491/324 960/1492/325 957/1493/322
f 951/1473/309 958/1494/326 960/1492/325 959/1491/324
f 958/1495/326 953/1484/320 954/1483/319 960/1496/325
f 954/1483/319 957/1486/322 960/1496/325
f 961/1463/299 964/1497/327 966/1498/328 965/1499/329
f 964/1500/327 968/1501/330 969/1502/331 966/1503/328
f 962/1471/307 967/1504/332 969/1502/331 968/1501/330
f 967/1504/332 971/1505/333 972/1506/334 969/1502/331
f 963/1474/310 970/1507/335 972/1508/334 971/1509/333
f 970/1507/335 965/1510/329 966/1511/328 972/1508/334
f 966/1503/328 969/1502/331 972/1506/334
f 973/1512/336 976/1513/337 978/1514/338 977/1515/339
f 976/1513/337 980/1516/340 981/1517/341 978/1514/338
f 974/1476/312 979/1518/342 981/1519/341 980/1520/340
f 979/1518/342 983/1521/343 984/1522/344 981/1519/341
f 975/1477/313 982/1523/345 984/1524/344 983/1525/343
f 982/1526/345 977/1515/339 978/1514/338 984/1527/344
f 978/1514/338 981/1517/341 984/1527/344
f 985/1470/306 988/1528/346 990/1529/347 989/1530/348
f 988/1528/346 992/1531/349 993/1532/350 990/1529/347
f 986/1478/314 991/1533/351 993/1534/350 992/1535/349
f 991/1536/351 995/1537/352 996/1538/353 993/1539/350
f 987/1475/311 994/1540/354 996/1538/353 995/1537/352
f 994/1541/354 989/1530/348 990/1529/347 996/1542/353
f 990/1529/347 993/1532/350 996/1542/353
f 997/1543/355 1000/1544/356 1002/1545/357 1001/1546/358
f 1000/1544/356 1004/1547/359 1005/1548/360 1002/1545/357
f 998/1468/304 1003/1549/361 1005/1550/360 1004/1551/359
f 1003/1549/361 1007/1552/362 1008/1553/363 1005/1550/360
f 999/1461/297 1006/1554/364 1008/1555/363 1007/1556/362
f 1006/1557/364 1001/1546/358 1002/1545/357 1008/1558/363
f 1002/1545/357 1005/1548/360 1008/1558/363
f 1009/1472/308 1012/1559/365 1014/1560/366 1013/1561/367
f 1012/1559/365 1016/1562/368 1017/1563/369 1014/1560/366
f 1010/1462/298 1015/1564/370 1017/1565/369 1016/1566/368
f 1015/1567/370 1019/1568/371 1020/1569/372 1017/1570/369
f 1011/1467/303 1018/1571/373 1020/1569/372 1019/1568/371
f 1018/1572/373 1013/1561/367 1014/1560/366 1020/1573/372
f 1014/1560/366 1017/1563/369 1020/1573/372
f 1021/1574/374 1024/1575/375 1026/1576/376 1025/1577/377
f 1024/1575/375 1028/1578/378 1029/1579/379 1026/1576/376
f 1022/1480/316 1027/1580/380 1029/1581/379 1028/1582/378
f 1027/1583/380 1031/1584/381 1032/1585/382 1029/1586/379
f 1023/1465/301 1030/1587/383 1032/1585/382 1031/1584/381
f 1030/1588/383 1025/1577/377 1026/1576/376 1032/1589/382
f 1026/1576/376 1029/1579/379 1032/1589/382
f 1033/1469/305 1036/1590/384 1038/1591/385 1037/1592/386
f 1036/1590/384 1040/1593/387 1041/1594/388 1038/1591/385
f 1034/1466/302 1039/1595/389 1041/1596/388 1040/1597/387
f 1039/1595/389 1043/1598/390 1044/1599/391 1041/1596/388
f 1035/1479/315 1042/1600/392 1044/1601/391 1043/1602/390
f 1042/1603/392 1037/1592/386 1038/1591/385 1044/1604/391
f 1038/1591/385 1041/1594/388 1044/1604/391
f 973/1512/336 949/1481/317 953/1484/320 976/1513/337
f 976/1513/337 953/1484/320 958/1495/326 980/1516/340
f 980/1520/340 958/1494/326 951/1473/309 974/1476/312
f 950/1464/300 961/1463/299 965/1499/329 955/1487/323
f 955/1490/323 965/1510/329 970/1507/335 959/1491/324
f 959/1491/324 970/1507/335 963/1474/310 951/1473/309
f 962/1471/307 985/1470/306 989/1530/348 967/1504/332
f 967/1504/332 989/1530/348 994/1541/354 971/1505/333
f 971/1509/333 994/1540/354 987/1475/311 963/1474/310
f 986/1478/314 975/1477/313 983/1525/343 991/1533/351
f 991/1536/351 983/1521/343 979/1518/342 995/1537/352
f 995/1537/352 979/1518/342 974/1476/312 987/1475/311
f 1021/1574/374 973/1512/336 977/1515/339 1024/1575/375
f 1024/1575/375 977/1515/339 982/1526/345 1028/1578/378
f 1028/1582/378 982/1523/345 975/1477/313 1022/1480/316
f 985/1470/306 1033/1469/305 1037/1592/386 988/1528/346
f 988/1528/346 1037/1592/386 1042/1603/392 992/1531/349
f 992/1535/349 1042/1600/392 1035/1479/315 986/1478/314
f 1034/1466/302 1023/1465/301 1031/1584/381 1039/1595/389
f 1039/1595/389 1031/1584/381 1027/1583/380 1043/1598/390
f 1043/1602/390 1027/1580/380 1022/1480/316 1035/1479/315
f 997/1543/355 1021/1574/374 1025/1577/377 1000/1544/356
f 1000/1544/356 1025/1577/377 1030/1588/383 1004/1547/359
f 1004/1551/359 1030/1587/383 1023/1465/301 998/1468/304
f 1033/1469/305 1009/1472/308 1013/1561/367 1036/1590/384
f 1036/1590/384 1013/1561/367 1018/1572/373 1040/1593/387
f 1040/1597/387 1018/1571/373 1011/1467/303 1034/1466/302
f 1010/1462/298 999/1461/297 1007/1556/362 1015/1564/370
f 1015/1567/370 1007/1552/362 1003/1549/361 1019/1568/371
f 1019/1568/371 1003/1549/361 998/1468/304 1011/1467/303
f 949/1481/317 997/1543/355 1001/1546/358 952/1482/318
f 952/1482/318 1001/1546/358 1006/1557/364 956/1485/321
f 956/1489/321 1006/1554/364 999/1461/297 950/1464/300
f 1009/1472/308 962/1471/307 968/1501/330 1012/1559/365
f 1012/1559/365 968/1501/330 964/1500/327 1016/1562/368
f 1016/1566/368 964/1497/327 961/1463/299 1010/1462/298
f 973/1512/336 1021/1574/374 997/1543/355 949/1481/317
f 1095/1605/393 1106/1606/394 1057/1607/395 1046/1608/396
f 1119/1609/397 1130/1610/398 1107/1611/399 1094/1612/400
f 1129/1613/401 1081/1614/402 1058/1615/403 1105/1616/404
f 1047/1617/405 1059/1618/406 1083/1619/407 1070/1620/408
f 1071/1621/409 1082/1622/410 1131/1623/411 1118/1624/412
f 1045/1625/413 1048/1626/414 1050/1627/415 1049/1628/416
f 1048/1626/414 1052/1629/417 1053/1630/418 1050/1627/415
f 1046/1608/396 1051/1631/419 1053/1632/418 1052/1633/417
f 1051/1634/419 1055/1635/420 1056/1636/421 1053/1637/418
f 1047/1617/405 1054/1638/422 1056/1636/421 1055/1635/420
f 1054/1639/422 1049/1628/416 1050/1627/415 1056/1640/421
f 1050/1627/415 1053/1630/418 1056/1640/421
f 1057/1607/395 1060/1641/423 1062/1642/424 1061/1643/425
f 1060/1644/423 1064/1645/426 1065/1646/427 1062/1647/424
f 1058/1615/403 1063/1648/428 1065/1646/427 1064/1645/426
f 1063/1648/428 1067/1649/429 1068/1650/430 1065/1646/427
f 1059/1618/406 1066/1651/431 1068/1652/430 1067/1653/429
f 1066/1651/431 1061/1654/425 1062/1655/424 1068/1652/430
f 1062/1647/424 1065/1646/427 1068/1650/430
f 1069/1656/432 1072/1657/433 1074/1658/434 1073/1659/435
f 1072/1657/433 1076/1660/436 1077/1661/437 1074/1658/434
f 1070/1620/408 1075/1662/438 1077/1663/437 1076/1664/436
f 1075/1662/438 1079/1665/439 1080/1666/440 1077/1663/437
f 1071/1621/409 1078/1667/441 1080/1668/440 1079/1669/439
f 1078/1670/441 1073/1659/435 1074/1658/434 1080/1671/440
f 1074/1658/434 1077/1661/437 1080/1671/440
f 1081/1614/402 1084/1672/442 1086/1673/443 1085/1674/444
f 1084/1672/442 1088/1675/445 1089/1676/446 1086/1673/443
f 1082/1622/410 1087/1677/447 1089/1678/446 1088/1679/445
f 1087/1680/447 1091/1681/448 1092/1682/449 1089/1683/446
f 1083/1619/407 1090/1684/450 1092/1682/449 1091/1681/448
f 1090/1685/450 1085/1674/444 1086/1673/443 1092/1686/449
f 1086/1673/443 1089/1676/446 1092/1686/449
f 1093/1687/451 1096/1688/452 1098/1689/453 1097/1690/454
f 1096/1688/452 1100/1691/455 1101/1692/456 1098/1689/453
f 1094/1612/400 1099/1693/457 1101/1694/456 1100/1695/455
f 1099/1693/457 1103/1696/458 1104/1697/459 1101/1694/456
f 1095/1605/393 1102/1698/460 1104/1699/459 1103/1700/458
f 1102/1701/460 1097/1690/454 1098/1689/453 1104/1702/459
f 1098/1689/453 1101/1692/456 1104/1702/459
f 1105/1616/404 1108/1703/461 1110/1704/462 1109/1705/463
f 1108/1703/461 1112/1706/464 1113/1707/465 1110/1704/462
f 1106/1606/394 1111/1708/466 1113/1709/465 1112/1710/464
f 1111/1711/466 1115/1712/467 1116/1713/468 1113/1714/465
f 1107/1611/399 1114/1715/469 1116/1713/468 1115/1712/467
f 1114/1716/469 1109/1705/463 1110/1704/462 1116/1717/468
f 1110/1704/462 1113/1707/465 1116/1717/468
f 1117/1718/470 1120/1719/471 1122/1720/472 1121/1721/473
f 1120/1719/471 1124/1722/474 1125/1723/475 1122/1720/472
f 1118/1624/412 1123/1724/476 1125/1725/475 1124/1726/474
f 1123/1727/476 1127/1728/477 1128/1729/478 1125/1730/475
f 1119/1609/397 1126/1731/479 1128/1729/478 1127/1728/477
f 1126/1732/479 1121/1721/473 1122/1720/472 1128/1733/478
f 1122/1720/472 1125/1723/475 1128/1733/478
f 1129/1613/401 1132/1734/480 1134/1735/481 1133/1736/482
f 1132/1734/480 1136/1588/483 1137/1737/484 1134/1735/481
f 1130/1610/398 1135/1738/485 1137/1739/484 1136/1740/483
f 1135/1738/485 1139/1741/486 1140/1742/487 1137/1739/484
f 1131/1623/411 1138/1743/488 1140/1744/487 1139/1745/486
f 1138/1746/488 1133/1736/482 1134/1735/481 1140/1747/487
f 1134/1735/481 1137/1737/484 1140/1747/487
f 1069/1656/432 1045/1625/413 1049/1628/416 1072/1657/433
f 1072/1657/433 1049/1628/416 1054/1639/422 1076/1660/436
f 1076/1664/436 1054/1638/422 1047/1617/405 1070/1620/408
f 1046/1608/396 1057/1607/395 1061/1643/425 1051/1631/419
f 1051/1634/419 1061/1654/425 1066/1651/431 1055/1635/420
f 1055/1635/420 1066/1651/431 1059/1618/406 1047/1617/405
f 1058/1615/403 1081/1614/402 1085/1674/444 1063/1648/428
f 1063/1648/428 1085/1674/444 1090/1685/450 1067/1649/429
f 1067/1653/429 1090/1684/450 1083/1619/407 1059/1618/406
f 1082/1622/410 1071/1621/409 1079/1669/439 1087/1677/447
f 1087/1680/447 1079/1665/439 1075/1662/438 1091/1681/448
f 1091/1681/448 1075/1662/438 1070/1620/408 1083/1619/407
f 1117/1718/470 1069/1656/432 1073/1659/435 1120/1719/471
f 1120/1719/471 1073/1659/435 1078/1670/441 1124/1722/474
f 1124/1726/474 1078/1667/441 1071/1621/409 1118/1624/412
f 1081/1614/402 1129/1613/401 1133/1736/482 1084/1672/442
f 1084/1672/442 1133/1736/482 1138/1746/488 1088/1675/445
f 1088/1679/445 1138/1743/488 1131/1623/411 1082/1622/410
f 1130/1610/398 1119/1609/397 1127/1728/477 1135/1738/485
f 1135/1738/485 1127/1728/477 1123/1727/476 1139/1741/486
f 1139/1745/486 1123/1724/476 1118/1624/412 1131/1623/411
f 1093/1687/451 1117/1718/470 1121/1721/473 1096/1688/452
f 1096/1688/452 1121/1721/473 1126/1732/479 1100/1691/455
f 1100/1695/455 1126/1731/479 1119/1609/397 1094/1612/400
f 1129/1613/401 1105/1616/404 1109/1705/463 1132/1734/480
f 1132/1734/480 1109/1705/463 1114/1716/469 1136/1588/483
f 1136/1740/483 1114/1715/469 1107/1611/399 1130/1610/398
f 1106/1606/394 1095/1605/393 1103/1700/458 1111/1708/466
f 1111/1711/466 1103/1696/458 1099/1693/457 1115/1712/467
f 1115/1712/467 1099/1693/457 1094/1612/400 1107/1611/399
f 1045/1625/413 1093/1687/451 1097/1690/454 1048/1626/414
f 1048/1626/414 1097/1690/454 1102/1701/460 1052/1629/417
f 1052/1633/417 1102/1698/460 1095/1605/393 1046/1608/396
f 1105/1616/404 1058/1615/403 1064/1645/426 1108/1703/461
f 1108/1703/461 1064/1645/426 1060/1644/423 1112/1706/464
f 1112/1710/464 1060/1641/423 1057/1607/395 1106/1606/394
f 1069/1656/432 1117/1718/470 1093/1687/451 1045/1625/413
f 1191/1748/489 1202/1749/490 1153/1750/491 1142/1751/492
f 1215/1752/493 1226/1753/494 1203/1754/495 1190/1755/496
f 1225/1756/497 1177/1757/498 1154/1758/499 1201/1759/500
f 1143/1760/501 1155/1761/502 1179/1762/503 1166/1763/504
f 1167/1764/505 1178/1765/506 1227/1766/507 1214/1767/508
f 1141/1768/509 1144/1769/510 1146/1770/511 1145/1771/512
f 1144/1769/510 1148/1772/513 1149/1773/514 1146/1770/511
f 1142/1751/492 1147/1774/515 1149/1775/514 1148/1776/513
f 1147/1777/515 1151/1778/516 1152/1779/517 1149/1780/514
f 1143/1760/501 1150/1781/518 1152/1779/517 1151/1778/516
f 1150/1782/518 1145/1771/512 1146/1770/511 1152/1783/517
f 1146/1770/511 1149/1773/514 1152/1783/517
f 1153/1750/491 1156/1784/519 1158/1785/520 1157/1786/521
f 1156/1787/519 1160/1788/522 1161/1789/523 1158/1790/520
f 1154/1758/499 1159/1791/524 1161/1789/523 1160/1788/522
f 1159/1791/524 1163/1792/525 1164/1793/526 1161/1789/523
f 1155/1761/502 1162/1794/527 1164/1795/526 1163/1796/525
f 1162/1794/527 1157/1797/521 1158/1798/520 1164/1795/526
f 1158/1790/520 1161/1789/523 1164/1793/526
f 1165/1799/528 1168/1800/529 1170/1801/530 1169/1802/531
f 1168/1800/529 1172/1803/532 1173/1804/533 1170/1801/530
f 1166/1763/504 1171/1805/534 1173/1806/533 1172/1807/532
f 1171/1805/534 1175/1808/535 1176/1809/536 1173/1806/533
f 1167/1764/505 1174/1810/537 1176/1811/536 1175/1812/535
f 1174/1813/537 1169/1802/531 1170/1801/530 1176/1814/536
f 1170/1801/530 1173/1804/533 1176/1814/536
f 1177/1757/498 1180/1815/538 1182/1816/539 1181/1817/540
f 1180/1815/538 1184/1818/541 1185/1819/542 1182/1816/539
f 1178/1765/506 1183/1820/543 1185/1821/542 1184/1822/541
f 1183/1823/543 1187/1824/544 1188/1825/545 1185/1826/542
f 1179/1762/503 1186/1827/546 1188/1825/545 1187/1824/544
f 1186/1803/546 1181/1817/540 1182/1816/539 1188/1828/545
f 1182/1816/539 1185/1819/542 1188/1828/545
f 1189/1829/547 1192/1830/548 1194/1831/549 1193/1832/550
f 1192/1830/548 1196/1833/551 1197/1834/552 1194/1831/549
f 1190/1755/496 1195/1835/553 1197/1836/552 1196/1837/551
f 1195/1835/553 1199/1838/554 1200/1839/555 1197/1836/552
f 1191/1748/489 1198/1840/556 1200/1841/555 1199/1842/554
f 1198/1843/556 1193/1832/550 1194/1831/549 1200/1844/555
f 1194/1831/549 1197/1834/552 1200/1844/555
f 1201/1759/500 1204/1845/557 1206/1846/558 1205/1847/559
f 1204/1845/557 1208/1848/560 1209/1849/561 1206/1846/558
f 1202/1749/490 1207/1850/562 1209/1851/561 1208/1852/560
f 1207/1853/562 1211/1854/563 1212/1855/564 1209/1856/561
f 1203/1754/495 1210/1857/565 1212/1855/564 1211/1854/563
f 1210/1858/565 1205/1847/559 1206/1846/558 1212/1859/564
f 1206/1846/558 1209/1849/561 1212/1859/564
f 1213/1860/566 1216/1861/567 1218/1862/568 1217/1863/569
f 1216/1861/567 1220/1864/570 1221/1865/571 1218/1862/568
f 1214/1767/508 1219/1866/572 1221/1867/571 1220/1868/570
f 1219/1869/572 1223/1870/573 1224/1871/574 1221/1872/571
f 1215/1752/493 1222/1873/575 1224/1871/574 1223/1870/573
f 1222/1874/575 1217/1863/569 1218/1862/568 1224/1875/574
f 1218/1862/568 1221/1865/571 1224/1875/574
f 1225/1756/497 1228/1876/576 1230/1877/577 1229/1878/578
f 1228/1876/576 1232/1879/579 1233/1880/580 1230/1877/577
f 1226/1753/494 1231/1881/581 1233/1882/580 1232/1883/579
f 1231/1881/581 1235/1884/582 1236/1885/583 1233/1882/580
f 1227/1766/507 1234/1886/584 1236/1887/583 1235/1888/582
f 1234/1889/584 1229/1878/578 1230/1877/577 1236/1890/583
f 1230/1877/577 1233/1880/580 1236/1890/583
f 1165/1799/528 1141/1768/509 1145/1771/512 1168/1800/529
f 1168/1800/529 1145/1771/512 1150/1782/518 1172/1803/532
f 1172/1807/532 1150/1781/518 1143/1760/501 1166/1763/504
f 1142/1751/492 1153/1750/491 1157/1786/521 1147/1774/515
f 1147/1777/515 1157/1797/521 1162/1794/527 1151/1778/516
f 1151/1778/516 1162/1794/527 1155/1761/502 1143/1760/501
f 1154/1758/499 1177/1757/498 1181/1817/540 1159/1791/524
f 1159/1791/524 1181/1817/540 1186/1803/546 1163/1792/525
f 1163/1796/525 1186/1827/546 1179/1762/503 1155/1761/502
f 1178/1765/506 1167/1764/505 1175/1812/535 1183/1820/543
f 1183/1823/543 1175/1808/535 1171/1805/534 1187/1824/544
f 1187/1824/544 1171/1805/534 1166/1763/504 1179/1762/503
f 1213/1860/566 1165/1799/528 1169/1802/531 1216/1861/567
f 1216/1861/567 1169/1802/531 1174/1813/537 1220/1864/570
f 1220/1868/570 1174/1810/537 1167/1764/505 1214/1767/508
f 1177/1757/498 1225/1756/497 1229/1878/578 1180/1815/538
f 1180/1815/538 1229/1878/578 1234/1889/584 1184/1818/541
f 1184/1822/541 1234/1886/584 1227/1766/507 1178/1765/506
f 1226/1753/494 1215/1752/493 1223/1870/573 1231/1881/581
f 1231/1881/581 1223/1870/573 1219/1869/572 1235/1884/582
f 1235/1888/582 1219/1866/572 1214/1767/508 1227/1766/507
f 1189/1829/547 1213/1860/566 1217/1863/569 1192/1830/548
f 1192/1830/548 1217/1863/569 1222/1874/575 1196/1833/551
f 1196/1837/551 1222/1873/575 1215/1752/493 1190/1755/496
f 1225/1756/497 1201/1759/500 1205/1847/559 1228/1876/576
f 1228/1876/576 1205/1847/559 1210/1858/565 1232/1879/579
f 1232/1883/579 1210/1857/565 1203/1754/495 1226/1753/494
f 1202/1749/490 1191/1748/489 1199/1842/554 1207/1850/562
f 1207/1853/562 1199/1838/554 1195/1835/553 1211/1854/563
f 1211/1854/563 1195/1835/553 1190/1755/496 1203/1754/495
f 1141/1768/509 1189/1829/547 1193/1832/550 1144/1769/510
f 1144/1769/510 1193/1832/550 1198/1843/556 1148/1772/513
f 1148/1776/513 1198/1840/556 1191/1748/489 1142/1751/492
f 1201/1759/500 1154/1758/499 1160/1788/522 1204/1845/557
f 1204/1845/557 1160/1788/522 1156/1787/519 1208/1848/560
f 1208/1852/560 1156/1784/519 1153/1750/491 1202/1749/490
f 1165/1799/528 1213/1860/566 1189/1829/547 1141/1768/509
f 1287/1891/585 1298/1892/586 1249/1893/587 1238/1894/588
f 1311/1895/589 1322/1896/590 1299/1897/591 1286/1898/592
f 1321/1899/593 1273/1900/594 1250/1901/595 1297/1902/596
f 1239/1903/597 1251/1904/598 1275/1905/599 1262/1906/600
f 1263/1907/601 1274/1908/602 1323/1909/603 1310/1910/604
f 1237/1911/605 1240/1912/606 1242/1913/607 1241/1914/608
f 1240/1912/606 1244/1915/609 1245/1916/610 1242/1913/607
f 1238/1894/588 1243/1917/611 1245/1918/610 1244/1919/609
f 1243/1920/611 1247/1921/612 1248/1922/613 1245/1923/610
f 1239/1903/597 1246/1924/614 1248/1922/613 1247/1921/612
f 1246/1925/614 1241/1914/608 1242/1913/607 1248/1926/613
f 1242/1913/607 1245/1916/610 1248/1926/613
f 1249/1893/587 1252/1927/615 1254/1928/616 1253/1929/617
f 1252/1930/615 1256/1931/618 1257/1932/619 1254/1933/616
f 1250/1901/595 1255/1934/620 1257/1932/619 1256/1931/618
f 1255/1934/620 1259/1935/621 1260/1936/622 1257/1932/619
f 1251/1904/598 1258/1937/623 1260/1938/622 1259/1939/621
f 1258/1937/623 1253/1940/617 1254/1941/616 1260/1938/622
f 1254/1933/616 1257/1932/619 1260/1936/622
f 1261/1942/624 1264/1943/625 1266/1944/626 1265/1945/627
f 1264/1943/625 1268/1946/628 1269/1947/629 1266/1944/626
f 1262/1906/600 1267/1948/630 1269/1949/629 1268/1684/628
f 1267/1948/630 1271/1950/631 1272/1951/632 1269/1949/629
f 1263/1907/601 1270/1952/633 1272/1953/632 1271/1954/631
f 1270/1955/633 1265/1945/627 1266/1944/626 1272/1956/632
f 1266/1944/626 1269/1947/629 1272/1956/632
f 1273/1900/594 1276/1957/634 1278/1958/635 1277/1959/636
f 1276/1957/634 1280/1960/637 1281/1961/638 1278/1958/635
f 1274/1908/602 1279/1962/639 1281/1963/638 1280/1964/637
f 1279/1965/639 1283/1966/640 1284/1967/641 1281/1968/638
f 1275/1905/599 1282/1969/642 1284/1967/641 1283/1966/640
f 1282/1970/642 1277/1959/636 1278/1958/635 1284/1971/641
f 1278/1958/635 1281/1961/638 1284/1971/641
f 1285/1972/643 1288/1973/644 1290/1974/645 1289/1975/646
f 1288/1973/644 1292/1976/647 1293/1977/648 1290/1974/645
f 1286/1898/592 1291/1978/649 1293/1979/648 1292/1980/647
f 1291/1978/649 1295/1981/650 1296/1982/651 1293/1979/648
f 1287/1891/585 1294/1983/652 1296/1984/651 1295/1985/650
f 1294/1986/652 1289/1975/646 1290/1974/645 1296/1987/651
f 1290/1974/645 1293/1977/648 1296/1987/651
f 1297/1902/596 1300/1988/653 1302/1989/654 1301/1990/655
f 1300/1988/653 1304/1991/656 1305/1992/657 1302/1989/654
f 1298/1892/586 1303/1993/658 1305/1994/657 1304/1995/656
f 1303/1996/658 1307/1997/659 1308/1998/660 1305/1999/657
f 1299/1897/591 1306/2000/661 1308/1998/660 1307/1997/659
f 1306/2001/661 1301/1990/655 1302/1989/654 1308/2002/660
f 1302/1989/654 1305/1992/657 1308/2002/660
f 1309/2003/662 1312/2004/663 1314/2005/664 1313/2006/665
f 1312/2004/663 1316/2007/666 1317/2008/667 1314/2005/664
f 1310/1910/604 1315/2009/668 1317/2010/667 1316/2011/666
f 1315/2012/668 1319/2013/669 1320/2014/670 1317/2015/667
f 1311/1895/589 1318/2016/671 1320/2014/670 1319/2013/669
f 1318/2017/671 1313/2006/665 1314/2005/664 1320/2018/670
f 1314/2005/664 1317/2008/667 1320/2018/670
f 1321/1899/593 1324/2019/672 1326/2020/673 1325/2021/674
f 1324/2019/672 1328/2022/675 1329/2023/676 1326/2020/673
f 1322/1896/590 1327/2024/677 1329/2025/676 1328/2026/675
f 1327/2024/677 1331/2027/678 1332/2028/679 1329/2025/676
f 1323/1909/603 1330/2029/680 1332/2030/679 1331/2031/678
f 1330/2032/680 1325/2021/674 1326/2020/673 1332/2033/679
f 1326/2020/673 1329/2023/676 1332/2033/679
f 1261/1942/624 1237/1911/605 1241/1914/608 1264/1943/625
f 1264/1943/625 1241/1914/608 1246/1925/614 1268/1946/628
f 1268/1684/628 1246/1924/614 1239/1903/597 1262/1906/600
f 1238/1894/588 1249/1893/587 1253/1929/617 1243/1917/611
f 1243/1920/611 1253/1940/617 1258/1937/623 1247/1921/612
f 1247/1921/612 1258/1937/623 1251/1904/598 1239/1903/597
f 1250/1901/595 1273/1900/594 1277/1959/636 1255/1934/620
f 1255/1934/620 1277/1959/636 1282/1970/642 1259/1935/621
f 1259/1939/621 1282/1969/642 1275/1905/599 1251/1904/598
f 1274/1908/602 1263/1907/601 1271/1954/631 1279/1962/639
f 1279/1965/639 1271/1950/631 1267/1948/630 1283/1966/640
f 1283/1966/640 1267/1948/630 1262/1906/600 1275/1905/599
f 1309/2003/662 1261/1942/624 1265/1945/627 1312/2004/663
f 1312/2004/663 1265/1945/627 1270/1955/633 1316/2007/666
f 1316/2011/666 1270/1952/633 1263/1907/601 1310/1910/604
f 1273/1900/594 1321/1899/593 1325/2021/674 1276/1957/634
f 1276/1957/634 1325/2021/674 1330/2032/680 1280/1960/637
f 1280/1964/637 1330/2029/680 1323/1909/603 1274/1908/602
f 1322/1896/590 1311/1895/589 1319/2013/669 1327/2024/677
f 1327/2024/677 1319/2013/669 1315/2012/668 1331/2027/678
f 1331/2031/678 1315/2009/668 1310/1910/604 1323/1909/603
f 1285/1972/643 1309/2003/662 1313/2006/665 1288/1973/644
f 1288/1973/644 1313/2006/665 1318/2017/671 1292/1976/647
f 1292/1980/647 1318/2016/671 1311/1895/589 1286/1898/592
f 1321/1899/593 1297/1902/596 1301/1990/655 1324/2019/672
f 1324/2019/672 1301/1990/655 1306/2001/661 1328/2022/675
f 1328/2026/675 1306/2000/661 1299/1897/591 1322/1896/590
f 1298/1892/586 1287/1891/585 1295/1985/650 1303/1993/658
f 1303/1996/658 1295/1981/650 1291/1978/649 1307/1997/659
f 1307/1997/659 1291/1978/649 1286/1898/592 1299/1897/591
f 1237/1911/605 1285/1972/643 1289/1975/646 1240/1912/606
f 1240/1912/606 1289/1975/646 1294/1986/652 1244/1915/609
f 1244/1919/609 1294/1983/652 1287/1891/585 1238/1894/588
f 1297/1902/596 1250/1901/595 1256/1931/618 1300/1988/653
f 1300/1988/653 1256/1931/618 1252/1930/615 1304/1991/656
f 1304/1995/656 1252/1927/615 1249/1893/587 1298/1892/586
f 1261/1942/624 1309/2003/662 1285/1972/643 1237/1911/605
f 1383/2034/681 1394/2035/682 1345/2036/683 1334/2037/684
f 1407/2038/685 1418/2039/686 1395/2040/687 1382/2041/688
f 1417/2042/689 1369/2043/690 1346/2044/691 1393/2045/692
f 1335/2046/693 1347/2047/694 1371/2048/695 1358/2049/696
f 1359/2050/697 1370/2051/698 1419/2052/699 1406/2053/700
f 1333/2054/701 1336/2055/702 1338/2056/703 1337/2057/704
f 1336/2055/702 1340/2058/705 1341/2059/706 1338/2056/703
f 1334/2037/684 1339/2060/707 1341/2061/706 1340/2062/705
f 1339/2063/707 1343/2064/708 1344/2065/709 1341/2066/706
f 1335/2046/693 1342/2067/710 1344/2065/709 1343/2064/708
f 1342/2068/710 1337/2057/704 1338/2056/703 1344/2069/709
f 1338/2056/703 1341/2059/706 1344/2069/709
f 1345/2036/683 1348/2070/711 1350/2071/712 1349/2072/713
f 1348/2073/711 1352/2074/714 1353/2075/715 1350/2076/712
f 1346/2044/691 1351/2077/716 1353/2075/715 1352/2074/714
f 1351/2077/716 1355/2078/717 1356/2079/718 1353/2075/715
f 1347/2047/694 1354/2080/719 1356/2081/718 1355/2082/717
f 1354/2080/719 1349/2083/713 1350/2084/712 1356/2081/718
f 1350/2076/712 1353/2075/715 1356/2079/718
f 1357/2085/720 1360/2086/721 1362/2087/722 1361/2088/723
f 1360/2086/721 1364/2089/724 1365/2090/725 1362/2087/722
f 1358/2049/696 1363/2091/726 1365/2092/725 1364/2093/724
f 1363/2091/726 1367/2094/727 1368/2095/728 1365/2092/725
f 1359/2050/697 1366/2096/729 1368/2097/728 1367/2098/727
f 1366/2099/729 1361/2088/723 1362/2087/722 1368/2100/728
f 1362/2087/722 1365/2090/725 1368/2100/728
f 1369/2043/690 1372/2101/730 1374/2102/731 1373/2103/732
f 1372/2101/730 1376/2104/733 1377/2105/734 1374/2102/731
f 1370/2051/698 1375/2106/735 1377/2107/734 1376/2108/733
f 1375/2109/735 1379/2110/736 1380/2111/737 1377/2112/734
f 1371/2048/695 1378/2113/738 1380/2111/737 1379/2110/736
f 1378/2114/738 1373/2103/732 1374/2102/731 1380/2115/737
f 1374/2102/731 1377/2105/734 1380/2115/737
f 1381/2116/739 1384/2117/740 1386/2118/741 1385/2119/742
f 1384/2117/740 1388/2120/743 1389/2121/744 1386/2118/741
f 1382/2041/688 1387/2122/745 1389/2123/744 1388/2124/743
f 1387/2122/745 1391/2125/746 1392/2126/747 1389/2123/744
f 1383/2034/681 1390/2127/748 1392/2128/747 1391/2129/746
f 1390/2130/748 1385/2119/742 1386/2118/741 1392/2131/747
f 1386/2118/741 1389/2121/744 1392/2131/747
f 1393/2045/692 1396/2132/749 1398/2133/750 1397/2134/751
f 1396/2132/749 1400/2135/752 1401/2136/753 1398/2133/750
f 1394/2035/682 1399/2137/754 1401/2138/753 1400/2139/752
f 1399/2140/754 1403/2141/755 1404/2142/756 1401/2143/753
f 1395/2040/687 1402/2144/757 1404/2142/756 1403/2141/755
f 1402/2145/757 1397/2134/751 1398/2133/750 1404/2146/756
f 1398/2133/750 1401/2136/753 1404/2146/756
f 1405/2147/758 1408/2148/759 1410/2149/760 1409/2150/761
f 1408/2148/759 1412/2151/762 1413/2152/763 1410/2149/760
f 1406/2053/700 1411/2153/764 1413/2154/763 1412/2155/762
f 1411/2156/764 1415/2157/765 1416/2158/766 1413/2159/763
f 1407/2038/685 1414/2160/767 1416/2158/766 1415/2157/765
f 1414/2161/767 1409/2150/761 1410/2149/760 1416/2162/766
f 1410/2149/760 1413/2152/763 1416/2162/766
f 1417/2042/689 1420/2163/768 1422/2164/769 1421/2165/770
f 1420/2163/768 1424/2166/771 1425/2167/772 1422/2164/769
f 1418/2039/686 1423/2168/773 1425/2169/772 1424/2170/771
f 1423/2168/773 1427/2171/774 1428/2172/775 1425/2169/772
f 1419/2052/699 1426/2173/776 1428/2174/775 1427/2175/774
f 1426/2176/776 1421/2165/770 1422/2164/769 1428/2177/775
f 1422/2164/769 1425/2167/772 1428/2177/775
f 1357/2085/720 1333/2054/701 1337/2057/704 1360/2086/721
f 1360/2086/721 1337/2057/704 1342/2068/710 1364/2089/724
f 1364/2093/724 1342/2067/710 1335/2046/693 1358/2049/696
f 1334/2037/684 1345/2036/683 1349/2072/713 1339/2060/707
f 1339/2063/707 1349/2083/713 1354/2080/719 1343/2064/708
f 1343/2064/708 1354/2080/719 1347/2047/694 1335/2046/693
f 1346/2044/691 1369/2043/690 1373/2103/732 1351/2077/716
f 1351/2077/716 1373/2103/732 1378/2114/738 1355/2078/717
f 1355/2082/717 1378/2113/738 1371/2048/695 1347/2047/694
f 1370/2051/698 1359/2050/697 1367/2098/727 1375/2106/735
f 1375/2109/735 1367/2094/727 1363/2091/726 1379/2110/736
f 1379/2110/736 1363/2091/726 1358/2049/696 1371/2048/695
f 1405/2147/758 1357/2085/720 1361/2088/723 1408/2148/759
f 1408/2148/759 1361/2088/723 1366/2099/729 1412/2151/762
f 1412/2155/762 1366/2096/729 1359/2050/697 1406/2053/700
f 1369/2043/690 1417/2042/689 1421/2165/770 1372/2101/730
f 1372/2101/730 1421/2165/770 1426/2176/776 1376/2104/733
f 1376/2108/733 1426/2173/776 1419/2052/699 1370/2051/698
f 1418/2039/686 1407/2038/685 1415/2157/765 1423/2168/773
f 1423/2168/773 1415/2157/765 1411/2156/764 1427/2171/774
f 1427/2175/774 1411/2153/764 1406/2053/700 1419/2052/699
f 1381/2116/739 1405/2147/758 1409/2150/761 1384/2117/740
f 1384/2117/740 1409/2150/761 1414/2161/767 1388/2120/743
f 1388/2124/743 1414/2160/767 1407/2038/685 1382/2041/688
f 1417/2042/689 1393/2045/692 1397/2134/751 1420/2163/768
f 1420/2163/768 1397/2134/751 1402/2145/757 1424/2166/771
f 1424/2170/771 1402/2144/757 1395/2040/687 1418/2039/686
f 1394/2035/682 1383/2034/681 1391/2129/746 1399/2137/754
f 1399/2140/754 1391/2125/746 1387/2122/745 1403/2141/755
f 1403/2141/755 1387/2122/745 1382/2041/688 1395/2040/687
f 1333/2054/701 1381/2116/739 1385/2119/742 1336/2055/702
f 1336/2055/702 1385/2119/742 1390/2130/748 1340/2058/705
f 1340/2062/705 1390/2127/748 1383/2034/681 1334/2037/684
f 1393/2045/692 1346/2044/691 1352/2074/714 1396/2132/749
f 1396/2132/749 1352/2074/714 1348/2073/711 1400/2135/752
f 1400/2139/752 1348/2070/711 1345/2036/683 1394/2035/682
f 1357/2085/720 1405/2147/758 1381/2116/739 1333/2054/701
f 1479/2178/777 1490/2179/778 1441/2180/779 1430/2181/780
f 1503/2182/781 1514/2183/782 1491/2184/783 1478/2185/784
f 1513/2186/785 1465/2187/786 1442/2188/787 1489/2189/788
f 1431/2190/789 1443/2191/790 1467/2192/791 1454/2193/792
f 1455/2194/793 1466/2195/794 1515/2196/795 1502/2197/796
f 1429/2198/797 1432/2199/798 1434/2200/799 1433/2201/800
f 1432/2199/798 1436/2202/801 1437/2203/802 1434/2200/799
f 1430/2181/780 1435/2204/803 1437/2205/802 1436/2206/801
f 1435/2207/803 1439/2208/804 1440/2209/805 1437/2210/802
f 1431/2190/789 1438/2211/806 1440/2209/805 1439/2208/804
f 1438/2212/806 1433/2201/800 1434/2200/799 1440/2213/805
f 1434/2200/799 1437/2203/802 1440/2213/805
f 1441/2180/779 1444/2214/807 1446/2215/808 1445/2216/809
f 1444/2217/807 1448/2218/810 1449/2219/811 1446/2220/808
f 1442/2188/787 1447/2221/812 1449/2219/811 1448/2218/810
f 1447/2221/812 1451/2222/813 1452/2223/814 1449/2219/811
f 1443/2191/790 1450/2224/815 1452/2225/814 1451/2226/813
f 1450/2224/815 1445/2227/809 1446/2228/808 1452/2225/814
f 1446/2220/808 1449/2219/811 1452/2223/814
f 1453/2229/816 1456/2230/817 1458/2231/818 1457/2232/819
f 1456/2230/817 1460/2233/820 1461/2234/821 1458/2231/818
f 1454/2193/792 1459/2235/822 1461/2236/821 1460/2237/820
f 1459/2235/822 1463/2238/823 1464/2239/824 1461/2236/821
f 1455/2194/793 1462/2240/825 1464/2241/824 1463/2242/823
f 1462/2243/825 1457/2232/819 1458/2231/818 1464/2244/824
f 1458/2231/818 1461/2234/821 1464/2244/824
f 1465/2187/786 1468/2245/826 1470/2246/827 1469/2247/828
f 1468/2245/826 1472/2248/829 1473/2249/830 1470/2246/827
f 1466/2195/794 1471/2250/831 1473/2251/830 1472/2252/829
f 1471/2253/831 1475/2254/832 1476/2255/833 1473/2256/830
f 1467/2192/791 1474/2257/834 1476/2255/833 1475/2254/832
f 1474/2258/834 1469/2247/828 1470/2246/827 1476/2259/833
f 1470/2246/827 1473/2249/830 1476/2259/833
f 1477/2260/835 1480/2261/836 1482/2262/837 1481/2263/838
f 1480/2261/836 1484/2264/839 1485/2265/840 1482/2262/837
f 1478/2185/784 1483/2266/841 1485/2267/840 1484/2268/839
f 1483/2266/841 1487/2269/842 1488/2270/843 1485/2267/840
f 1479/2178/777 1486/2271/844 1488/2272/843 1487/2273/842
f 1486/2274/844 1481/2263/838 1482/2262/837 1488/2275/843
f 1482/2262/837 1485/2265/840 1488/2275/843
f 1489/2189/788 1492/2276/845 1494/2277/846 1493/2278/847
f 1492/2276/845 1496/2279/848 1497/2280/849 1494/2277/846
f 1490/2179/778 1495/2281/850 1497/2282/849 1496/2283/848
f 1495/2284/850 1499/2285/851 1500/2286/852 1497/2287/849
f 1491/2184/783 1498/2288/853 1500/2286/852 1499/2285/851
f 1498/2289/853 1493/2278/847 1494/2277/846 1500/2290/852
f 1494/2277/846 1497/2280/849 1500/2290/852
f 1501/2291/854 1504/2292/855 1506/2293/856 1505/2294/857
f 1504/2292/855 1508/2295/858 1509/2296/859 1506/2293/856
f 1502/2197/796 1507/2297/860 1509/2298/859 1508/2299/858
f 1507/2300/860 1511/2301/861 1512/2302/862 1509/2303/859
f 1503/2182/781 1510/2304/863 1512/2302/862 1511/2301/861
f 1510/2305/863 1505/2294/857 1506/2293/856 1512/2306/862
f 1506/2293/856 1509/2296/859 1512/2306/862
f 1513/2186/785 1516/2307/864 1518/2308/865 1517/2309/866
f 1516/2307/864 1520/2310/867 1521/2311/868 1518/2308/865
f 1514/2183/782 1519/2312/869 1521/2313/868 1520/2314/867
f 1519/2312/869 1523/2315/870 1524/2316/871 1521/2313/868
f 1515/2196/795 1522/2317/872 1524/2318/871 1523/2319/870
f 1522/2320/872 1517/2309/866 1518/2308/865 1524/2321/871
f 1518/2308/865 1521/2311/868 1524/2321/871
f 1453/2229/816 1429/2198/797 1433/2201/800 1456/2230/817
f 1456/2230/817 1433/2201/800 1438/2212/806 1460/2233/820
f 1460/2237/820 1438/2211/806 1431/2190/789 1454/2193/792
f 1430/2181/780 1441/2180/779 1445/2216/809 1435/2204/803
f 1435/2207/803 1445/2227/809 1450/2224/815 1439/2208/804
f 1439/2208/804 1450/2224/815 1443/2191/790 1431/2190/789
f 1442/2188/787 1465/2187/786 1469/2247/828 1447/2221/812
f 1447/2221/812 1469/2247/828 1474/2258/834 1451/2222/813
f 1451/2226/813 1474/2257/834 1467/2192/791 1443/2191/790
f 1466/2195/794 1455/2194/793 1463/2242/823 1471/2250/831
f 1471/2253/831 1463/2238/823 1459/2235/822 1475/2254/832
f 1475/2254/832 1459/2235/822 1454/2193/792 1467/2192/791
f 1501/2291/854 1453/2229/816 1457/2232/819 1504/2292/855
f 1504/2292/855 1457/2232/819 1462/2243/825 1508/2295/858
f 1508/2299/858 1462/2240/825 1455/2194/793 1502/2197/796
f 1465/2187/786 1513/2186/785 1517/2309/866 1468/2245/826
f 1468/2245/826 1517/2309/866 1522/2320/872 1472/2248/829
f 1472/2252/829 1522/2317/872 1515/2196/795 1466/2195/794
f 1514/2183/782 1503/2182/781 1511/2301/861 1519/2312/869
f 1519/2312/869 1511/2301/861 1507/2300/860 1523/2315/870
f 1523/2319/870 1507/2297/860 1502/2197/796 1515/2196/795
f 1477/2260/835 1501/2291/854 1505/2294/857 1480/2261/836
f 1480/2261/836 1505/2294/857 1510/2305/863 1484/2264/839
f 1484/2268/839 1510/2304/863 1503/2182/781 1478/2185/784
f 1513/2186/785 1489/2189/788 1493/2278/847 1516/2307/864
f 1516/2307/864 1493/2278/847 1498/2289/853 1520/2310/867
f 1520/2314/867 1498/2288/853 1491/2184/783 1514/2183/782
f 1490/2179/778 1479/2178/777 1487/2273/842 1495/2281/850
f 1495/2284/850 1487/2269/842 1483/2266/841 1499/2285/851
f 1499/2285/851 1483/2266/841 1478/2185/784 1491/2184/783
f 1429/2198/797 1477/2260/835 1481/2263/838 1432/2199/798
f 1432/2199/798 1481/2263/838 1486/2274/844 1436/2202/801
f 1436/2206/801 1486/2271/844 1479/2178/777 1430/2181/780
f 1489/2189/788 1442/2188/787 1448/2218/810 1492/2276/845
f 1492/2276/845 1448/2218/810 1444/2217/807 1496/2279/848
f 1496/2283/848 1444/2214/807 1441/2180/779 1490/2179/778
f 1453/2229/816 1501/2291/854 1477/2260/835 1429/2198/797
